seqid	start	end	strand	gene	locus_tag
CP000031.2	1	1869	+	gidA	SPO0001
CP000031.2	1866	2480	+	gidB	SPO0002
CP000031.2	2473	3276	+	parA	SPO0003
CP000031.2	3299	4189	+	parB	SPO0004
CP000031.2	4179	4532	-		SPO0005
CP000031.2	4536	5693	-		SPO0006
CP000031.2	5683	6297	-		SPO0007
CP000031.2	6294	7007	-	rph	SPO0008
CP000031.2	7130	8194	+	hrcA	SPO0009
CP000031.2	8205	8768	+	grpE	SPO0010
CP000031.2	8822	11455	-	mutS	SPO0011
CP000031.2	11598	13853	+	maeB	SPO0012
CP000031.2	13857	14729	+	rbsK	SPO0013
CP000031.2	14726	15388	-	msrA-1	SPO0014
CP000031.2	15491	16264	+		SPO0015
CP000031.2	16332	16613	-		SPO0016
CP000031.2	16689	17132	-		SPO0017
CP000031.2	17129	18358	-	argG	SPO0018
CP000031.2	18450	19280	+		SPO0019
CP000031.2	19338	20564	+	ilvA	SPO0020
CP000031.2	20571	20924	-		SPO0021
CP000031.2	21005	22342	+		SPO0022
CP000031.2	22329	22781	-		SPO0023
CP000031.2	22858	23838	+	hslO	SPO0024
CP000031.2	23831	24427	+		SPO0025
CP000031.2	24424	25578	+		SPO0026
CP000031.2	25770	27608	+		SPO0027
CP000031.2	27605	29437	+		SPO0028
CP000031.2	29456	30709	+	rumA	SPO0029
CP000031.2	30727	31503	+		SPO0030
CP000031.2	31568	32086	+		SPO0031
CP000031.2	32458	33366	+		SPO0033
CP000031.2	33377	34816	-		SPO0034
CP000031.2	34823	36502	-		SPO0035
CP000031.2	36520	37542	-		SPO0036
CP000031.2	37703	38752	-		SPO0037
CP000031.2	38766	39566	-	kdsB	SPO0038
CP000031.2	39567	40364	-	cysQ	SPO0039
CP000031.2	40483	41304	+		SPO0040
CP000031.2	41301	41885	+		SPO0041
CP000031.2	41882	42478	-		SPO0042
CP000031.2	42698	44611	+	dnaK	SPO0043
CP000031.2	44687	45832	+	dnaJ	SPO0044
CP000031.2	46122	46925	+	thiD	SPO0045
CP000031.2	46922	47899	+		SPO0046
CP000031.2	47883	48077	+	thiS	SPO0046a
CP000031.2	48081	48845	+	thiG	SPO0047
CP000031.2	48842	49438	+	thiE	SPO0048
CP000031.2	49417	50400	+		SPO0049
CP000031.2	50309	51349	+		SPO0050
CP000031.2	51382	52026	+		SPO0051
CP000031.2	51960	52751	+		SPO0052
CP000031.2	52706	53482	+		SPO0053
CP000031.2	53600	54274	+	radC	SPO0054
CP000031.2	54337	55893	-		SPO0055
CP000031.2	55919	56911	-		SPO0056
CP000031.2	57011	59716	-	secA	SPO0057
CP000031.2	59912	60742	+		SPO0058
CP000031.2	60750	61976	+	argJ	SPO0059
CP000031.2	61973	62371	+	mutT	SPO0060
CP000031.2	62848	65355	-	infB	SPO0061
CP000031.2	65364	65987	-		SPO0062
CP000031.2	66012	67637	-	nusA	SPO0063
CP000031.2	67637	68263	-		SPO0064
CP000031.2	68420	69241	-		SPO0065
CP000031.2	69238	70188	-	pip	SPO0066
CP000031.2	70268	71014	+	ubiG	SPO0067
CP000031.2	71105	71545	-		SPO0068
CP000031.2	71558	72388	-		SPO0069
CP000031.2	72385	72645	-		SPO0070
CP000031.2	72738	73466	-		SPO0071
CP000031.2	73483	74316	+		SPO0072
CP000031.2	74429	75424	+	hemH	SPO0073
CP000031.2	75521	75706	-		SPO0074
CP000031.2	75848	76474	-		SPO0075
CP000031.2	76609	77127	+		SPO0076
CP000031.2	77195	77659	-	ptsN	SPO0077
CP000031.2	77723	78286	-		SPO0078
CP000031.2	78536	79294	-		SPO0079
CP000031.2	79294	79785	-		SPO0080
CP000031.2	79789	80397	-		SPO0081
CP000031.2	80401	81369	-	kdsD	SPO0082
CP000031.2	81366	81980	-		SPO0083
CP000031.2	82247	83701	-	betB	SPO0084
CP000031.2	83874	84212	+		SPO0085
CP000031.2	84326	85588	+		SPO0086
CP000031.2	85616	86671	+		SPO0087
CP000031.2	86668	88158	+		SPO0088
CP000031.2	88160	89155	+		SPO0089
CP000031.2	89159	90235	+		SPO0090
CP000031.2	90242	91147	-		SPO0091
CP000031.2	91224	92447	-		SPO0092
CP000031.2	92595	93185	+	pncA	SPO0093
CP000031.2	93264	95495	+		SPO0094
CP000031.2	95526	96869	+	pncB	SPO0095
CP000031.2	96926	97840	-		SPO0096
CP000031.2	97843	99294	-		SPO0097
CP000031.2	99759	101357	-		SPO0098
CP000031.2	101354	102169	-		SPO0099
CP000031.2	102166	103113	-		SPO0100
CP000031.2	103222	104709	-		SPO0101
CP000031.2	104880	105719	+	panB	SPO0102
CP000031.2	105716	106573	+	panC	SPO0103
CP000031.2	106644	108122	+	glpK	SPO0104
CP000031.2	108119	109378	-		SPO0105
CP000031.2	109440	110210	-		SPO0106
CP000031.2	110244	112283	-	recQ	SPO0107
CP000031.2	112680	112952	-		SPO0108
CP000031.2	113139	114266	-		SPO0109
CP000031.2	114268	116994	-		SPO0110
CP000031.2	116991	118055	-		SPO0111
CP000031.2	118243	120084	+		SPO0112
CP000031.2	120115	120879	+	fabI-1	SPO0113
CP000031.2	120897	121097	+		SPO0114
CP000031.2	121130	122524	+		SPO0115
CP000031.2	122521	123705	+	ackA	SPO0116
CP000031.2	126237	127478	+		SPO0118
CP000031.2	127691	128194	-		SPO0119
CP000031.2	128242	129201	+		SPO0120
CP000031.2	130161	130448	-		SPO0122
CP000031.2	130602	131966	+		SPO0123
CP000031.2	131966	132847	+	mepA	SPO0124
CP000031.2	132820	133704	+		SPO0125
CP000031.2	133714	134445	+		SPO0126
CP000031.2	134704	135123	+		SPO0127
CP000031.2	135168	135923	+		SPO0128
CP000031.2	135951	136958	+		SPO0129
CP000031.2	137081	137494	+		SPO0130
CP000031.2	137668	138210	+		SPO0131
CP000031.2	138223	140442	-		SPO0132
CP000031.2	140575	146001	+		SPO0133
CP000031.2	145998	146564	+		SPO0134
CP000031.2	146554	148593	+	pbpC	SPO0135
CP000031.2	148600	150645	-		SPO0136
CP000031.2	150642	153404	-		SPO0137
CP000031.2	153401	154276	-		SPO0138
CP000031.2	154273	155280	-		SPO0139
CP000031.2	155346	155927	+		SPO0140
CP000031.2	155946	156515	-		SPO0141
CP000031.2	156963	158138	+	bktB	SPO0142
CP000031.2	158208	159194	-		SPO0143
CP000031.2	159233	160762	-	ubiB	SPO0144
CP000031.2	160766	161539	-	ubiE	SPO0145
CP000031.2	161604	162455	+	mutM	SPO0146
CP000031.2	162522	163298	+		SPO0147
CP000031.2	163518	163781	+	rpsT	SPO0148
CP000031.2	164331	165737	+	dnaA	SPO0149
CP000031.2	165999	167117	+	dnaN	SPO0150
CP000031.2	167177	168277	+	recF	SPO0151
CP000031.2	168274	168894	+		SPO0152
CP000031.2	168887	169474	-		SPO0153
CP000031.2	169581	170174	+		SPO0154
CP000031.2	170259	172676	+	gyrB	SPO0155
CP000031.2	172724	174295	-	rtcR	SPO0156
CP000031.2	174344	176026	+		SPO0157
CP000031.2	176231	176306	+		SPO_tRNA-Gln-1
CP000031.2	176312	176389	+		SPO_tRNA-Pro-2
CP000031.2	177007	178419	+		SPO0160
CP000031.2	178533	179147	-		SPO0161
CP000031.2	179479	179967	+		SPO0162
CP000031.2	180023	182494	+		SPO0163
CP000031.2	182491	184470	-		SPO0164
CP000031.2	184467	185198	-		SPO0165
CP000031.2	185200	187245	-		SPO0166
CP000031.2	187255	188823	-		SPO0167
CP000031.2	188930	189568	+		SPO0168
CP000031.2	189622	190320	+		SPO0169
CP000031.2	190330	192417	+	flhA	SPO0170
CP000031.2	192414	193187	+	fliR	SPO0171
CP000031.2	193184	194272	+	flhB	SPO0172
CP000031.2	194266	194679	+		SPO0173
CP000031.2	194774	195310	-		SPO0174
CP000031.2	195319	196059	-	flgH	SPO0175
CP000031.2	196056	196472	-	flgA	SPO0176
CP000031.2	196472	197257	-	flgG	SPO0177
CP000031.2	197281	197931	-	flgF	SPO0178
CP000031.2	197995	198267	-	fliQ	SPO0179
CP000031.2	198271	198561	-		SPO0180
CP000031.2	198574	198981	-	flgC	SPO0181
CP000031.2	198978	199394	-	flgB	SPO0182
CP000031.2	199455	200792	+	fliI	SPO0183
CP000031.2	200811	202328	-		SPO0184
CP000031.2	202330	202956	-		SPO0185
CP000031.2	203121	204098	-		SPO0186
CP000031.2	204208	204873	+		SPO0187
CP000031.2	204870	206255	+		SPO0188
CP000031.2	206225	207250	+		SPO0189
CP000031.2	207330	208943	+		SPO0190
CP000031.2	209006	209863	+	motB	SPO0191
CP000031.2	209965	211260	+		SPO0192
CP000031.2	211299	212750	+		SPO0193
CP000031.2	212754	213761	+		SPO0194
CP000031.2	213758	214858	+	flgI	SPO0195
CP000031.2	215016	215759	-	fliP	SPO0196
CP000031.2	215756	216085	-	fliN	SPO0197
CP000031.2	216042	216632	-		SPO0198
CP000031.2	216632	218236	-	fliF	SPO0199
CP000031.2	218355	218861	+	fliL	SPO0200
CP000031.2	218871	219290	+		SPO0201
CP000031.2	219287	219877	+		SPO0202
CP000031.2	219941	220810	+	motA	SPO0203
CP000031.2	220807	223038	+		SPO0204
CP000031.2	223341	224723	-		SPO0205
CP000031.2	224915	225808	+		SPO0206
CP000031.2	225805	228222	-		SPO0207
CP000031.2	228692	228768	-		SPO_tRNA-Pro-3
CP000031.2	228804	230498	+		SPO0209
CP000031.2	230495	231598	-	leuB	SPO0210
CP000031.2	231701	232597	-		SPO0211
CP000031.2	232689	233597	+		SPO0212
CP000031.2	233547	234620	-		SPO0213
CP000031.2	234617	235450	-		SPO0214
CP000031.2	235799	236404	-	leuD-1	SPO0215
CP000031.2	236489	237895	-	leuC-1	SPO0216
CP000031.2	237948	238112	-		SPO0217
CP000031.2	238133	239485	+		SPO0218
CP000031.2	239625	240011	+		SPO0219
CP000031.2	240058	240528	+		SPO0220
CP000031.2	240537	241022	+		SPO0221
CP000031.2	241109	242224	-	ald	SPO0222
CP000031.2	242364	242822	+		SPO0223
CP000031.2	242986	243903	+		SPO0224
CP000031.2	243987	244499	-		SPO0225
CP000031.2	244548	245786	+		SPO0226
CP000031.2	245787	247157	-		SPO0227
CP000031.2	247265	248473	+		SPO0228
CP000031.2	248574	248780	-	rpsU	SPO0229
CP000031.2	248890	249570	+		SPO0230
CP000031.2	249647	250630	+		SPO0231
CP000031.2	250710	251693	+		SPO0232
CP000031.2	251746	252174	+		SPO0233
CP000031.2	252290	253396	+	lysdh	SPO0234
CP000031.2	253400	254914	+	aasadh	SPO0235
CP000031.2	255034	255972	-		SPO0236
CP000031.2	255969	257024	-	upgC	SPO0237
CP000031.2	257035	257886	-	ugpE	SPO0238
CP000031.2	257886	258806	-	ugpA	SPO0239
CP000031.2	258851	260236	-	ugpB	SPO0240
CP000031.2	260302	261231	+		SPO0241
CP000031.2	261910	263364	+	rrsA	SPO_Sp16SA
CP000031.2	263580	263656	+		SPO_tRNA-Ile-1
CP000031.2	263730	263805	+		SPO_tRNA-Ala-1
CP000031.2	264255	267149	+	rrlA	SPO_Sp23SA
CP000031.2	267353	267470	+	rrfD	SPO_Sp5SD
CP000031.2	267660	269588	-	dxs	SPO0247
CP000031.2	269616	270482	-	ispA	SPO0248
CP000031.2	270485	270703	-	xseB	SPO0249
CP000031.2	270724	271650	-		SPO0250
CP000031.2	271676	272377	-	petR	SPO0251
CP000031.2	272374	272886	-	petP	SPO0252
CP000031.2	273044	273910	+	ilvE	SPO0253
CP000031.2	273966	274406	-	ohr	SPO0254
CP000031.2	274505	274942	+		SPO0255
CP000031.2	274955	275284	-		SPO0256
CP000031.2	275275	275799	-		SPO0257
CP000031.2	275937	276917	+		SPO0258
CP000031.2	276985	277395	+		SPO0259
CP000031.2	277569	279137	+		SPO0260
CP000031.2	279220	280086	-		SPO0261
CP000031.2	280092	280691	-	cobO	SPO0262
CP000031.2	280748	281791	-		SPO0263
CP000031.2	281790	283121	+		SPO0264
CP000031.2	283122	284063	-		SPO0265
CP000031.2	284060	284764	-		SPO0266
CP000031.2	284706	285806	-	aroC	SPO0267
CP000031.2	285959	286696	-	ribH-1	SPO0268
CP000031.2	286691	287305	+		SPO0269
CP000031.2	287383	287994	+		SPO0270
CP000031.2	288197	288760	+	petA	SPO0271
CP000031.2	288773	290101	+	petB	SPO0272
CP000031.2	290120	290983	+	petC	SPO0273
CP000031.2	291065	291460	+		SPO0274
CP000031.2	291467	292033	+		SPO0275
CP000031.2	292054	292551	+		SPO0276
CP000031.2	292631	293887	-		SPO0277
CP000031.2	293884	294693	-	dapF	SPO0278
CP000031.2	294934	295009	+		SPO_tRNA-Lys-2
CP000031.2	295170	295337	+		SPO0280
CP000031.2	295450	295923	-		SPO0281
CP000031.2	296104	296379	-		SPO0282
CP000031.2	296376	296987	-		SPO0283
CP000031.2	296987	298276	-		SPO0284
CP000031.2	298273	298659	-		SPO0285
CP000031.2	298644	299168	-		SPO0286
CP000031.2	299165	300100	-	pyrB	SPO0287
CP000031.2	300846	301631	+	udgA	SPO0288
CP000031.2	301631	302230	+		SPO0289
CP000031.2	302227	302847	+		SPO0290
CP000031.2	302852	303394	+		SPO0291
CP000031.2	303491	304948	+		SPO0292
CP000031.2	304955	308356	+		SPO0293
CP000031.2	308364	308783	-		SPO0294
CP000031.2	308787	309605	-		SPO0295
CP000031.2	309710	310294	+		SPO0296
CP000031.2	310446	311396	-		SPO0297
CP000031.2	311525	313228	+		SPO0298
CP000031.2	313225	314274	+		SPO0299
CP000031.2	314278	314733	+		SPO0300
CP000031.2	314804	316648	+		SPO0301
CP000031.2	316617	317195	+		SPO0302
CP000031.2	317258	317392	+		SPO0303
CP000031.2	317412	318029	+		SPO0304
CP000031.2	318368	319084	-		SPO0305
CP000031.2	319140	320021	+	fdhD	SPO0306
CP000031.2	320619	321254	+	mobA	SPO0307
CP000031.2	321251	321742	+	mobB	SPO0308
CP000031.2	321739	322539	+		SPO0309
CP000031.2	322536	323795	+	moeA	SPO0310
CP000031.2	323819	324826	-		SPO0311
CP000031.2	324840	325310	-	greA	SPO0312
CP000031.2	325446	325826	-		SPO0313
CP000031.2	325911	326366	+	soxR	SPO0314
CP000031.2	326374	326682	-		SPO0315
CP000031.2	326914	328560	+		SPO0316
CP000031.2	328606	330441	+		SPO0317
CP000031.2	330431	331270	+	ispE	SPO0318
CP000031.2	331351	332349	-	ddsA	SPO0319
CP000031.2	332406	332621	+		SPO0320
CP000031.2	332618	333391	+		SPO0321
CP000031.2	333505	333669	+		SPO0322
CP000031.2	333666	334532	-		SPO0323
CP000031.2	334529	335476	-		SPO0324
CP000031.2	335827	336549	-	phbB	SPO0325
CP000031.2	336736	337911	-	phbA	SPO0326
CP000031.2	338082	338921	-		SPO0327
CP000031.2	339136	340068	-		SPO0328
CP000031.2	340065	340484	-		SPO0329
CP000031.2	340918	341967	+	ccpA	SPO0330
CP000031.2	342014	342577	-		SPO0331
CP000031.2	342602	343993	+	argH	SPO0332
CP000031.2	343990	344172	+		SPO0333
CP000031.2	344379	345644	+	lysA	SPO0334
CP000031.2	345684	348242	+		SPO0335
CP000031.2	348262	349101	-		SPO0336
CP000031.2	349240	349971	+	ftsE	SPO0337
CP000031.2	349968	350867	+		SPO0338
CP000031.2	350864	351595	+		SPO0339
CP000031.2	351721	353109	-	lpdA	SPO0340
CP000031.2	353181	353450	-		SPO0342
CP000031.2	353635	355143	-	sucB	SPO0343
CP000031.2	355147	358104	-	sucA	SPO0344
CP000031.2	358122	358784	-		SPO0344a
CP000031.2	358880	359431	-		SPO0345
CP000031.2	359481	360365	-	sucD	SPO0346
CP000031.2	360402	360911	-		SPO0346a
CP000031.2	360913	362106	-		SPO0347
CP000031.2	362383	363507	+		SPO0348
CP000031.2	363558	364520	-	mdh	SPO0349
CP000031.2	364683	365438	+		SPO0350
CP000031.2	365521	365835	-		SPO0351
CP000031.2	366147	367004	+	citE	SPO0352
CP000031.2	367011	367565	+		SPO0353
CP000031.2	367576	367782	+		SPO0354
CP000031.2	367782	368810	+		SPO0355
CP000031.2	368789	369547	+		SPO0356
CP000031.2	369582	370244	+		SPO0357
CP000031.2	370463	370849	+	sdhC	SPO0358
CP000031.2	370862	371233	+	sdhD	SPO0359
CP000031.2	371250	373055	+	sdhA	SPO0360
CP000031.2	373055	373336	+		SPO0360a
CP000031.2	373340	374119	+	sdhB	SPO0361
CP000031.2	374164	376323	+		SPO0362
CP000031.2	376576	376791	+		SPO0363
CP000031.2	377206	378387	+		SPO0364
CP000031.2	378468	379325	+		SPO0365
CP000031.2	379410	380120	-	deoD	SPO0366
CP000031.2	380136	380453	-		SPO0367
CP000031.2	380565	382565	-		SPO0368
CP000031.2	382532	384115	+		SPO0369
CP000031.2	384226	385512	+	ccrA	SPO0370
CP000031.2	385883	386602	+	luxR-1	SPO0371
CP000031.2	386685	387323	+		SPO0372
CP000031.2	387521	388918	+		SPO0373
CP000031.2	389073	389870	-		SPO0374
CP000031.2	389848	390798	-		SPO0375
CP000031.2	390860	391828	-		SPO0376
CP000031.2	391825	392919	-		SPO0377
CP000031.2	392919	394448	-		SPO0378
CP000031.2	394572	395570	-		SPO0379
CP000031.2	395729	396142	-		SPO0380
CP000031.2	396139	396729	-		SPO0381
CP000031.2	396719	397282	-		SPO0382
CP000031.2	397406	398020	-		SPO0383
CP000031.2	398149	398739	+		SPO0384
CP000031.2	398793	399386	-		SPO0385
CP000031.2	399394	399864	-		SPO0386
CP000031.2	399889	400953	-		SPO0387
CP000031.2	400950	401813	-		SPO0388
CP000031.2	401873	402334	-		SPO0389
CP000031.2	402464	403513	+		SPO0390
CP000031.2	403532	404017	-	bphC3	SPO0391
CP000031.2	404139	405155	-	trpS	SPO0392
CP000031.2	405115	405927	+		SPO0393
CP000031.2	405948	406139	-		SPO0394
CP000031.2	406211	406795	-		SPO0395
CP000031.2	406792	408333	-	mviN	SPO0396
CP000031.2	408330	411056	-	glnD	SPO0397
CP000031.2	411124	412299	-		SPO0398
CP000031.2	412384	413241	+		SPO0399
CP000031.2	413243	413614	+		SPO0400
CP000031.2	413677	414609	+	gshB	SPO0401
CP000031.2	414677	416191	-	comM	SPO0402
CP000031.2	416250	417125	-		SPO0403
CP000031.2	417186	417764	-		SPO0404
CP000031.2	417761	418285	-		SPO0405
CP000031.2	418384	419262	+	rpoH-1	SPO0406
CP000031.2	419259	420083	+		SPO0407
CP000031.2	420163	421359	+	coaBC	SPO0408
CP000031.2	421423	421878	+	dut	SPO0409
CP000031.2	421878	422918	+		SPO0410
CP000031.2	422854	423549	+		SPO0411
CP000031.2	423669	424136	-		SPO0412
CP000031.2	424229	425440	-		SPO0413
CP000031.2	425562	427577	+		SPO0414
CP000031.2	427642	428574	-		SPO0415
CP000031.2	428594	429733	-	mreD	SPO0416
CP000031.2	429730	431676	-	pbpA	SPO0417
CP000031.2	431678	432214	-		SPO0418
CP000031.2	432207	433142	-	mreC	SPO0419
CP000031.2	433204	434250	-	mreB	SPO0420
CP000031.2	434416	435201	+		SPO0421
CP000031.2	435291	436865	-	leuA	SPO0422
CP000031.2	437092	437673	-		SPO0423
CP000031.2	437751	438938	+		SPO0424
CP000031.2	438976	440388	-		SPO0425
CP000031.2	440542	442200	+	nadE	SPO0426
CP000031.2	442341	443000	+		SPO0427
CP000031.2	443116	444447	+		SPO0428
CP000031.2	444464	445396	-		SPO0429
CP000031.2	445622	446953	+	gltX-1	SPO0430
CP000031.2	447047	447616	-		SPO0431
CP000031.2	447721	448167	+		SPO0432
CP000031.2	448191	450707	-		SPO0433
CP000031.2	450704	451399	-		SPO0434
CP000031.2	451448	452083	+		SPO0435
CP000031.2	452085	452702	+		SPO0436
CP000031.2	452742	452948	-		SPO0437
CP000031.2	453151	453708	-		SPO0438
CP000031.2	453771	454187	-		SPO0439
CP000031.2	454284	454676	+		SPO0440
CP000031.2	454811	455152	+		SPO0441
CP000031.2	455224	455649	+		SPO0442
CP000031.2	455724	455942	+		SPO0443
CP000031.2	455955	456170	-		SPO0444
CP000031.2	456283	456858	+		SPO0445
CP000031.2	456890	458545	-		SPO0446
CP000031.2	458806	459792	+		SPO0447
CP000031.2	459926	460420	+		SPO0448
CP000031.2	460454	461095	+	nadD	SPO0449
CP000031.2	461048	461875	-		SPO0450
CP000031.2	461960	463450	+	dacB	SPO0451
CP000031.2	463501	463923	-		SPO0452
CP000031.2	464016	464474	-	dddW	SPO0453
CP000031.2	464569	465450	+		SPO0454
CP000031.2	465480	467126	+	lysS	SPO0455
CP000031.2	467237	467545	+		SPO0456
CP000031.2	467598	467999	+		SPO0457
CP000031.2	467966	470359	-		SPO0458
CP000031.2	468056	470425	+		SPO0459
CP000031.2	470475	471332	-		SPO0460
CP000031.2	471280	471909	+		SPO0461
CP000031.2	471959	472285	+		SPO0462
CP000031.2	472365	472772	+		SPO0463
CP000031.2	472839	473417	+		SPO0464
CP000031.2	473414	473896	-		SPO0465
CP000031.2	473906	474685	-		SPO0466
CP000031.2	474743	475453	-		SPO0467
CP000031.2	475557	476012	+	phnG	SPO0468
CP000031.2	476009	476587	+	phnH	SPO0469
CP000031.2	476591	477682	+	phnI	SPO0470
CP000031.2	477762	478598	+	phnJ	SPO0471
CP000031.2	478684	479454	+	phnK	SPO0472
CP000031.2	479522	480205	+	phnL	SPO0473
CP000031.2	480202	480750	+	phnN	SPO0474
CP000031.2	480732	481415	-		SPO0475
CP000031.2	481469	482611	+	phnM	SPO0476
CP000031.2	482616	483182	-		SPO0477
CP000031.2	483205	483456	+		SPO0478
CP000031.2	483607	484674	+		SPO0479
CP000031.2	485387	485463	-		SPO_tRNA-Arg-2
CP000031.2	485499	485975	-		SPO0481
CP000031.2	485983	486294	-		SPO0482
CP000031.2	486480	487127	-		SPO0483
CP000031.2	487568	488410	+	rplB	SPO0484
CP000031.2	488414	488692	+	rpsS	SPO0485
CP000031.2	488696	489076	+	rplV	SPO0486
CP000031.2	489076	489783	+	rpsC	SPO0487
CP000031.2	489796	490209	+	rplP	SPO0488
CP000031.2	491490	492839	-		SPO0489
CP000031.2	493432	494433	+		SPO0490
CP000031.2	494499	495119	+		SPO0491
CP000031.2	495167	495532	+		SPO0491a
CP000031.2	495649	496491	+		SPO0492
CP000031.2	496675	496875	+	rpmC	SPO0493
CP000031.2	496888	497118	+	rpsQ	SPO0494
CP000031.2	497221	497589	+	rplN	SPO0495
CP000031.2	497592	497903	+	rplX	SPO0496
CP000031.2	497896	498456	+	rplE	SPO0497
CP000031.2	498474	498779	+	rpsN	SPO0498
CP000031.2	498792	499184	+	rpsH	SPO0499
CP000031.2	499197	499730	+	rplF	SPO0500
CP000031.2	499742	500101	+	rplR	SPO0501
CP000031.2	500214	500786	+	rpsE	SPO0502
CP000031.2	500799	500987	+	rpmD	SPO0503
CP000031.2	501090	501713	+		SPO0504
CP000031.2	501740	502174	+		SPO0504a
CP000031.2	502959	503432	+	rplO	SPO0505
CP000031.2	503545	504912	+	secY	SPO0506
CP000031.2	504909	505550	+	adk-1	SPO0507
CP000031.2	505599	506672	+		SPO0508
CP000031.2	506867	507235	+	rpsM	SPO0509
CP000031.2	507251	507643	+	rpsK	SPO0510
CP000031.2	507760	508776	+	rpoA	SPO0511
CP000031.2	508954	509376	+	rplQ	SPO0512
CP000031.2	509484	509891	+		SPO0513
CP000031.2	509955	511337	+		SPO0514
CP000031.2	511341	512657	+		SPO0515
CP000031.2	512820	513863	+	rluC	SPO0516
CP000031.2	513860	514531	+		SPO0517
CP000031.2	514528	515244	+		SPO0518
CP000031.2	515315	516457	+		SPO0519
CP000031.2	516592	517860	+		SPO0520
CP000031.2	517862	519175	+		SPO0521
CP000031.2	519186	519977	+		SPO0522
CP000031.2	520026	520535	-		SPO0523
CP000031.2	520532	521167	-		SPO0524
CP000031.2	521164	521958	-		SPO0525
CP000031.2	522016	522879	-	argB	SPO0526
CP000031.2	522955	523722	+		SPO0527
CP000031.2	523761	525158	-		SPO0528
CP000031.2	525224	525592	-		SPO0529
CP000031.2	525589	526242	-		SPO0530
CP000031.2	526239	526976	-		SPO0531
CP000031.2	526973	528802	-		SPO0532
CP000031.2	528927	530468	-		SPO0533
CP000031.2	530541	531425	-		SPO0534
CP000031.2	531470	532399	-		SPO0535
CP000031.2	532528	532785	-		SPO0536
CP000031.2	532846	533271	-		SPO0537
CP000031.2	533296	533445	-	rpmH	SPO0538
CP000031.2	533672	534469	+		SPO0539
CP000031.2	534469	535887	+		SPO0540
CP000031.2	535901	537286	+		SPO0541
CP000031.2	537350	537426	+		SPO_tRNA-Arg-3
CP000031.2	537802	539055	-		SPO0543
CP000031.2	539068	541503	-		SPO0544
CP000031.2	541827	544025	+	uvrB	SPO0545
CP000031.2	544149	544619	+		SPO0546
CP000031.2	544720	545253	-		SPO0547
CP000031.2	545461	545724	+		SPO0548
CP000031.2	545732	546238	-		SPO0549
CP000031.2	546205	546969	-		SPO0550
CP000031.2	546966	548105	-		SPO0551
CP000031.2	548102	548686	-		SPO0552
CP000031.2	548683	549762	-		SPO0553
CP000031.2	549765	551009	-		SPO0554
CP000031.2	551006	552220	-		SPO0555
CP000031.2	552230	553540	-		SPO0556
CP000031.2	553643	556090	+		SPO0557
CP000031.2	556181	557332	-		SPO0558
CP000031.2	557329	558357	-		SPO0559
CP000031.2	558370	560286	-		SPO0560
CP000031.2	560279	562051	-		SPO0561
CP000031.2	562275	562796	+		SPO0562
CP000031.2	562897	563526	+		SPO0563
CP000031.2	563718	566126	+		SPO0564
CP000031.2	566123	567646	+		SPO0565
CP000031.2	567709	568332	+		SPO0566
CP000031.2	568329	569633	+		SPO0567
CP000031.2	569855	573268	-		SPO0568
CP000031.2	573419	573877	+		SPO0569
CP000031.2	574059	576395	+		SPO0570
CP000031.2	576429	581300	+		SPO0571
CP000031.2	581383	583098	+		SPO0572
CP000031.2	583201	583596	-		SPO0573
CP000031.2	583706	586804	+		SPO0574
CP000031.2	586900	588057	-	acdA-1	SPO0575
CP000031.2	588054	588683	-		SPO0576
CP000031.2	588797	590560	+		SPO0577
CP000031.2	590573	592192	+		SPO0578
CP000031.2	592192	594174	+		SPO0579
CP000031.2	594171	595301	+		SPO0580
CP000031.2	595304	596095	+		SPO0581
CP000031.2	596200	597357	+	acdA-2	SPO0582
CP000031.2	597540	598421	-		SPO0583
CP000031.2	598519	599682	+	aspC-1	SPO0584
CP000031.2	599692	601914	+		SPO0585
CP000031.2	601911	602948	+		SPO0586
CP000031.2	602992	604269	+		SPO0587
CP000031.2	604263	605174	-		SPO0588
CP000031.2	605196	608468	+		SPO0589
CP000031.2	608478	609506	-	hpsR	SPO0590
CP000031.2	609872	611017	+	hpsK	SPO0591
CP000031.2	611097	611639	+	hpsL	SPO0592
CP000031.2	611650	612978	+	hpsM	SPO0593
CP000031.2	612991	614298	+	hpsN	SPO0594
CP000031.2	614291	615052	+	hpsO	SPO0595
CP000031.2	615049	616047	+	hpsP	SPO0596
CP000031.2	616051	616455	+	hpsQ	SPO0597
CP000031.2	616496	617611	+	slcD	SPO0598
CP000031.2	617618	618466	-	speB-1	SPO0599
CP000031.2	618463	619632	-	nspC	SPO0600
CP000031.2	619737	620948	-		SPO0601
CP000031.2	620974	622959	-	speA	SPO0602
CP000031.2	623032	623346	-		SPO0603
CP000031.2	623375	623752	-		SPO0604
CP000031.2	623755	624207	-		SPO0605
CP000031.2	624480	626168	+		SPO0606
CP000031.2	626168	627193	+		SPO0607
CP000031.2	627307	629085	+		SPO0608
CP000031.2	629200	630264	+		SPO0609
CP000031.2	630272	631357	+		SPO0610
CP000031.2	631354	632217	+		SPO0611
CP000031.2	632229	633026	+		SPO0612
CP000031.2	633026	633304	+		SPO0613
CP000031.2	633392	633787	+		SPO0614
CP000031.2	633777	634910	+		SPO0615
CP000031.2	634996	635988	+		SPO0616
CP000031.2	636093	636167	+		SPO_tRNA-Gln-2
CP000031.2	636307	637353	-		SPO0618
CP000031.2	637521	638717	+		SPO0619
CP000031.2	638751	639377	+		SPO0620
CP000031.2	639826	641367	+		SPO0621
CP000031.2	641832	642890	-		SPO0622
CP000031.2	642985	643533	-		SPO0623
CP000031.2	643540	644166	-		SPO0624
CP000031.2	648528	649043	-		SPO0628
CP000031.2	649155	649751	+		SPO0628a
CP000031.2	650051	650944	-		SPO0629
CP000031.2	652364	652888	-		SPO0631
CP000031.2	653026	654012	+		SPO0632
CP000031.2	654248	656041	+	ggt	SPO0633
CP000031.2	656145	657542	+		SPO0634
CP000031.2	657753	660260	+		SPO0635
CP000031.2	660313	660849	-		SPO0636
CP000031.2	660903	661019	-		SPO0637
CP000031.2	661052	661669	-		SPO0638
CP000031.2	661738	662595	+		SPO0639
CP000031.2	662592	662927	-		SPO0640
CP000031.2	662996	663646	-		SPO0641
CP000031.2	663643	664713	-		SPO0642
CP000031.2	664710	665648	-		SPO0643
CP000031.2	665776	666201	+		SPO0644
CP000031.2	666205	667443	+		SPO0645
CP000031.2	667489	667896	-		SPO0646
CP000031.2	667893	668198	-		SPO0647
CP000031.2	668374	669447	-		SPO0648
CP000031.2	669501	670421	-		SPO0649
CP000031.2	670425	671507	-		SPO0650
CP000031.2	671562	673079	-		SPO0651
CP000031.2	673076	674044	-	xdhC	SPO0652
CP000031.2	674034	676364	-	xdhB	SPO0653
CP000031.2	676361	677746	-	xdhA	SPO0654
CP000031.2	678062	678826	-		SPO0655
CP000031.2	678962	682525	+	dnaE	SPO0656
CP000031.2	682532	683428	-	naaT	SPO0657
CP000031.2	683428	685071	-	naaS	SPO0658
CP000031.2	685170	686102	+	naaR	SPO0659
CP000031.2	686222	687796	+	naaA	SPO0660
CP000031.2	687864	688841	+	naaB	SPO0661
CP000031.2	688838	689725	+	naaB'	SPO0662
CP000031.2	689662	690714	+	naaC	SPO0663
CP000031.2	690715	691713	+	naaC'	SPO0664
CP000031.2	691742	691936	-		SPO0665
CP000031.2	692041	692844	+		SPO0666
CP000031.2	692934	694421	+	hisS	SPO0667
CP000031.2	694418	695506	+		SPO0668
CP000031.2	695503	696195	+		SPO0669
CP000031.2	696284	699589	-		SPO0670
CP000031.2	699586	700959	-		SPO0671
CP000031.2	700979	701554	-		SPO0672
CP000031.2	701700	703097	-	tpa	SPO0673
CP000031.2	703492	704502	+	tauA	SPO0674
CP000031.2	704611	705417	+	tauB	SPO0675
CP000031.2	705816	706688	+	tauC	SPO0676
CP000031.2	706830	708458	+		SPO0677
CP000031.2	708545	709504	-		SPO0678
CP000031.2	709635	710276	-	hmgC	SPO0679
CP000031.2	710423	710968	-		SPO0680
CP000031.2	710974	711168	-		SPO0681
CP000031.2	711174	712787	-		SPO0682
CP000031.2	713008	713958	-		SPO0683
CP000031.2	713962	714321	-		SPO0684
CP000031.2	714329	715582	-	hmgB	SPO0685
CP000031.2	715656	717011	-	hmgA	SPO0686
CP000031.2	717070	717522	+		SPO0687
CP000031.2	717597	718844	+		SPO0688
CP000031.2	718845	719654	-		SPO0689
CP000031.2	720122	720451	-		SPO0690
CP000031.2	720510	721415	-	era	SPO0691
CP000031.2	721598	722983	+		SPO0692
CP000031.2	723038	724732	-		SPO0693
CP000031.2	724857	725420	-		SPO0694
CP000031.2	725429	725722	-		SPO0695
CP000031.2	726005	726080	-		SPO_tRNA-Val-2
CP000031.2	726144	727223	-	modC	SPO0697
CP000031.2	727220	727912	-	modB	SPO0698
CP000031.2	727916	728680	-	modA	SPO0699
CP000031.2	728731	729153	-		SPO0700
CP000031.2	729187	730212	-	gap-1	SPO0701
CP000031.2	730360	731346	-		SPO0702
CP000031.2	731343	732338	-		SPO0703
CP000031.2	732335	733459	-		SPO0704
CP000031.2	733464	734468	-		SPO0705
CP000031.2	734529	736568	-		SPO0706
CP000031.2	736565	737440	-		SPO0707
CP000031.2	737678	739048	+		SPO0708
CP000031.2	739099	740697	-	pckA	SPO0709
CP000031.2	741038	741742	+	chvI	SPO0710
CP000031.2	741776	743485	+	chvG	SPO0711
CP000031.2	743433	743951	+		SPO0712
CP000031.2	743983	744837	+		SPO0713
CP000031.2	744834	745226	+		SPO0714
CP000031.2	745243	745512	+		SPO0715
CP000031.2	745551	746438	+		SPO0716
CP000031.2	746530	747405	-	bhbD	SPO0717
CP000031.2	747562	748404	+		SPO0718
CP000031.2	748464	749393	-	etfA	SPO0719
CP000031.2	749393	750151	-	etfB	SPO0720
CP000031.2	750350	750715	+		SPO0721
CP000031.2	750882	751454	-		SPO0722
CP000031.2	751458	751658	-		SPO0723
CP000031.2	751737	752564	-		SPO0724
CP000031.2	752640	753275	-		SPO0725
CP000031.2	753491	755839	+	parC	SPO0726
CP000031.2	755808	756530	+		SPO0727
CP000031.2	756638	757813	+	tuf-1	SPO0728
CP000031.2	758045	758746	-		SPO0729
CP000031.2	758889	758964	+		SPO_tRNA-Trp-2
CP000031.2	759231	760004	+	glpR	SPO0731
CP000031.2	759997	761568	+	glpD	SPO0732
CP000031.2	761581	762558	-		SPO0733
CP000031.2	762660	763460	-		SPO0734
CP000031.2	763539	765560	-	paaZ	SPO0735
CP000031.2	765717	767069	-		SPO0736
CP000031.2	767066	767572	-		SPO0737
CP000031.2	767629	768648	-		SPO0738
CP000031.2	768720	770765	-		SPO0739
CP000031.2	770868	771653	+	paaB	SPO0740
CP000031.2	771656	772084	+	paaD	SPO0741
CP000031.2	772100	773410	+	paaF	SPO0742
CP000031.2	773414	774010	+		SPO0743
CP000031.2	774969	776690	-		SPO0744
CP000031.2	776691	778907	-		SPO0745
CP000031.2	778867	780237	-		SPO0746
CP000031.2	780324	782021	+		SPO0747
CP000031.2	782078	783100	-		SPO0748
CP000031.2	783081	783650	-		SPO0749
CP000031.2	784281	785039	+		SPO0750
CP000031.2	785122	786294	-		SPO0751
CP000031.2	786572	787330	-		SPO0752
CP000031.2	787341	788414	-	paaK	SPO0753
CP000031.2	788425	788886	-	paaJ	SPO0754
CP000031.2	788891	789652	-	paaI	SPO0755
CP000031.2	789652	789936	-	paaH	SPO0756
CP000031.2	790030	791022	-	paaG	SPO0757
CP000031.2	791038	792240	-		SPO0758
CP000031.2	792462	792785	-		SPO0759
CP000031.2	792823	793218	-		SPO0760
CP000031.2	793222	794040	-		SPO0761
CP000031.2	794235	794885	+		SPO0762
CP000031.2	794967	795680	-		SPO0763
CP000031.2	795779	797038	+		SPO0764
CP000031.2	797078	798367	+		SPO0765
CP000031.2	798378	798692	+		SPO0766
CP000031.2	798877	799569	+		SPO0767
CP000031.2	799572	800345	-		SPO0768
CP000031.2	800419	801459	+		SPO0769
CP000031.2	801481	802047	+		SPO0770
CP000031.2	802047	803666	+		SPO0771
CP000031.2	803808	805904	+		SPO0772
CP000031.2	805904	807079	+		SPO0773
CP000031.2	807186	808376	+		SPO0774
CP000031.2	808382	809509	+		SPO0775
CP000031.2	809490	809915	+		SPO0776
CP000031.2	809915	810682	+		SPO0777
CP000031.2	810705	812195	+		SPO0778
CP000031.2	812451	813140	-	rpe	SPO0779
CP000031.2	813315	814136	+	phoC	SPO0780
CP000031.2	814165	815100	+	phnD	SPO0781
CP000031.2	815166	816047	+	phoE	SPO0782
CP000031.2	816044	817414	+	phnE	SPO0783
CP000031.2	817436	818050	+		SPO0784
CP000031.2	818128	818982	+		SPO0785
CP000031.2	819039	819443	+		SPO0786
CP000031.2	819425	820081	-	gph-1	SPO0787
CP000031.2	820376	821296	-		SPO0788
CP000031.2	821480	821647	+		SPO0789
CP000031.2	821644	822087	+		SPO0790
CP000031.2	822092	825148	-		SPO0791
CP000031.2	825264	826136	-		SPO0792
CP000031.2	826232	826621	-	cueR	SPO0793
CP000031.2	826632	829118	-		SPO0794
CP000031.2	829200	829955	-		SPO0795
CP000031.2	829952	830875	-		SPO0796
CP000031.2	830872	831774	-		SPO0797
CP000031.2	831771	833087	-		SPO0798
CP000031.2	833155	833817	+		SPO0799
CP000031.2	833886	835334	-		SPO0800
CP000031.2	835352	836959	-	fadD	SPO0801
CP000031.2	837241	838917	+	rpsA	SPO0802
CP000031.2	839255	839722	-		SPO0803
CP000031.2	840120	840404	+	ihfB	SPO0804
CP000031.2	840408	840764	+		SPO0805
CP000031.2	840773	841423	+	trpF	SPO0806
CP000031.2	841539	841718	+		SPO0807
CP000031.2	841824	843074	+	trpB	SPO0808
CP000031.2	843087	843464	-		SPO0809
CP000031.2	843474	844637	-		SPO0810
CP000031.2	844716	845435	-	pth	SPO0811
CP000031.2	845577	846200	-	rplY	SPO0812
CP000031.2	846326	847489	-		SPO0813
CP000031.2	847598	848041	+		SPO0814
CP000031.2	848045	848836	-	trpA	SPO0815
CP000031.2	848915	849403	-		SPO0816
CP000031.2	849587	850684	+	ychF	SPO0817
CP000031.2	850681	851280	-		SPO0818
CP000031.2	851410	852576	+		SPO0819
CP000031.2	852621	853733	+		SPO0820
CP000031.2	853728	854165	-		SPO0821
CP000031.2	854228	854959	-		SPO0822
CP000031.2	854922	855695	-		SPO0823
CP000031.2	855692	857536	-		SPO0824
CP000031.2	857604	858914	-		SPO0825
CP000031.2	858911	859492	-		SPO0826
CP000031.2	859489	860076	-		SPO0827
CP000031.2	860063	860932	-		SPO0828
CP000031.2	860929	862422	-		SPO0829
CP000031.2	862415	865162	-		SPO0830
CP000031.2	865159	865986	-		SPO0831
CP000031.2	866160	867017	+		SPO0832
CP000031.2	867102	868805	+		SPO0833
CP000031.2	868807	871584	+		SPO0834
CP000031.2	871765	872559	+		SPO0835
CP000031.2	872581	873096	+		SPO0836
CP000031.2	873205	874338	+		SPO0837
CP000031.2	874893	875657	+		SPO0838
CP000031.2	875693	876628	+		SPO0839
CP000031.2	876721	878004	+		SPO0840
CP000031.2	878015	879373	-		SPO0841
CP000031.2	879590	880795	+		SPO0842
CP000031.2	880835	881680	-		SPO0843
CP000031.2	881677	884214	-		SPO0844
CP000031.2	884211	885158	-		SPO0845
CP000031.2	885190	885861	-		SPO0846
CP000031.2	885858	890462	-		SPO0847
CP000031.2	890459	891466	-		SPO0848
CP000031.2	891471	897896	-		SPO0849
CP000031.2	898156	899652	-		SPO0850
CP000031.2	899798	900550	+		SPO0851
CP000031.2	900553	902652	-		SPO0852
CP000031.2	902660	903625	-		SPO0853
CP000031.2	903622	904701	-		SPO0854
CP000031.2	904916	906364	+	xylB	SPO0855
CP000031.2	906361	907665	+	xylA	SPO0856
CP000031.2	907688	908623	+	galM	SPO0857
CP000031.2	908620	909918	+		SPO0858
CP000031.2	909976	911505	-		SPO0859
CP000031.2	911495	912691	-		SPO0860
CP000031.2	912911	913939	+	xylF	SPO0861
CP000031.2	914006	915304	+	xylH	SPO0862
CP000031.2	915301	916071	+	xylG	SPO0863
CP000031.2	916074	916997	+		SPO0864
CP000031.2	916988	917980	+		SPO0865
CP000031.2	918038	919828	-		SPO0866
CP000031.2	919832	923914	-		SPO0867
CP000031.2	923914	925719	-		SPO0868
CP000031.2	925864	927093	-		SPO0869
CP000031.2	927188	928111	+		SPO0870
CP000031.2	928330	928686	-		SPO0871
CP000031.2	928971	930386	+		SPO0872
CP000031.2	930383	930871	+	allA	SPO0873
CP000031.2	930938	932350	+		SPO0874
CP000031.2	932525	933508	-	gap-2	SPO0875
CP000031.2	933711	934538	-		SPO0876
CP000031.2	934723	935070	+		SPO0876a
CP000031.2	935283	936053	+		SPO0877
CP000031.2	936296	936655	+	gcvH-1	SPO0878
CP000031.2	936869	938104	+		SPO0879
CP000031.2	938110	938901	+		SPO0880
CP000031.2	938909	939142	-		SPO0881
CP000031.2	939781	940128	+		SPO0882
CP000031.2	940267	940917	+		SPO0883
CP000031.2	940902	941801	+		SPO0884
CP000031.2	941798	942733	-		SPO0885
CP000031.2	942924	943211	+	groES	SPO0886
CP000031.2	943274	944914	+	groEL	SPO0887
CP000031.2	945189	945659	+		SPO0888
CP000031.2	945707	946549	+		SPO0889
CP000031.2	946588	947361	+		SPO0890
CP000031.2	947358	948506	+		SPO0891
CP000031.2	948639	949712	-	purK	SPO0892
CP000031.2	949705	950193	-	purE	SPO0893
CP000031.2	950283	950534	-		SPO0894
CP000031.2	950676	951089	+		SPO0895
CP000031.2	951093	951317	+		SPO0896
CP000031.2	951413	952291	+		SPO0897
CP000031.2	952298	953158	+		SPO0898
CP000031.2	953213	954385	+		SPO0899
CP000031.2	954454	956163	-	sat	SPO0900
CP000031.2	956355	958052	-		SPO0901
CP000031.2	958112	958576	-		SPO0902
CP000031.2	958581	959522	-	trxB	SPO0903
CP000031.2	959739	960239	+		SPO0904
CP000031.2	960338	961123	-		SPO0905
CP000031.2	961874	962629	-		SPO0906
CP000031.2	962626	963693	-		SPO0907
CP000031.2	963690	964577	-	lgt	SPO0908
CP000031.2	964674	964922	+		SPO0909
CP000031.2	965250	965750	+		SPO0910
CP000031.2	965769	966605	+	proC	SPO0911
CP000031.2	966598	966936	+	csaA	SPO0912
CP000031.2	966936	967889	+		SPO0913
CP000031.2	968103	968699	-	tdk	SPO0914
CP000031.2	968965	969525	+		SPO0915
CP000031.2	969636	970499	+		SPO0916
CP000031.2	970667	971044	+		SPO0917
CP000031.2	971104	972231	-	fabH-1	SPO0918
CP000031.2	972395	972868	+		SPO0919
CP000031.2	972902	973903	+		SPO0920
CP000031.2	973915	976947	+		SPO0921
CP000031.2	976962	977372	-		SPO0922
CP000031.2	977564	980932	-	carB	SPO0923
CP000031.2	981129	982250	+	pabB	SPO0924
CP000031.2	982205	982852	+		SPO0925
CP000031.2	983054	984835	+	aspS	SPO0926
CP000031.2	984838	985011	+		SPO0927
CP000031.2	984843	985556	-		SPO0928
CP000031.2	985558	986190	-		SPO0929
CP000031.2	986385	986492	-		SPO0930
CP000031.2	986494	987213	-		SPO0931
CP000031.2	987344	987754	+		SPO0932
CP000031.2	987788	988063	+		SPO0933
CP000031.2	988096	988791	-		SPO0934
CP000031.2	988788	989366	-		SPO0935
CP000031.2	989511	989696	+		SPO0936
CP000031.2	989744	990022	+		SPO0937
CP000031.2	990026	990295	-		SPO0938
CP000031.2	990385	991101	+		SPO0939
CP000031.2	991098	991466	+		SPO0940
CP000031.2	991538	991789	+		SPO0941
CP000031.2	991820	992077	+		SPO0942
CP000031.2	992078	992320	-		SPO0943
CP000031.2	993167	994567	-		SPO0944
CP000031.2	994656	996593	+		SPO0945
CP000031.2	996821	998317	-	algC	SPO0946
CP000031.2	998338	999171	-	kdsA	SPO0947
CP000031.2	999176	1000354	-	kpsE	SPO0948
CP000031.2	1000872	1001585	-	kpsT	SPO0949
CP000031.2	1001794	1002420	+		SPO0950
CP000031.2	1002389	1003177	+		SPO0951
CP000031.2	1003205	1004635	+		SPO0952
CP000031.2	1004464	1005342	-		SPO0953
CP000031.2	1005565	1006089	+		SPO0954
CP000031.2	1006274	1008169	+		SPO0955
CP000031.2	1008221	1008817	-		SPO0956
CP000031.2	1008967	1009758	+		SPO0957
CP000031.2	1009819	1011051	-		SPO0958
CP000031.2	1011249	1012265	-		SPO0959
CP000031.2	1012298	1012663	-		SPO0960
CP000031.2	1012747	1013004	+		SPO0961
CP000031.2	1013245	1014420	+	argD	SPO0962
CP000031.2	1014509	1015435	+	argF	SPO0963
CP000031.2	1015553	1016470	+	argC-1	SPO0964
CP000031.2	1016467	1017357	+		SPO0965
CP000031.2	1017415	1018410	+	panE-1	SPO0966
CP000031.2	1018496	1019974	-		SPO0967
CP000031.2	1020067	1020525	-		SPO0968
CP000031.2	1021579	1022274	+	apqZ	SPO0970
CP000031.2	1022389	1023993	+		SPO0971
CP000031.2	1024036	1026486	-	hrpB	SPO0972
CP000031.2	1026710	1027687	+		SPO0973
CP000031.2	1027915	1028202	+	rpmB	SPO0974
CP000031.2	1028307	1028753	+		SPO0975
CP000031.2	1028799	1029278	+		SPO0976
CP000031.2	1029329	1030363	-		SPO0977
CP000031.2	1030330	1031028	-		SPO0978
CP000031.2	1031073	1031534	+		SPO0979
CP000031.2	1031809	1032768	-		SPO0980
CP000031.2	1032852	1034153	+		SPO0981
CP000031.2	1034804	1036105	-		SPO0982
CP000031.2	1036158	1037957	+	lepA	SPO0983
CP000031.2	1038961	1039758	-	znuB	SPO0984
CP000031.2	1039755	1040525	-	znuC	SPO0985
CP000031.2	1040522	1041001	-	zur	SPO0986
CP000031.2	1041089	1042057	+	znuA	SPO0987
CP000031.2	1042070	1043128	-		SPO0988
CP000031.2	1043192	1043578	-		SPO0989
CP000031.2	1043672	1044049	-	soxS	SPO0990
CP000031.2	1044145	1044882	+	soxV	SPO0991
CP000031.2	1044910	1045485	+	soxW	SPO0992
CP000031.2	1045604	1046089	+	soxX	SPO0993
CP000031.2	1046132	1046548	+	soxY	SPO0994
CP000031.2	1046582	1046911	+	soxZ	SPO0995
CP000031.2	1046989	1047840	+	soxA	SPO0996
CP000031.2	1047942	1049645	+	soxB	SPO0997
CP000031.2	1049724	1051007	+	soxC	SPO0998
CP000031.2	1050991	1052034	+	soxD	SPO0999
CP000031.2	1052038	1052748	+	soxE	SPO1000
CP000031.2	1052787	1054049	+	soxF	SPO1001
CP000031.2	1054074	1055078	-		SPO1002
CP000031.2	1055347	1055952	+	clpP	SPO1003
CP000031.2	1056092	1057360	+	clpX	SPO1004
CP000031.2	1057372	1057887	+		SPO1005
CP000031.2	1057979	1058362	+		SPO1006
CP000031.2	1058373	1058828	+		SPO1007
CP000031.2	1058825	1059184	+		SPO1008
CP000031.2	1059148	1059780	-	aat	SPO1009
CP000031.2	1059832	1061181	-	accC	SPO1010
CP000031.2	1061192	1061686	-	accB	SPO1011
CP000031.2	1061834	1062370	-		SPO1012
CP000031.2	1062461	1063621	+		SPO1013
CP000031.2	1063618	1065126	+		SPO1014
CP000031.2	1065123	1065926	+		SPO1015
CP000031.2	1065928	1066908	-		SPO1016
CP000031.2	1066985	1067740	-		SPO1017
CP000031.2	1067810	1068565	-		SPO1018
CP000031.2	1068578	1069780	-		SPO1019
CP000031.2	1069784	1070824	-		SPO1020
CP000031.2	1070920	1072272	-		SPO1021
CP000031.2	1072501	1073799	+		SPO1022
CP000031.2	1073885	1074265	+		SPO1023
CP000031.2	1074262	1074567	+		SPO1024
CP000031.2	1074564	1077242	+		SPO1025
CP000031.2	1077321	1078487	+		SPO1026
CP000031.2	1078507	1078938	-		SPO1027
CP000031.2	1078948	1079379	-		SPO1028
CP000031.2	1079379	1079807	-		SPO1029
CP000031.2	1079848	1080765	-		SPO1030
CP000031.2	1080813	1081184	+		SPO1031
CP000031.2	1081209	1081430	-		SPO1032
CP000031.2	1081577	1081837	+		SPO1033
CP000031.2	1081874	1082749	-		SPO1034
CP000031.2	1082914	1082989	+		SPO_tRNA-Thr-2
CP000031.2	1083131	1084375	+		SPO1036
CP000031.2	1084690	1086000	+		SPO1037
CP000031.2	1085994	1086155	-		SPO1038
CP000031.2	1087397	1088779	+		SPO1039
CP000031.2	1088776	1089390	+		SPO1040
CP000031.2	1089460	1089864	+		SPO1041
CP000031.2	1089857	1090525	+		SPO1042
CP000031.2	1090716	1090952	+		SPO1043
CP000031.2	1091161	1092195	+		SPO1044
CP000031.2	1092235	1092594	+		SPO1044a
CP000031.2	1092790	1093338	+		SPO1045
CP000031.2	1093331	1094059	+		SPO1046
CP000031.2	1094204	1095172	+		SPO1047
CP000031.2	1095295	1096320	+		SPO1048
CP000031.2	1096390	1097511	+		SPO1049
CP000031.2	1098450	1099538	+		SPO1050
CP000031.2	1100581	1101597	-		SPO1051
CP000031.2	1102077	1102484	-		SPO1052
CP000031.2	1105456	1105986	-		SPO1053
CP000031.2	1106014	1106523	-		SPO1054
CP000031.2	1106580	1107014	-		SPO1055
CP000031.2	1107038	1107865	-		SPO1056
CP000031.2	1108041	1109039	+		SPO1057
CP000031.2	1109194	1110069	-		SPO1058
CP000031.2	1110767	1112878	+		SPO1059
CP000031.2	1112982	1114358	+		SPO1060
CP000031.2	1114442	1115542	+		SPO1061
CP000031.2	1115804	1116898	+		SPO1062
CP000031.2	1117058	1117894	+		SPO1063
CP000031.2	1117878	1118834	+		SPO1064
CP000031.2	1118837	1120213	+		SPO1065
CP000031.2	1120241	1121029	-		SPO1066
CP000031.2	1121068	1121481	-		SPO1067
CP000031.2	1121521	1122423	-		SPO1068
CP000031.2	1122420	1124522	-		SPO1069
CP000031.2	1125278	1126939	-		SPO1070
CP000031.2	1127008	1127742	-		SPO1071
CP000031.2	1127945	1128685	-		SPO1072
CP000031.2	1128889	1129833	+		SPO1073
CP000031.2	1129841	1130272	+		SPO1074
CP000031.2	1130296	1131801	+		SPO1075
CP000031.2	1131861	1133636	+		SPO1076
CP000031.2	1133707	1134399	-		SPO1077
CP000031.2	1134437	1135321	-		SPO1078
CP000031.2	1135413	1136024	+		SPO1079
CP000031.2	1136077	1137003	+		SPO1080
CP000031.2	1137017	1137475	+		SPO1081
CP000031.2	1137531	1138109	+	betI	SPO1082
CP000031.2	1138106	1139614	+	betC-1	SPO1083
CP000031.2	1139765	1140124	+		SPO1084
CP000031.2	1140145	1140951	-		SPO1085
CP000031.2	1141117	1141698	-		SPO1086
CP000031.2	1141864	1143066	+		SPO1087
CP000031.2	1143149	1144807	+	betA	SPO1088
CP000031.2	1144930	1145169	+		SPO1089
CP000031.2	1145242	1146639	-		SPO1090
CP000031.2	1146709	1146996	-		SPO1091
CP000031.2	1147094	1147996	+		SPO1092
CP000031.2	1147940	1149145	-		SPO1093
CP000031.2	1149328	1150860	+	pccB	SPO1094
CP000031.2	1151077	1151634	+		SPO1094a
CP000031.2	1151638	1152132	+		SPO1095
CP000031.2	1152823	1152960	+		SPO1096
CP000031.2	1153030	1153389	+		SPO1097
CP000031.2	1153470	1154609	-		SPO1098
CP000031.2	1155082	1155204	+		SPO1099
CP000031.2	1155269	1155472	+		SPO1100
CP000031.2	1155593	1157638	+	pccA	SPO1101
CP000031.2	1157643	1158164	+		SPO1102
CP000031.2	1158181	1158765	-		SPO1103
CP000031.2	1158730	1159731	+		SPO1104
CP000031.2	1159697	1161826	+		SPO1105
CP000031.2	1161956	1162558	+		SPO1106
CP000031.2	1162555	1163049	+		SPO1107
CP000031.2	1163090	1163770	+		SPO1108
CP000031.2	1163775	1164788	+		SPO1109
CP000031.2	1165313	1166215	+		SPO1110
CP000031.2	1166293	1167120	+		SPO1111
CP000031.2	1167142	1168179	+		SPO1112
CP000031.2	1168218	1168751	+		SPO1113
CP000031.2	1168748	1170034	+		SPO1114
CP000031.2	1170038	1170691	+		SPO1115
CP000031.2	1170849	1172774	-		SPO1116
CP000031.2	1173335	1174879	-		SPO1117
CP000031.2	1174941	1175618	-		SPO1118
CP000031.2	1175619	1176686	-		SPO1119
CP000031.2	1176926	1177681	+		SPO1120
CP000031.2	1177998	1179392	+	proS	SPO1121
CP000031.2	1179397	1179762	-		SPO1122
CP000031.2	1179968	1181311	+	lolE	SPO1123
CP000031.2	1181304	1181990	+	lolD	SPO1124
CP000031.2	1182005	1182460	+		SPO1125
CP000031.2	1182486	1182878	+		SPO1126
CP000031.2	1182894	1183301	+		SPO1127
CP000031.2	1183369	1184169	-		SPO1128
CP000031.2	1184210	1184872	-		SPO1129
CP000031.2	1184935	1185342	-		SPO1130
CP000031.2	1185538	1186548	+		SPO1131
CP000031.2	1186558	1187610	+		SPO1132
CP000031.2	1187607	1189670	+		SPO1133
CP000031.2	1189755	1190423	+		SPO1134
CP000031.2	1190455	1191006	+		SPO1135
CP000031.2	1191288	1192661	-	doeD	SPO1136
CP000031.2	1192816	1194291	-	doeC	SPO1137
CP000031.2	1194419	1194898	-	doeX	SPO1138
CP000031.2	1194910	1195902	-	doeB	SPO1139
CP000031.2	1195906	1197093	-	doeA	SPO1140
CP000031.2	1197113	1198147	-	eutC	SPO1141
CP000031.2	1198098	1199105	-		SPO1142
CP000031.2	1199123	1199887	-	eutA	SPO1143
CP000031.2	1199896	1200333	-		SPO1144
CP000031.2	1200346	1201632	-	uehC	SPO1145
CP000031.2	1201643	1202209	-	uehB	SPO1146
CP000031.2	1202279	1203298	-	uehA	SPO1147
CP000031.2	1203396	1204790	-	gntR	SPO1148
CP000031.2	1205882	1206655	+		SPO1150
CP000031.2	1206670	1206975	+		SPO1151
CP000031.2	1207066	1207524	+		SPO1152
CP000031.2	1207720	1208196	+		SPO1153
CP000031.2	1208193	1208753	-		SPO1154
CP000031.2	1208814	1209131	-		SPO1155
CP000031.2	1209128	1209889	-	hisF	SPO1156
CP000031.2	1209923	1210417	-		SPO1157
CP000031.2	1210494	1211216	-	hisA	SPO1158
CP000031.2	1211349	1211747	+		SPO1159
CP000031.2	1211791	1212327	-		SPO1160
CP000031.2	1212346	1213137	+		SPO1161
CP000031.2	1213226	1213864	-	hisH	SPO1162
CP000031.2	1213864	1214451	-	hisB	SPO1163
CP000031.2	1214564	1214851	+		SPO1164
CP000031.2	1214838	1215611	-		SPO1165
CP000031.2	1215665	1217017	-		SPO1166
CP000031.2	1217180	1217254	-		SPO_tRNA-Gly-2
CP000031.2	1217386	1217910	+		SPO1168
CP000031.2	1217972	1218046	-		SPO_tRNA-Gly-3
CP000031.2	1218080	1218154	-		SPO_tRNA-Gly-4
CP000031.2	1218330	1221767	-	pyc	SPO1171
CP000031.2	1221905	1223050	-		SPO1172
CP000031.2	1223160	1224956	-		SPO1173
CP000031.2	1225147	1227543	+		SPO1174
CP000031.2	1227562	1228425	-		SPO1175
CP000031.2	1228426	1229202	-		SPO1176
CP000031.2	1229630	1229854	-		SPO1177
CP000031.2	1230788	1231291	+		SPO1178
CP000031.2	1231296	1232291	+	mraW	SPO1179
CP000031.2	1232288	1232656	+		SPO1180
CP000031.2	1232653	1234440	+		SPO1181
CP000031.2	1234459	1235940	+	murE	SPO1182
CP000031.2	1235937	1237331	+	murF	SPO1183
CP000031.2	1237347	1238429	+	mraY	SPO1184
CP000031.2	1238572	1239372	+		SPO1185
CP000031.2	1239344	1240468	+		SPO1186
CP000031.2	1240535	1241935	+	murD	SPO1187
CP000031.2	1242071	1243291	-		SPO1188
CP000031.2	1243311	1244195	-		SPO1189
CP000031.2	1244295	1244657	-		SPO1190
CP000031.2	1244785	1245399	+	gst	SPO1191
CP000031.2	1245396	1245782	+		SPO1192
CP000031.2	1245843	1246049	+		SPO1193
CP000031.2	1246138	1247379	+		SPO1194
CP000031.2	1247393	1248490	+		SPO1195
CP000031.2	1248487	1249884	+	murC	SPO1196
CP000031.2	1249977	1251185	+		SPO1197
CP000031.2	1251430	1251675	+		SPO1198
CP000031.2	1251912	1252226	+		SPO1199
CP000031.2	1252295	1253221	+	murB	SPO1200
CP000031.2	1253321	1254241	+	ddlB	SPO1201
CP000031.2	1254229	1255236	+		SPO1202
CP000031.2	1255242	1256579	+	ftsA	SPO1203
CP000031.2	1256977	1258605	+	ftsZ	SPO1204
CP000031.2	1258818	1259738	+	lpxC	SPO1205
CP000031.2	1259889	1260743	+		SPO1206
CP000031.2	1260783	1262432	+	recN	SPO1207
CP000031.2	1262478	1264223	+		SPO1208
CP000031.2	1264367	1265815	+		SPO1209
CP000031.2	1265971	1267566	+		SPO1210
CP000031.2	1267641	1268582	+		SPO1211
CP000031.2	1268582	1269484	+		SPO1212
CP000031.2	1269468	1271138	+		SPO1213
CP000031.2	1271142	1272311	+		SPO1214
CP000031.2	1272317	1273447	+		SPO1215
CP000031.2	1274318	1275037	-		SPO1216
CP000031.2	1275143	1275397	+		SPO1217
CP000031.2	1277270	1278859	-		SPO1218
CP000031.2	1279110	1280237	+		SPO1219
CP000031.2	1280320	1280676	-		SPO1220
CP000031.2	1280671	1282653	+		SPO1221
CP000031.2	1283505	1284989	-		SPO1222
CP000031.2	1285245	1286072	-		SPO1223
CP000031.2	1286091	1287254	-		SPO1224
CP000031.2	1287408	1287986	+		SPO1225
CP000031.2	1288108	1289454	+		SPO1226
CP000031.2	1289472	1289831	+		SPO1226a
CP000031.2	1290724	1291074	+		SPO1227
CP000031.2	1291061	1291543	+		SPO1228
CP000031.2	1292516	1292875	+		SPO1229
CP000031.2	1292875	1295181	+		SPO1230
CP000031.2	1295430	1296326	+		SPO1231
CP000031.2	1296348	1296695	-		SPO1232
CP000031.2	1297125	1300508	+		SPO1233
CP000031.2	1300860	1301810	+		SPO1234
CP000031.2	1302039	1303835	+		SPO1235
CP000031.2	1303932	1305290	+		SPO1236
CP000031.2	1305532	1306842	-		SPO1237
CP000031.2	1307508	1307581	-		SPO_tRNA-Cys-2
CP000031.2	1307787	1308440	+	pcm-1	SPO1239
CP000031.2	1308539	1309957	+		SPO1240
CP000031.2	1310033	1310962	+		SPO1241
CP000031.2	1310963	1312420	-	cobQ	SPO1242
CP000031.2	1312624	1313163	-		SPO1243
CP000031.2	1313162	1313725	+	efp	SPO1244
CP000031.2	1313797	1314729	-		SPO1245
CP000031.2	1314758	1315492	-		SPO1246
CP000031.2	1315572	1316252	+		SPO1247
CP000031.2	1317571	1319985	+		SPO1249
CP000031.2	1319989	1320546	+		SPO1250
CP000031.2	1320543	1321304	-		SPO1251
CP000031.2	1321424	1321549	-		SPO1252
CP000031.2	1322015	1322359	+		SPO1252a
CP000031.2	1322647	1324605	-	parE	SPO1253
CP000031.2	1324739	1325332	-		SPO1254
CP000031.2	1325381	1326055	+		SPO1255
CP000031.2	1326264	1327298	+	ppk2	SPO1256
CP000031.2	1327301	1327912	-		SPO1257
CP000031.2	1327909	1328808	-		SPO1258
CP000031.2	1328805	1329440	-		SPO1259
CP000031.2	1329563	1330903	+		SPO1260
CP000031.2	1331076	1331618	+		SPO1261
CP000031.2	1331615	1332514	+		SPO1262
CP000031.2	1332652	1333053	-		SPO1263
CP000031.2	1333070	1334272	-	aspC-2	SPO1264
CP000031.2	1334365	1334757	+		SPO1265
CP000031.2	1334754	1335011	+		SPO1266
CP000031.2	1335134	1335586	+		SPO1267
CP000031.2	1335580	1336344	-		SPO1268
CP000031.2	1336341	1337036	-		SPO1269
CP000031.2	1337033	1337461	-		SPO1270
CP000031.2	1337528	1338931	-		SPO1271
CP000031.2	1338937	1340064	-		SPO1272
CP000031.2	1340187	1341095	+	thyX	SPO1273
CP000031.2	1341163	1342056	+		SPO1274
CP000031.2	1342150	1342356	-		SPO1275
CP000031.2	1342576	1342893	+		SPO1276
CP000031.2	1342942	1343310	+		SPO1277
CP000031.2	1343351	1343914	-		SPO1278
CP000031.2	1343889	1344671	-		SPO1279
CP000031.2	1344668	1345546	-		SPO1280
CP000031.2	1345623	1345934	-		SPO1281
CP000031.2	1346147	1348093	-	thrS	SPO1282
CP000031.2	1348252	1348665	-		SPO1283
CP000031.2	1348662	1349405	-		SPO1284
CP000031.2	1349521	1350264	+		SPO1285
CP000031.2	1350264	1351256	+		SPO1286
CP000031.2	1351256	1351684	+		SPO1287
CP000031.2	1351684	1352316	+		SPO1288
CP000031.2	1352389	1353093	+		SPO1289
CP000031.2	1353084	1353668	-		SPO1290
CP000031.2	1353671	1354945	-	phaZ	SPO1291
CP000031.2	1355057	1356859	+	phaC	SPO1292
CP000031.2	1356991	1357437	+	phaP	SPO1293
CP000031.2	1357699	1358256	+		SPO1294
CP000031.2	1358269	1359561	-		SPO1295
CP000031.2	1362411	1363400	-		SPO1298
CP000031.2	1363483	1364310	+		SPO1299
CP000031.2	1364560	1365918	-		SPO1300
CP000031.2	1365920	1366600	-		SPO1301
CP000031.2	1366662	1368002	-		SPO1302
CP000031.2	1368110	1369168	-		SPO1303
CP000031.2	1369178	1369987	-		SPO1304
CP000031.2	1369984	1370871	-		SPO1305
CP000031.2	1370956	1371768	-		SPO1306
CP000031.2	1371710	1372486	-		SPO1307
CP000031.2	1372596	1373348	-		SPO1308
CP000031.2	1373345	1373782	-		SPO1309
CP000031.2	1373809	1374252	-		SPO1310
CP000031.2	1374295	1374588	-		SPO1310a
CP000031.2	1374685	1375725	+		SPO1311
CP000031.2	1375918	1377561	-	pyrG	SPO1312
CP000031.2	1377724	1378089	-	secG	SPO1313
CP000031.2	1378241	1378855	+	nthA	SPO1314
CP000031.2	1378852	1379526	+	nthB	SPO1315
CP000031.2	1379523	1379855	+		SPO1316
CP000031.2	1379866	1380099	-		SPO1317
CP000031.2	1380099	1381391	-	purA	SPO1318
CP000031.2	1381547	1381942	+		SPO1319
CP000031.2	1382016	1384079	-		SPO1320
CP000031.2	1384219	1384911	+		SPO1321
CP000031.2	1384856	1385770	-		SPO1322
CP000031.2	1385905	1387278	-	sdaA	SPO1323
CP000031.2	1387280	1387981	-		SPO1324
CP000031.2	1388089	1388535	-		SPO1325
CP000031.2	1388611	1389042	+		SPO1326
CP000031.2	1389137	1389925	+	rpiA	SPO1327
CP000031.2	1390067	1391425	+	gor	SPO1328
CP000031.2	1391500	1392651	+		SPO1329
CP000031.2	1392651	1393526	+	hflC	SPO1330
CP000031.2	1393602	1394888	+		SPO1331
CP000031.2	1394885	1395082	+		SPO1332
CP000031.2	1395278	1396735	+		SPO1333
CP000031.2	1396804	1397172	+		SPO1334
CP000031.2	1397381	1398049	-		SPO1335
CP000031.2	1398126	1398737	-	ispZ	SPO1336
CP000031.2	1398755	1399657	-		SPO1337
CP000031.2	1399692	1400165	-		SPO1337a
CP000031.2	1400199	1401371	-	ftsY	SPO1339
CP000031.2	1401433	1402071	-		SPO1340
CP000031.2	1402097	1403182	+		SPO1341
CP000031.2	1403216	1403608	+		SPO1342
CP000031.2	1403683	1404324	-		SPO1343
CP000031.2	1404324	1405772	-	xseA	SPO1344
CP000031.2	1405899	1407161	+	purD	SPO1345
CP000031.2	1407318	1407932	+		SPO1346
CP000031.2	1407940	1408872	-		SPO1347
CP000031.2	1408872	1409195	-		SPO1348
CP000031.2	1409381	1409908	+		SPO1349
CP000031.2	1409921	1410034	-		SPO1350
CP000031.2	1410220	1411410	+	metZ	SPO1351
CP000031.2	1411588	1412691	+		SPO1352
CP000031.2	1412875	1413420	+		SPO1352a
CP000031.2	1413473	1414921	+	trkH-1	SPO1353
CP000031.2	1415022	1416941	-		SPO1354
CP000031.2	1416985	1417920	+	glyQ	SPO1355
CP000031.2	1417946	1418632	+		SPO1356
CP000031.2	1418665	1419189	+		SPO1356a
CP000031.2	1419208	1420419	+	gltS	SPO1357
CP000031.2	1420429	1422636	+	glyS	SPO1358
CP000031.2	1422832	1425381	+	ppdK	SPO1359
CP000031.2	1425555	1426199	+		SPO1360
CP000031.2	1426277	1427653	+		SPO1361
CP000031.2	1427753	1428673	+		SPO1362
CP000031.2	1428874	1429668	+	folP	SPO1363
CP000031.2	1429707	1431053	+	glmM	SPO1364
CP000031.2	1431166	1431597	+		SPO1364a
CP000031.2	1431591	1432511	-		SPO1365
CP000031.2	1432638	1433660	-	ilvC	SPO1366
CP000031.2	1433792	1434247	+		SPO1367
CP000031.2	1434244	1434702	+		SPO1368
CP000031.2	1434699	1435400	-		SPO1369
CP000031.2	1435911	1437038	+		SPO1370
CP000031.2	1437103	1438299	-		SPO1371
CP000031.2	1438377	1438625	-		SPO1372
CP000031.2	1438824	1440392	+		SPO1373
CP000031.2	1440399	1441043	-		SPO1374
CP000031.2	1441144	1441794	+		SPO1375
CP000031.2	1441841	1443793	-		SPO1376
CP000031.2	1443877	1445043	-	carA	SPO1377
CP000031.2	1445232	1445711	+		SPO1378
CP000031.2	1446294	1447088	-		SPO1379
CP000031.2	1447209	1447706	-		SPO1380
CP000031.2	1447721	1448197	-		SPO1381
CP000031.2	1448268	1449194	-		SPO1382
CP000031.2	1449389	1451047	-	ctaD	SPO1383
CP000031.2	1451286	1451747	-		SPO1384
CP000031.2	1451744	1452892	-		SPO1385
CP000031.2	1453109	1453525	+		SPO1386
CP000031.2	1453605	1454567	+		SPO1387
CP000031.2	1454800	1456572	+		SPO1388
CP000031.2	1456578	1457228	-	lipB	SPO1389
CP000031.2	1457275	1457934	-		SPO1390
CP000031.2	1458076	1458162	+		SPO_tRNA-Leu-2
CP000031.2	1458354	1458800	-		SPO1392
CP000031.2	1458888	1459382	+		SPO1393
CP000031.2	1459531	1461654	+		SPO1394
CP000031.2	1461710	1462939	+		SPO1395
CP000031.2	1462851	1464128	-		SPO1396
CP000031.2	1464159	1467287	-		SPO1397
CP000031.2	1467291	1468550	-		SPO1398
CP000031.2	1468641	1469612	+		SPO1399
CP000031.2	1469683	1470441	+		SPO1400
CP000031.2	1470438	1471760	+		SPO1401
CP000031.2	1471841	1472128	+		SPO1402
CP000031.2	1472240	1473958	-	metG	SPO1403
CP000031.2	1474040	1475266	-		SPO1404
CP000031.2	1475740	1477203	+		SPO1405
CP000031.2	1477200	1478066	+		SPO1406
CP000031.2	1478179	1478481	-		SPO1407
CP000031.2	1478480	1479508	+	rluD	SPO1408
CP000031.2	1479659	1480555	+	rpoH-2	SPO1409
CP000031.2	1480688	1481866	-		SPO1410
CP000031.2	1482006	1482275	+		SPO1411
CP000031.2	1482322	1482504	+		SPO1412
CP000031.2	1482529	1483194	-		SPO1412a
CP000031.2	1483568	1485388	-	pepF	SPO1413
CP000031.2	1485524	1486486	-		SPO1414
CP000031.2	1486486	1486776	-		SPO1415
CP000031.2	1486856	1487425	+		SPO1416
CP000031.2	1487459	1490338	+		SPO1417
CP000031.2	1490345	1490647	+		SPO1418
CP000031.2	1490783	1491121	+		SPO1419
CP000031.2	1491413	1491922	+		SPO1420
CP000031.2	1492039	1492812	+		SPO1421
CP000031.2	1492824	1493588	-		SPO1422
CP000031.2	1493667	1494677	+	cobU	SPO1423
CP000031.2	1494718	1496598	-		SPO1424
CP000031.2	1496618	1497073	-		SPO1425
CP000031.2	1497218	1498318	+	hppD	SPO1426
CP000031.2	1498436	1500688	-		SPO1427
CP000031.2	1500856	1501554	+	omp28	SPO1429
CP000031.2	1501650	1502867	+		SPO1430
CP000031.2	1502902	1504194	-		SPO1431
CP000031.2	1504400	1504798	-		SPO1432
CP000031.2	1504913	1505959	+		SPO1433
CP000031.2	1506042	1507031	-		SPO1434
CP000031.2	1507174	1508079	+		SPO1435
CP000031.2	1508172	1509635	+		SPO1436
CP000031.2	1509632	1510393	+	linC-1	SPO1437
CP000031.2	1510500	1510769	-		SPO1438
CP000031.2	1510770	1511621	-		SPO1439
CP000031.2	1511738	1511941	+		SPO1440
CP000031.2	1511934	1512836	+		SPO1441
CP000031.2	1512857	1513759	+		SPO1442
CP000031.2	1513974	1515389	-	rhlE	SPO1443
CP000031.2	1515580	1516548	-		SPO1444
CP000031.2	1516570	1517292	-		SPO1445
CP000031.2	1517289	1518065	-		SPO1446
CP000031.2	1518062	1519357	-		SPO1447
CP000031.2	1519315	1520493	-		SPO1448
CP000031.2	1520490	1522139	-		SPO1449
CP000031.2	1522100	1522576	-		SPO1450
CP000031.2	1522594	1523919	-		SPO1451
CP000031.2	1523931	1524857	-		SPO1452
CP000031.2	1524925	1525383	+		SPO1453
CP000031.2	1525446	1526513	+		SPO1454
CP000031.2	1526567	1527064	+		SPO1455
CP000031.2	1527061	1528374	+		SPO1456
CP000031.2	1528377	1528808	-		SPO1457
CP000031.2	1528987	1529466	+		SPO1458
CP000031.2	1529474	1531621	+		SPO1459
CP000031.2	1531618	1533171	+		SPO1460
CP000031.2	1533242	1534045	+		SPO1461
CP000031.2	1534088	1535335	+		SPO1462
CP000031.2	1535348	1536685	-		SPO1463
CP000031.2	1536713	1537216	-		SPO1464
CP000031.2	1537281	1538309	-		SPO1465
CP000031.2	1538518	1539597	+		SPO1466
CP000031.2	1539599	1540582	+		SPO1467
CP000031.2	1540667	1541755	-		SPO1468
CP000031.2	1541806	1543194	-		SPO1469
CP000031.2	1543178	1544041	-		SPO1470
CP000031.2	1544038	1544658	-		SPO1471
CP000031.2	1544655	1546721	-	hyuA	SPO1472
CP000031.2	1546718	1548412	-		SPO1473
CP000031.2	1548409	1548975	-		SPO1474
CP000031.2	1549108	1549887	+		SPO1475
CP000031.2	1549933	1551291	+	leuC-2	SPO1476
CP000031.2	1551291	1551902	+	leuD-2	SPO1477
CP000031.2	1552128	1552763	+		SPO1478
CP000031.2	1552760	1553395	+		SPO1479
CP000031.2	1553535	1554260	-		SPO1480
CP000031.2	1554257	1555129	-		SPO1481
CP000031.2	1555153	1556496	+		SPO1482
CP000031.2	1556435	1557592	+		SPO1483
CP000031.2	1557585	1558079	+		SPO1484
CP000031.2	1558076	1559305	+		SPO1485
CP000031.2	1559302	1559862	+		SPO1486
CP000031.2	1559897	1560631	+		SPO1487
CP000031.2	1560880	1561596	+		SPO1488
CP000031.2	1561656	1563035	+		SPO1489
CP000031.2	1563062	1564213	+		SPO1490
CP000031.2	1564224	1565072	+		SPO1491
CP000031.2	1565047	1566795	+		SPO1492
CP000031.2	1566792	1567475	+		SPO1493
CP000031.2	1567664	1569028	+		SPO1494
CP000031.2	1569267	1569974	+		SPO1495
CP000031.2	1569982	1572345	+		SPO1496
CP000031.2	1572342	1573592	+		SPO1497
CP000031.2	1573628	1575136	-		SPO1498
CP000031.2	1575372	1576265	+		SPO1499
CP000031.2	1576262	1577386	-	pqqE	SPO1500
CP000031.2	1577451	1577738	-	pqqD	SPO1501
CP000031.2	1577735	1578460	-	pqqC	SPO1502
CP000031.2	1578457	1579344	-	pqqB	SPO1503
CP000031.2	1579372	1579479	-	pqqA	SPO1504
CP000031.2	1579565	1581778	-		SPO1505
CP000031.2	1581785	1582954	-		SPO1506
CP000031.2	1582985	1583689	-		SPO1507
CP000031.2	1583912	1585732	-		SPO1508
CP000031.2	1585980	1586387	-		SPO1509
CP000031.2	1586502	1587293	-		SPO1510
CP000031.2	1587290	1588021	-		SPO1511
CP000031.2	1588018	1588464	-		SPO1512
CP000031.2	1588478	1589434	-		SPO1513
CP000031.2	1589440	1590621	-		SPO1514
CP000031.2	1590778	1591452	+		SPO1515
CP000031.2	1591449	1592363	+		SPO1516
CP000031.2	1592480	1593004	+	coxG	SPO1517
CP000031.2	1593041	1593526	+	coxS-1	SPO1518
CP000031.2	1593623	1595989	+	coxL-1	SPO1519
CP000031.2	1596089	1596871	+		SPO1520
CP000031.2	1596962	1599031	-		SPO1521
CP000031.2	1599213	1599800	+		SPO1522
CP000031.2	1599808	1600764	-		SPO1523
CP000031.2	1600764	1601546	-		SPO1524
CP000031.2	1601622	1604828	-		SPO1525
CP000031.2	1604821	1605801	-		SPO1526
CP000031.2	1605948	1606544	-		SPO1527
CP000031.2	1606541	1608781	-		SPO1528
CP000031.2	1608787	1609500	-		SPO1529
CP000031.2	1609666	1611195	-		SPO1530
CP000031.2	1611309	1612475	+		SPO1531
CP000031.2	1613518	1614225	-		SPO1532
CP000031.2	1614256	1615398	-		SPO1533
CP000031.2	1615632	1616831	+		SPO1534
CP000031.2	1616838	1618121	+		SPO1535
CP000031.2	1618118	1619353	+		SPO1536
CP000031.2	1619350	1620321	+		SPO1537
CP000031.2	1620324	1622093	+		SPO1538
CP000031.2	1622090	1623487	+		SPO1539
CP000031.2	1623484	1624626	+		SPO1540
CP000031.2	1624751	1625662	-		SPO1541
CP000031.2	1625776	1626834	+		SPO1542
CP000031.2	1626884	1628488	+		SPO1543
CP000031.2	1628489	1629547	+		SPO1544
CP000031.2	1629544	1630458	+		SPO1545
CP000031.2	1630455	1631309	+		SPO1546
CP000031.2	1631306	1632070	+		SPO1547
CP000031.2	1632384	1633385	+		SPO1548
CP000031.2	1633460	1634482	+		SPO1549
CP000031.2	1634482	1636458	+		SPO1550
CP000031.2	1636629	1637981	-	tmm	SPO1551
CP000031.2	1638114	1639448	+		SPO1552
CP000031.2	1639493	1640212	-		SPO1553
CP000031.2	1640346	1642061	-		SPO1554
CP000031.2	1642161	1643843	+		SPO1555
CP000031.2	1643845	1646625	+		SPO1556
CP000031.2	1646654	1648330	+	fhs-1	SPO1557
CP000031.2	1648390	1648695	+		SPO1558
CP000031.2	1648759	1649649	+		SPO1559
CP000031.2	1649646	1650524	+	folD	SPO1560
CP000031.2	1650541	1651386	-		SPO1561
CP000031.2	1651510	1653879	+		SPO1562
CP000031.2	1653925	1654377	+		SPO1563
CP000031.2	1654383	1655657	-		SPO1564
CP000031.2	1655644	1656621	-		SPO1565
CP000031.2	1656750	1657364	-		SPO1566
CP000031.2	1657593	1658840	+		SPO1567
CP000031.2	1658882	1660081	+		SPO1568
CP000031.2	1660078	1660968	+		SPO1569
CP000031.2	1660968	1661960	+		SPO1570
CP000031.2	1661960	1664599	+	ppc	SPO1571
CP000031.2	1664625	1665920	+	glyA-1	SPO1572
CP000031.2	1665985	1667313	-	glnT	SPO1573
CP000031.2	1667387	1668739	-		SPO1574
CP000031.2	1668747	1669424	-		SPO1575
CP000031.2	1669425	1670354	-		SPO1576
CP000031.2	1670499	1670717	-		SPO1577
CP000031.2	1670730	1672103	-		SPO1578
CP000031.2	1672348	1673493	+		SPO1579
CP000031.2	1673538	1674179	+		SPO1580
CP000031.2	1674176	1675162	+		SPO1581
CP000031.2	1675174	1676241	+		SPO1582
CP000031.2	1676293	1676946	-		SPO1583
CP000031.2	1677084	1678073	+		SPO1584
CP000031.2	1678074	1678634	-		SPO1585
CP000031.2	1678627	1681578	-		SPO1586
CP000031.2	1681575	1681862	-		SPO1587
CP000031.2	1681876	1683126	-		SPO1588
CP000031.2	1683245	1683628	-		SPO1589
CP000031.2	1683693	1684784	-		SPO1590
CP000031.2	1684790	1685677	-		SPO1591
CP000031.2	1685749	1688205	+		SPO1592
CP000031.2	1688220	1689284	+		SPO1593
CP000031.2	1689281	1690387	+		SPO1594
CP000031.2	1690384	1691487	+		SPO1595
CP000031.2	1691492	1692097	+	dddQ	SPO1596
CP000031.2	1692094	1693368	+	hemL	SPO1597
CP000031.2	1693553	1694386	-		SPO1598
CP000031.2	1694412	1695749	-		SPO1599
CP000031.2	1695746	1696591	-		SPO1600
CP000031.2	1696588	1697523	-	panE-2	SPO1601
CP000031.2	1697520	1699028	-		SPO1602
CP000031.2	1699025	1700077	-		SPO1603
CP000031.2	1700189	1701118	+		SPO1604
CP000031.2	1701081	1702763	-		SPO1605
CP000031.2	1702820	1703839	-	potD	SPO1606
CP000031.2	1703858	1704661	-		SPO1607
CP000031.2	1704654	1705565	-	potB	SPO1608
CP000031.2	1705569	1706669	-	potA	SPO1609
CP000031.2	1706790	1707581	+		SPO1610
CP000031.2	1707650	1708879	+		SPO1611
CP000031.2	1708919	1710208	+		SPO1612
CP000031.2	1710221	1710595	+		SPO1613
CP000031.2	1710769	1711203	+		SPO1614
CP000031.2	1711333	1712007	+		SPO1615
CP000031.2	1712040	1712930	-		SPO1616
CP000031.2	1713362	1716373	+		SPO1617
CP000031.2	1716367	1716963	+		SPO1618
CP000031.2	1716957	1717340	+		SPO1619
CP000031.2	1717382	1717969	-		SPO1620
CP000031.2	1718116	1718466	-		SPO1621
CP000031.2	1718610	1719902	+		SPO1622
CP000031.2	1719918	1721288	-		SPO1623
CP000031.2	1721281	1721961	-		SPO1624
CP000031.2	1722126	1723562	-		SPO1625
CP000031.2	1724414	1728229	+		SPO1626
CP000031.2	1728319	1728915	-		SPO1627
CP000031.2	1728947	1731355	-		SPO1628
CP000031.2	1731480	1732730	+		SPO1629
CP000031.2	1732714	1734345	-		SPO1630
CP000031.2	1734342	1735649	-		SPO1631
CP000031.2	1735713	1736672	-	xerD	SPO1632
CP000031.2	1736676	1738172	-		SPO1633
CP000031.2	1738444	1739031	+	aroK	SPO1634
CP000031.2	1739033	1740145	+	aroB	SPO1635
CP000031.2	1740156	1741226	-		SPO1636
CP000031.2	1741242	1741784	-	ssb	SPO1637
CP000031.2	1741994	1742572	+		SPO1638
CP000031.2	1742776	1743237	+		SPO1639
CP000031.2	1743225	1744154	-		SPO1640
CP000031.2	1744263	1745459	+		SPO1641
CP000031.2	1745476	1746054	-		SPO1642
CP000031.2	1746136	1747536	-		SPO1643
CP000031.2	1747688	1749469	-		SPO1644
CP000031.2	1749466	1750341	-		SPO1645
CP000031.2	1750338	1751285	-		SPO1646
CP000031.2	1751478	1753136	+		SPO1647
CP000031.2	1753242	1754345	+		SPO1648
CP000031.2	1754353	1755714	+		SPO1649
CP000031.2	1755717	1755827	+		SPO1650
CP000031.2	1755967	1756323	+		SPO1651
CP000031.2	1756357	1756929	+		SPO1652
CP000031.2	1761170	1761856	+		SPO1655
CP000031.2	1761893	1764112	-		SPO1656
CP000031.2	1764114	1765316	-		SPO1657
CP000031.2	1765331	1766377	-		SPO1658
CP000031.2	1766521	1768347	-		SPO1659
CP000031.2	1768417	1769223	-		SPO1660
CP000031.2	1769265	1770140	-	miaA	SPO1661
CP000031.2	1770257	1771012	+	pyrH	SPO1662
CP000031.2	1771075	1771770	+		SPO1663
CP000031.2	1771942	1772505	+	frr	SPO1664
CP000031.2	1772516	1773247	+	uppS	SPO1665
CP000031.2	1773244	1774026	+	cdsA	SPO1666
CP000031.2	1774026	1775213	+	dxr	SPO1667
CP000031.2	1775218	1776588	+		SPO1668
CP000031.2	1776688	1776813	+		SPO1669
CP000031.2	1776943	1779306	+		SPO1670
CP000031.2	1779314	1779886	+		SPO1671
CP000031.2	1779980	1780453	+	fabZ	SPO1672
CP000031.2	1780450	1781235	+	lpxA	SPO1673
CP000031.2	1781237	1782031	+		SPO1674
CP000031.2	1781983	1783188	+	lpxB	SPO1675
CP000031.2	1783185	1783697	-		SPO1676
CP000031.2	1783687	1784814	-	trmU	SPO1677
CP000031.2	1784960	1785241	+		SPO1678
CP000031.2	1785340	1786056	+	ctrA	SPO1679
CP000031.2	1786195	1788414	+	ligA	SPO1680
CP000031.2	1788411	1790501	+	recG	SPO1681
CP000031.2	1790616	1790738	+		SPO1682
CP000031.2	1790994	1791446	-		SPO1683
CP000031.2	1791514	1791873	+	hisI	SPO1684
CP000031.2	1791877	1792716	-		SPO1685
CP000031.2	1792745	1794094	-	gid	SPO1686
CP000031.2	1794416	1795201	-		SPO1687
CP000031.2	1795260	1795703	+		SPO1688
CP000031.2	1795772	1795999	-		SPO1689
CP000031.2	1796101	1797504	+		SPO1690
CP000031.2	1797668	1798126	+	rplM	SPO1691
CP000031.2	1798132	1798614	+	rspI	SPO1692
CP000031.2	1799148	1800743	+		SPO1693
CP000031.2	1802180	1803142	+		SPO1694
CP000031.2	1804223	1806322	+		SPO1695
CP000031.2	1806319	1807968	+		SPO1696
CP000031.2	1807965	1809047	+		SPO1697
CP000031.2	1809063	1809788	+		SPO1698
CP000031.2	1809785	1811131	+		SPO1699
CP000031.2	1811124	1812092	+		SPO1700
CP000031.2	1812103	1812996	+		SPO1701
CP000031.2	1813319	1814962	-		SPO1702
CP000031.2	1814967	1817447	-	dddD	SPO1703
CP000031.2	1817548	1818471	+		SPO1704
CP000031.2	1819113	1820537	+		SPO1705
CP000031.2	1823097	1823792	-		SPO1707
CP000031.2	1823796	1824536	-		SPO1707a
CP000031.2	1824533	1825762	-		SPO1708
CP000031.2	1825766	1827721	-		SPO1709
CP000031.2	1827787	1829121	-		SPO1710
CP000031.2	1829518	1830291	+	ureD	SPO1711
CP000031.2	1830293	1830595	+	ureA	SPO1712
CP000031.2	1830772	1831077	+	ureB	SPO1713
CP000031.2	1831077	1832786	+	ureC	SPO1714
CP000031.2	1832798	1833247	+	ureE	SPO1715
CP000031.2	1833231	1833884	+	ureF	SPO1716
CP000031.2	1833881	1834528	+	ureG	SPO1717
CP000031.2	1834692	1835867	-		SPO1718
CP000031.2	1837667	1837858	-		SPO3897
CP000031.2	1838068	1839345	-		SPO1719
CP000031.2	1839350	1839850	-		SPO1720
CP000031.2	1839927	1840949	-		SPO1721
CP000031.2	1840900	1841640	-		SPO1722
CP000031.2	1841739	1842950	+	uxuA	SPO1723
CP000031.2	1842947	1844431	+	uxuB	SPO1724
CP000031.2	1845035	1845778	-		SPO1725
CP000031.2	1845846	1846457	-		SPO3896
CP000031.2	1846450	1847355	-		SPO1727
CP000031.2	1847374	1848321	-		SPO1728
CP000031.2	1848328	1849266	-	metA	SPO1729
CP000031.2	1849402	1849476	-		SPO_tRNA-Glu-2
CP000031.2	1849666	1849740	-		SPO_tRNA-Glu-3
CP000031.2	1849852	1851507	-	recJ	SPO1732
CP000031.2	1851700	1852653	-	glpX	SPO1733
CP000031.2	1852753	1854039	-	hom	SPO1734
CP000031.2	1854141	1854476	-		SPO1735
CP000031.2	1854519	1855103	+		SPO1736
CP000031.2	1855179	1856090	-		SPO1737
CP000031.2	1856209	1857393	-		SPO1738
CP000031.2	1857383	1857970	+		SPO1739
CP000031.2	1857974	1858549	-		SPO1740
CP000031.2	1858530	1859063	-		SPO1741
CP000031.2	1859060	1860736	-		SPO1742
CP000031.2	1861060	1862490	+		SPO1743
CP000031.2	1862690	1863943	+		SPO1744
CP000031.2	1863999	1864262	+		SPO1745
CP000031.2	1864259	1867192	+		SPO1746
CP000031.2	1867161	1867730	+		SPO1747
CP000031.2	1867766	1868062	+		SPO1748
CP000031.2	1868155	1870104	+	dnaG	SPO1749
CP000031.2	1870216	1872198	+	rpoD	SPO1750
CP000031.2	1872470	1872883	+		SPO1751
CP000031.2	1872903	1873313	+		SPO1752
CP000031.2	1873442	1873912	+		SPO1753
CP000031.2	1873909	1875003	+	ribD	SPO1754
CP000031.2	1875207	1877210	-	kpsC	SPO1755
CP000031.2	1877214	1878347	-		SPO1756
CP000031.2	1878443	1879735	-	kpsS	SPO1757
CP000031.2	1879734	1879901	+		SPO1758
CP000031.2	1879907	1880494	+	ribE	SPO1759
CP000031.2	1880498	1881070	+		SPO1760
CP000031.2	1881258	1882379	+		SPO1761
CP000031.2	1882381	1882932	+	ribH-2	SPO1762
CP000031.2	1882929	1883411	+	nusB	SPO1763
CP000031.2	1883584	1884360	-		SPO1764
CP000031.2	1884457	1884762	+		SPO1765
CP000031.2	1885035	1885487	+		SPO1766
CP000031.2	1885834	1886316	+		SPO1767
CP000031.2	1886363	1886439	+		SPO_tRNA-His-1
CP000031.2	1886496	1887587	-		SPO1769
CP000031.2	1887614	1888204	+		SPO1770
CP000031.2	1888275	1889534	-		SPO1771
CP000031.2	1889531	1890109	-		SPO1772
CP000031.2	1890140	1891123	-		SPO1773
CP000031.2	1891174	1891716	-		SPO1774
CP000031.2	1891952	1892671	+		SPO1775
CP000031.2	1892851	1894185	+		SPO1776
CP000031.2	1894228	1895532	+		SPO1777
CP000031.2	1895587	1895817	-		SPO1778
CP000031.2	1895935	1897215	+		SPO1779
CP000031.2	1897196	1897813	-		SPO1780
CP000031.2	1897977	1899227	+		SPO1781
CP000031.2	1899282	1899599	+		SPO1782
CP000031.2	1899625	1901079	+	hydA	SPO1783
CP000031.2	1901085	1901498	-		SPO1784
CP000031.2	1901531	1902334	+		SPO1785
CP000031.2	1902368	1903360	+		SPO1786
CP000031.2	1903422	1904300	+		SPO1787
CP000031.2	1904266	1905360	+		SPO1788
CP000031.2	1905531	1906244	+		SPO1789
CP000031.2	1906237	1906971	+		SPO1790
CP000031.2	1906991	1907806	+		SPO1791
CP000031.2	1907918	1908790	-		SPO1792
CP000031.2	1908913	1910262	-		SPO1793
CP000031.2	1910178	1911359	-		SPO1794
CP000031.2	1911484	1912077	-		SPO1795
CP000031.2	1912090	1914984	-		SPO1796
CP000031.2	1915091	1915282	-		SPO1797
CP000031.2	1915350	1915961	-		SPO1798
CP000031.2	1915965	1916594	-		SPO1799
CP000031.2	1917428	1919377	+		SPO1800
CP000031.2	1919485	1920213	-		SPO1801
CP000031.2	1920258	1920479	+		SPO1802
CP000031.2	1920476	1921537	+		SPO1803
CP000031.2	1921534	1922241	+		SPO1804
CP000031.2	1922238	1922717	+		SPO1805
CP000031.2	1922857	1923357	-		SPO1806
CP000031.2	1923540	1924952	-		SPO1807
CP000031.2	1924954	1925505	-		SPO1808
CP000031.2	1925558	1927381	-		SPO1809
CP000031.2	1927491	1929275	-		SPO1810
CP000031.2	1929282	1929566	-		SPO1811
CP000031.2	1929738	1930421	-	adk-2	SPO1812
CP000031.2	1930432	1932396	-	acs	SPO1813
CP000031.2	1932853	1933869	+		SPO1814
CP000031.2	1933944	1934579	+		SPO1815
CP000031.2	1934566	1935975	+		SPO1816
CP000031.2	1936039	1936788	+		SPO1817
CP000031.2	1936853	1937641	+		SPO1818
CP000031.2	1937846	1938673	-		SPO1819
CP000031.2	1938785	1940032	-		SPO1820
CP000031.2	1940134	1940814	-		SPO1821
CP000031.2	1941093	1942034	-		SPO1822
CP000031.2	1942036	1943193	-		SPO1823
CP000031.2	1943306	1944178	+		SPO1824
CP000031.2	1944189	1945490	-		SPO1825
CP000031.2	1945492	1946334	-		SPO1826
CP000031.2	1946348	1947187	+		SPO1827
CP000031.2	1947184	1947825	+		SPO1828
CP000031.2	1947818	1948543	+		SPO1829
CP000031.2	1948575	1949729	+		SPO1830
CP000031.2	1949791	1950489	+	livF-1	SPO1831
CP000031.2	1950491	1951387	+		SPO1832
CP000031.2	1951384	1952403	+		SPO1833
CP000031.2	1952413	1953351	+		SPO1834
CP000031.2	1953387	1954388	-		SPO1835
CP000031.2	1954390	1955418	-		SPO1836
CP000031.2	1955415	1956254	-		SPO1837
CP000031.2	1956267	1957181	-		SPO1838
CP000031.2	1957238	1958488	-		SPO1839
CP000031.2	1958485	1959393	-		SPO1840
CP000031.2	1959553	1960443	+		SPO1841
CP000031.2	1960440	1961216	+		SPO1842
CP000031.2	1961225	1962256	+		SPO1843
CP000031.2	1962253	1963398	+	nagA	SPO1844
CP000031.2	1963573	1965675	-		SPO1845
CP000031.2	1965748	1966908	-		SPO1846
CP000031.2	1966938	1968824	-		SPO1847
CP000031.2	1968842	1969615	-		SPO1848
CP000031.2	1969612	1970376	-		SPO1849
CP000031.2	1970373	1971470	-		SPO1850
CP000031.2	1971475	1972350	-		SPO1851
CP000031.2	1972429	1973457	-		SPO1852
CP000031.2	1973476	1974117	-		SPO1853
CP000031.2	1974321	1974791	+		SPO1854
CP000031.2	1974866	1975549	-		SPO1855
CP000031.2	1975956	1976810	+		SPO1856
CP000031.2	1976917	1977219	+		SPO1857
CP000031.2	1977166	1977867	-	rrmJ	SPO1858
CP000031.2	1977988	1979100	-		SPO1859
CP000031.2	1979283	1981166	+		SPO1860
CP000031.2	1981419	1981715	+		SPO1861
CP000031.2	1981742	1982671	+		SPO1862
CP000031.2	1982682	1983743	+		SPO1863
CP000031.2	1983862	1984101	-		SPO1864
CP000031.2	1984234	1986255	-	tkt	SPO1865
CP000031.2	1986523	1987404	+		SPO1866
CP000031.2	1987404	1987799	+		SPO1867
CP000031.2	1987931	1988293	-		SPO1868
CP000031.2	1988360	1988596	-		SPO1869
CP000031.2	1988721	1990880	-	purL	SPO1870
CP000031.2	1991014	1993287	-		SPO1871
CP000031.2	1993552	1994487	-		SPO1872
CP000031.2	1994629	1998048	+		SPO1873
CP000031.2	1998129	1999007	+		SPO1874
CP000031.2	1999016	1999825	+	murI	SPO1875
CP000031.2	1999916	2000944	+	argC-2	SPO1876
CP000031.2	2000952	2001395	+	ccmE	SPO1877
CP000031.2	2001541	2002152	+		SPO1878
CP000031.2	2002125	2002817	-		SPO1879
CP000031.2	2002797	2004761	+	ccmF	SPO1880
CP000031.2	2004758	2005210	+		SPO1881
CP000031.2	2005287	2006063	+		SPO1882
CP000031.2	2006113	2007666	+		SPO1883
CP000031.2	2007676	2008695	-		SPO1884
CP000031.2	2008756	2010663	-		SPO1885
CP000031.2	2010733	2011050	-		SPO1886
CP000031.2	2011210	2011965	+	purC	SPO1887
CP000031.2	2012152	2012382	+	purS	SPO1888
CP000031.2	2012386	2013429	+		SPO1889
CP000031.2	2013442	2014110	+	purQ	SPO1890
CP000031.2	2014147	2015916	+		SPO1891
CP000031.2	2015931	2017265	+	dctD-1	SPO1892
CP000031.2	2017823	2020804	+		SPO1893
CP000031.2	2020837	2021070	-		SPO1895
CP000031.2	2021196	2021948	+	ccdA	SPO1896
CP000031.2	2022104	2023336	+		SPO1897
CP000031.2	2023333	2024685	+		SPO1898
CP000031.2	2024754	2025635	+	fda	SPO1899
CP000031.2	2025681	2026289	-	tag	SPO1900
CP000031.2	2026286	2026585	-		SPO1901
CP000031.2	2026598	2027173	-		SPO1902
CP000031.2	2027239	2027460	-		SPO1903
CP000031.2	2027457	2027633	-		SPO1904
CP000031.2	2027633	2029027	-	fumC	SPO1905
CP000031.2	2029195	2029746	+		SPO1906
CP000031.2	2029816	2030271	-		SPO1907
CP000031.2	2030352	2031722	-		SPO1908
CP000031.2	2031765	2032220	-		SPO1909
CP000031.2	2032298	2032609	-		SPO_SptmRNA1
CP000031.2	2032763	2033014	-		SPO1911
CP000031.2	2033028	2033759	-		SPO1912
CP000031.2	2033982	2035076	+	dmdA	SPO1913
CP000031.2	2035154	2036146	+	acuI	SPO1914
CP000031.2	2036199	2036582	-		SPO1915
CP000031.2	2036722	2037945	+		SPO1916
CP000031.2	2037995	2039440	+	phrB	SPO1917
CP000031.2	2039490	2040704	+	cfa	SPO1918
CP000031.2	2040716	2041156	+	trgA	SPO1919
CP000031.2	2041187	2042302	+	trgB	SPO1920
CP000031.2	2042387	2043421	+		SPO1921
CP000031.2	2043402	2045834	+		SPO1922
CP000031.2	2045824	2046546	+		SPO1923
CP000031.2	2046617	2046706	+		SPO_tRNA-Ser-2
CP000031.2	2047081	2047956	-		SPO1925
CP000031.2	2047953	2050850	-		SPO1926
CP000031.2	2052888	2053079	-		SPO3898
CP000031.2	2053835	2055055	-		SPO1927
CP000031.2	2055390	2055995	-		SPO1928
CP000031.2	2056314	2057927	+		SPO1929
CP000031.2	2057962	2059053	+	lpxD	SPO1930
CP000031.2	2059085	2059342	+		SPO1931
CP000031.2	2059351	2060559	+		SPO1932
CP000031.2	2060638	2061312	-		SPO1933
CP000031.2	2061707	2063260	+		SPO1934
CP000031.2	2063399	2064703	-		SPO1935
CP000031.2	2064700	2065710	-		SPO1936
CP000031.2	2065714	2066544	-		SPO1937
CP000031.2	2066541	2067431	-		SPO1938
CP000031.2	2067469	2068662	-		SPO1939
CP000031.2	2068822	2069934	+		SPO1940
CP000031.2	2070047	2071024	-		SPO1941
CP000031.2	2071196	2072593	+		SPO1942
CP000031.2	2072664	2073356	-		SPO1943
CP000031.2	2073598	2074488	+		SPO1944
CP000031.2	2074507	2075148	+	gmk	SPO1945
CP000031.2	2075145	2075669	+		SPO1946
CP000031.2	2075686	2076732	+		SPO1947
CP000031.2	2076959	2077999	+	pstS	SPO1948
CP000031.2	2078077	2079552	+	pstC	SPO1949
CP000031.2	2079549	2080901	+	pstA	SPO1950
CP000031.2	2080885	2081712	+	pstB	SPO1951
CP000031.2	2081730	2082431	+	phoU	SPO1952
CP000031.2	2082447	2083136	+	phoB	SPO1953
CP000031.2	2083155	2084066	-		SPO1954
CP000031.2	2084166	2085392	+	gcdH	SPO1955
CP000031.2	2085535	2087283	+	sulP	SPO1956
CP000031.2	2087516	2088286	+		SPO1957
CP000031.2	2088283	2089152	-		SPO1958
CP000031.2	2089169	2091130	-		SPO1959
CP000031.2	2091121	2092356	-		SPO1960
CP000031.2	2092462	2093232	-		SPO1961
CP000031.2	2093259	2094287	-		SPO1962
CP000031.2	2094298	2094948	-		SPO1963
CP000031.2	2094952	2095953	-		SPO1964
CP000031.2	2095967	2096896	-		SPO1965
CP000031.2	2096907	2097725	-		SPO1966
CP000031.2	2097735	2098850	-		SPO1967
CP000031.2	2098856	2100013	-		SPO1968
CP000031.2	2100152	2101144	+		SPO1969
CP000031.2	2101151	2101807	-		SPO1970
CP000031.2	2101864	2102688	+		SPO1971
CP000031.2	2102713	2103201	+		SPO1972
CP000031.2	2103301	2103750	+	aroQ	SPO1973
CP000031.2	2103753	2104502	+		SPO1974
CP000031.2	2104996	2105871	-	tsf	SPO1975
CP000031.2	2105949	2106722	-	rpsB	SPO1976
CP000031.2	2107032	2108087	+		SPO1977
CP000031.2	2108081	2109253	+		SPO1978
CP000031.2	2109258	2110091	-		SPO1979
CP000031.2	2110094	2110849	-		SPO1980
CP000031.2	2110842	2110961	-		SPO1981
CP000031.2	2110958	2111197	-		SPO1982
CP000031.2	2111189	2111785	+		SPO1983
CP000031.2	2111786	2113039	-	proA	SPO1984
CP000031.2	2113094	2114200	-	proB	SPO1985
CP000031.2	2114188	2115222	-		SPO1986
CP000031.2	2115259	2115795	-		SPO1987
CP000031.2	2115792	2116472	-		SPO1988
CP000031.2	2116503	2116772	-	rpmA	SPO1989
CP000031.2	2116784	2117365	-	rplU	SPO1990
CP000031.2	2117630	2118436	-		SPO1991
CP000031.2	2118433	2119272	-		SPO1992
CP000031.2	2119395	2119484	+		SPO_tRNA-Ser-3
CP000031.2	2119880	2121193	-		SPO1994
CP000031.2	2121197	2123002	-		SPO1995
CP000031.2	2123134	2123979	-		SPO1996
CP000031.2	2123978	2124901	+		SPO1997
CP000031.2	2124898	2125641	+		SPO1998
CP000031.2	2125979	2128945	+		SPO1999
CP000031.2	2129468	2129821	-		SPO2000
CP000031.2	2129837	2130937	-		SPO2001
CP000031.2	2130934	2131959	-		SPO2002
CP000031.2	2131956	2132435	-		SPO2003
CP000031.2	2132435	2133361	-		SPO2004
CP000031.2	2133363	2134694	-		SPO2005
CP000031.2	2134696	2135772	-		SPO2006
CP000031.2	2135833	2136984	-		SPO2007
CP000031.2	2137026	2137811	-		SPO2008
CP000031.2	2137811	2138728	-		SPO2009
CP000031.2	2138771	2139739	+		SPO2010
CP000031.2	2140230	2140305	-		SPO_tRNA-Thr-3
CP000031.2	2140750	2140826	-		SPO_tRNA-Arg-4
CP000031.2	2140915	2142411	+		SPO2013
CP000031.2	2142513	2143733	-	sufS	SPO2014
CP000031.2	2143726	2144313	-		SPO2015
CP000031.2	2144310	2144795	-		SPO2016
CP000031.2	2144795	2146075	-		SPO2017
CP000031.2	2146075	2146830	-	sufC	SPO2018
CP000031.2	2146843	2147679	-		SPO2019
CP000031.2	2147681	2148610	-		SPO2020
CP000031.2	2148627	2148941	-		SPO2021
CP000031.2	2148969	2149574	-		SPO2022
CP000031.2	2149613	2151133	-	sufB	SPO2023
CP000031.2	2151174	2152214	-		SPO2024
CP000031.2	2152294	2152752	-		SPO2025
CP000031.2	2152938	2153591	+		SPO2026
CP000031.2	2153591	2153830	+		SPO2027
CP000031.2	2153827	2154987	+		SPO2028
CP000031.2	2155215	2156009	-		SPO2029
CP000031.2	2156236	2156571	+		SPO2030
CP000031.2	2156685	2158505	+	typA	SPO2031
CP000031.2	2158603	2158890	-		SPO2032
CP000031.2	2158895	2161567	-	alaS	SPO2033
CP000031.2	2161728	2162771	-	recA	SPO2034
CP000031.2	2162982	2163575	+		SPO2035
CP000031.2	2163582	2165888	-		SPO2036
CP000031.2	2165994	2167169	-		SPO2037
CP000031.2	2167173	2167958	-		SPO2038
CP000031.2	2167958	2169406	-	guaB	SPO2039
CP000031.2	2169591	2170748	+		SPO2040
CP000031.2	2170879	2172918	+		SPO2041
CP000031.2	2172940	2173797	+		SPO2042
CP000031.2	2173835	2173908	+		SPO_tRNA-Gly-5
CP000031.2	2174020	2174439	+		SPO2044
CP000031.2	2174586	2176205	-	dmdB	SPO2045
CP000031.2	2176369	2177988	-	pgi	SPO2046
CP000031.2	2177998	2178669	-	pgl	SPO2047
CP000031.2	2178666	2180123	-	zwf-1	SPO2048
CP000031.2	2180177	2181235	+		SPO2049
CP000031.2	2181308	2181577	-		SPO2050
CP000031.2	2181782	2184520	+	gyrA	SPO2051
CP000031.2	2184624	2184974	+		SPO2052
CP000031.2	2185068	2186537	-		SPO2053
CP000031.2	2186544	2187686	-		SPO2054
CP000031.2	2187754	2188500	-		SPO2055
CP000031.2	2188787	2189407	+		SPO2056
CP000031.2	2189416	2190588	-		SPO2057
CP000031.2	2190587	2191354	+		SPO2058
CP000031.2	2191414	2192256	+		SPO2059
CP000031.2	2192311	2193204	+		SPO2060
CP000031.2	2193201	2194115	+		SPO2061
CP000031.2	2194193	2194867	+		SPO2062
CP000031.2	2194864	2195370	+		SPO2063
CP000031.2	2195367	2196398	-		SPO2064
CP000031.2	2196491	2197264	-	bdh-1	SPO2065
CP000031.2	2197674	2199488	+		SPO2066
CP000031.2	2199637	2199861	+		SPO2067
CP000031.2	2199865	2200488	-		SPO2068
CP000031.2	2200553	2202070	+		SPO2069
CP000031.2	2202067	2202723	+		SPO2070
CP000031.2	2202802	2204010	+		SPO2071
CP000031.2	2204062	2205735	+		SPO2072
CP000031.2	2205696	2206391	+		SPO2073
CP000031.2	2206461	2209889	-	mfd	SPO2074
CP000031.2	2209944	2210468	-		SPO2075
CP000031.2	2210592	2211590	+	hemB	SPO2076
CP000031.2	2211732	2212304	+		SPO2077
CP000031.2	2212449	2214917	+		SPO2078
CP000031.2	2214921	2216105	+		SPO2079
CP000031.2	2216090	2217364	-	hflX	SPO2080
CP000031.2	2217361	2217600	-		SPO2081
CP000031.2	2217738	2219273	-	trkH-2	SPO2082
CP000031.2	2219273	2220649	-	trkA	SPO2083
CP000031.2	2220712	2221227	+		SPO2084
CP000031.2	2221243	2222655	-	ntrX	SPO2085
CP000031.2	2222652	2224937	-	ntrY	SPO2086
CP000031.2	2225037	2226410	-	ntrC	SPO2087
CP000031.2	2226410	2227489	-	ntrB	SPO2088
CP000031.2	2227486	2228469	-		SPO2089
CP000031.2	2228505	2229797	+	ispDF	SPO2090
CP000031.2	2229794	2230291	+		SPO2091
CP000031.2	2230288	2230767	+		SPO2092
CP000031.2	2230808	2232103	+	amt-1	SPO2093
CP000031.2	2232171	2232683	-		SPO2094
CP000031.2	2232779	2234074	-		SPO2095
CP000031.2	2234121	2234567	-		SPO2096
CP000031.2	2234642	2235184	+	hpt	SPO2097
CP000031.2	2235246	2236097	-		SPO2098
CP000031.2	2236207	2236683	+	cycF	SPO2099
CP000031.2	2236742	2237626	+	cycG	SPO2100
CP000031.2	2237604	2238776	-		SPO2101
CP000031.2	2238773	2239723	-	lipA	SPO2102
CP000031.2	2239928	2240476	+		SPO2103
CP000031.2	2240637	2241101	+		SPO2104
CP000031.2	2241179	2242144	-		SPO2105
CP000031.2	2242168	2243322	-		SPO2106
CP000031.2	2243533	2243874	+		SPO2107
CP000031.2	2243867	2245411	-		SPO2108
CP000031.2	2245648	2247207	+	guaA	SPO2109
CP000031.2	2247241	2248107	+		SPO2110
CP000031.2	2248220	2249359	+		SPO2111
CP000031.2	2249414	2250313	+		SPO2112
CP000031.2	2250310	2251233	+		SPO2113
CP000031.2	2251312	2251386	+		SPO_tRNA-Asn-1
CP000031.2	2251639	2251724	-		SPO_tRNA-Leu-3
CP000031.2	2251859	2252437	+		SPO2116
CP000031.2	2252437	2252898	+		SPO2117
CP000031.2	2252998	2253423	-		SPO2118
CP000031.2	2253444	2254457	+	rocF	SPO2119
CP000031.2	2254454	2255383	+		SPO2120
CP000031.2	2255380	2256444	+	arcB	SPO2121
CP000031.2	2256606	2256941	+	phnA	SPO2122
CP000031.2	2256945	2257529	-		SPO2123
CP000031.2	2257745	2258347	+		SPO2124
CP000031.2	2258352	2258849	-		SPO2125
CP000031.2	2258846	2259511	-		SPO2126
CP000031.2	2259508	2260140	-		SPO2127
CP000031.2	2260244	2261461	+		SPO2128
CP000031.2	2261592	2262374	-		SPO2129
CP000031.2	2262371	2264005	-		SPO2130
CP000031.2	2264121	2265518	-	cysS	SPO2131
CP000031.2	2265776	2266963	+	aspC-3	SPO2132
CP000031.2	2267007	2267543	-		SPO2133
CP000031.2	2267946	2269490	+		SPO2134
CP000031.2	2269548	2269793	-		SPO2135
CP000031.2	2270348	2273992	-	nrdJ	SPO2136
CP000031.2	2274539	2274982	+		SPO2137
CP000031.2	2274993	2275069	-		SPO_tRNA-Pro-4
CP000031.2	2275113	2275580	-		SPO2139
CP000031.2	2275591	2276118	-		SPO2140
CP000031.2	2276239	2276844	-		SPO2141
CP000031.2	2276979	2277785	+	fabI-2	SPO2142
CP000031.2	2277799	2278314	+	gpt	SPO2143
CP000031.2	2278385	2279560	+		SPO2144
CP000031.2	2279652	2281496	+		SPO2145
CP000031.2	2281506	2283017	+	trpE	SPO2146
CP000031.2	2283017	2283541	+		SPO2147
CP000031.2	2283628	2285073	-		SPO2148
CP000031.2	2285234	2285815	+	trpG	SPO2149
CP000031.2	2285812	2286831	+	trpD	SPO2150
CP000031.2	2286828	2287640	+	trpC	SPO2151
CP000031.2	2287640	2288113	+	moaC	SPO2152
CP000031.2	2288110	2289279	+	moaA	SPO2153
CP000031.2	2289359	2290054	+	lexA	SPO2154
CP000031.2	2290062	2292092	-		SPO2155
CP000031.2	2292174	2293580	+	gltX-2	SPO2156
CP000031.2	2293704	2294999	+	gltA	SPO2157
CP000031.2	2295314	2296495	+		SPO2158
CP000031.2	2296509	2297693	-		SPO2159
CP000031.2	2297865	2298563	+		SPO2160
CP000031.2	2298741	2299781	+		SPO2161
CP000031.2	2299867	2300529	+		SPO2162
CP000031.2	2300556	2301185	-		SPO2163
CP000031.2	2301279	2301989	+		SPO2164
CP000031.2	2301994	2302404	-		SPO2165
CP000031.2	2302550	2303074	+		SPO2166
CP000031.2	2303152	2304309	-	rnd	SPO2167
CP000031.2	2304429	2305025	-	purN	SPO2168
CP000031.2	2305022	2306068	-	purM	SPO2169
CP000031.2	2306173	2307147	-		SPO2170
CP000031.2	2307255	2308178	+		SPO2171
CP000031.2	2308214	2308289	+		SPO_tRNA-Met-2
CP000031.2	2308310	2309635	-		SPO2173
CP000031.2	2309677	2310594	+		SPO2174
CP000031.2	2310674	2310748	+		SPO_tRNA-Asn-2
CP000031.2	2311557	2312669	+		SPO2176
CP000031.2	2312690	2313796	+	acuC	SPO2177
CP000031.2	2313845	2315257	+		SPO2178
CP000031.2	2315268	2315702	-		SPO2179
CP000031.2	2315799	2316104	-		SPO2180
CP000031.2	2316129	2316917	+		SPO2181
CP000031.2	2316914	2319328	+		SPO2182
CP000031.2	2319312	2320361	+		SPO2183
CP000031.2	2320414	2321466	-		SPO2184
CP000031.2	2321561	2321998	-		SPO2185
CP000031.2	2321995	2324604	-		SPO2186
CP000031.2	2324728	2325729	-		SPO2187
CP000031.2	2325954	2326373	-		SPO2188
CP000031.2	2326567	2327031	-		SPO2189
CP000031.2	2327116	2327817	-	hutC	SPO2190
CP000031.2	2327897	2329204	+	hutI	SPO2191
CP000031.2	2329201	2330739	+	hutH	SPO2192
CP000031.2	2330736	2331551	+	hutG	SPO2192a
CP000031.2	2331554	2333236	+	hutU	SPO2193
CP000031.2	2333248	2334609	+	hutF	SPO2194
CP000031.2	2334737	2335879	+		SPO2195
CP000031.2	2335882	2337075	+		SPO2196
CP000031.2	2337094	2338074	-		SPO2197
CP000031.2	2338258	2339259	+	gap-3	SPO2198
CP000031.2	2339275	2339478	+		SPO2199
CP000031.2	2339578	2340075	-	coaD	SPO2200
CP000031.2	2340169	2340603	-		SPO2201
CP000031.2	2340664	2341566	-		SPO2202
CP000031.2	2341672	2343171	+	mmsA	SPO2203
CP000031.2	2343232	2343732	-		SPO2204
CP000031.2	2343873	2344523	+		SPO2205
CP000031.2	2344520	2344990	-		SPO2206
CP000031.2	2345031	2345489	-		SPO2207
CP000031.2	2345606	2346451	-		SPO2208
CP000031.2	2346545	2347699	+		SPO2209
CP000031.2	2347763	2349913	-		SPO2210
CP000031.2	2350325	2351467	+		SPO2211
CP000031.2	2351475	2352521	+		SPO2212
CP000031.2	2352518	2353390	+	mmsB-1	SPO2213
CP000031.2	2353573	2353965	+		SPO2213a
CP000031.2	2353969	2355465	-	betC-2	SPO2214
CP000031.2	2355528	2356109	-		SPO2215
CP000031.2	2356161	2356946	-		SPO2216
CP000031.2	2357073	2357507	+		SPO2217
CP000031.2	2357529	2360444	-	uvrA	SPO2218
CP000031.2	2360614	2360973	+		SPO2219
CP000031.2	2360980	2361630	-		SPO2220
CP000031.2	2361730	2363427	+		SPO2221
CP000031.2	2363487	2364881	-		SPO2222
CP000031.2	2365057	2365488	+		SPO2223
CP000031.2	2365499	2366080	-		SPO2224
CP000031.2	2366196	2367458	-		SPO2225
CP000031.2	2367560	2368609	-		SPO2226
CP000031.2	2368679	2372101	-		SPO2227
CP000031.2	2372163	2372624	+		SPO2228
CP000031.2	2372621	2373457	+		SPO2229
CP000031.2	2373481	2374974	+		SPO2230
CP000031.2	2374964	2375479	+		SPO2231
CP000031.2	2375614	2376600	-		SPO2232
CP000031.2	2376701	2377246	-		SPO2233
CP000031.2	2377239	2377745	-		SPO2234
CP000031.2	2377878	2379074	+	pgk	SPO2235
CP000031.2	2379087	2379254	-		SPO2236
CP000031.2	2379251	2379511	-		SPO2237
CP000031.2	2379644	2380576	+		SPO2238
CP000031.2	2380701	2381000	+		SPO2239
CP000031.2	2381176	2382168	+	pdhA	SPO2240
CP000031.2	2382183	2383562	+	pdhB	SPO2241
CP000031.2	2383575	2384888	+	pdhC	SPO2242
CP000031.2	2385035	2386609	-		SPO2243
CP000031.2	2386572	2388629	-		SPO2244
CP000031.2	2389146	2390369	+		SPO2245
CP000031.2	2390628	2391692	-	cysK	SPO2246
CP000031.2	2391972	2392784	-	cysE	SPO2247
CP000031.2	2392848	2393207	+		SPO2248
CP000031.2	2393188	2393484	-		SPO2249
CP000031.2	2393488	2397414	-		SPO2250
CP000031.2	2397414	2397860	-		SPO2251
CP000031.2	2397857	2398744	-		SPO2252
CP000031.2	2398744	2399376	-		SPO2253
CP000031.2	2400041	2400250	-		SPO2255
CP000031.2	2400247	2400567	-		SPO2256
CP000031.2	2400570	2400983	-		SPO2257
CP000031.2	2401008	2401421	-		SPO2258
CP000031.2	2401418	2401756	-		SPO2259
CP000031.2	2401753	2402367	-		SPO2260
CP000031.2	2402517	2403695	-		SPO2261
CP000031.2	2403729	2404286	-		SPO2262
CP000031.2	2404315	2404545	-		SPO2263
CP000031.2	2404532	2405704	-		SPO2264
CP000031.2	2405830	2407056	-		SPO2266
CP000031.2	2407109	2407834	-		SPO2267
CP000031.2	2407710	2408096	+		SPO2268
CP000031.2	2408457	2408981	-		SPO2269
CP000031.2	2409457	2410611	-		SPO2270
CP000031.2	2410611	2411876	-	fabF	SPO2271
CP000031.2	2412012	2412755	-		SPO2272
CP000031.2	2412850	2413389	-		SPO2273
CP000031.2	2413530	2413763	-	acpP	SPO2274
CP000031.2	2413976	2414713	-	fabG	SPO2275
CP000031.2	2414771	2415709	-	fabD	SPO2276
CP000031.2	2415871	2417088	+		SPO2277
CP000031.2	2417261	2418733	-		SPO2278
CP000031.2	2418951	2419529	-		SPO2279
CP000031.2	2419667	2420392	-		SPO2280
CP000031.2	2420488	2420841	+	rpsF	SPO2281
CP000031.2	2420869	2421096	+	rpsR	SPO2282
CP000031.2	2421109	2421711	+	rplI	SPO2283
CP000031.2	2421894	2422367	+		SPO2284
CP000031.2	2422761	2423165	+		SPO2285
CP000031.2	2423205	2423906	+	luxR-2	SPO2286
CP000031.2	2424012	2424872	+		SPO2287
CP000031.2	2424964	2426295	-	tig	SPO2288
CP000031.2	2426486	2427748	-		SPO2289
CP000031.2	2427935	2429041	-		SPO2290
CP000031.2	2429427	2429510	-		SPO_tRNA-Leu-4
CP000031.2	2429721	2430230	+		SPO2292
CP000031.2	2430227	2431897	-		SPO2293
CP000031.2	2432035	2432373	+	glnB-1	SPO2294
CP000031.2	2432406	2433812	+	glnA	SPO2295
CP000031.2	2433947	2434789	+		SPO2296
CP000031.2	2434982	2435908	+		SPO2297
CP000031.2	2435964	2436701	-		SPO2298
CP000031.2	2436993	2438174	+	dddP	SPO2299
CP000031.2	2438199	2438390	-		SPO2300
CP000031.2	2438615	2439835	+		SPO2301
CP000031.2	2439901	2440488	-		SPO2302
CP000031.2	2440565	2440987	-		SPO2303
CP000031.2	2440984	2441382	-		SPO2304
CP000031.2	2441405	2442709	+	purB	SPO2305
CP000031.2	2442755	2442976	+		SPO2306
CP000031.2	2443071	2443625	+		SPO2307
CP000031.2	2443768	2444817	+	fliG	SPO2308
CP000031.2	2444863	2445846	+		SPO2309
CP000031.2	2445856	2446782	+		SPO2310
CP000031.2	2446783	2447667	-		SPO2311
CP000031.2	2447733	2450423	+	acnA	SPO2312
CP000031.2	2450603	2450920	+		SPO2313
CP000031.2	2450989	2451528	-		SPO2314
CP000031.2	2451676	2452449	-	ccmC	SPO2315
CP000031.2	2452495	2453151	-	ccmB	SPO2316
CP000031.2	2453148	2453762	-	ccmA	SPO2317
CP000031.2	2453902	2454255	-		SPO2318
CP000031.2	2454257	2455012	-		SPO2319
CP000031.2	2455082	2456050	-	secF	SPO2320
CP000031.2	2456052	2457713	-	secD	SPO2321
CP000031.2	2457742	2458107	-	yajC	SPO2322
CP000031.2	2458191	2459807	+		SPO2323
CP000031.2	2459954	2460370	+		SPO2324
CP000031.2	2460512	2461804	+	serS	SPO2325
CP000031.2	2461844	2462464	-		SPO2326
CP000031.2	2462560	2463543	-		SPO2327
CP000031.2	2463744	2465207	-	engA	SPO2328
CP000031.2	2465257	2466534	-		SPO2329
CP000031.2	2466638	2467414	-		SPO2330
CP000031.2	2467484	2468788	+		SPO2331
CP000031.2	2468785	2472564	+		SPO2332
CP000031.2	2472666	2473025	+		SPO2333
CP000031.2	2473035	2474663	-		SPO2334
CP000031.2	2474739	2476568	-		SPO2335
CP000031.2	2476637	2478295	-		SPO2336
CP000031.2	2478421	2478972	+		SPO2337
CP000031.2	2478909	2479829	-	rarD-1	SPO2338
CP000031.2	2479899	2480660	-		SPO2339
CP000031.2	2480851	2481450	-	sodB	SPO2340
CP000031.2	2481552	2482304	+		SPO2341
CP000031.2	2482311	2482688	-		SPO2341a
CP000031.2	2482745	2483179	-		SPO2342
CP000031.2	2483204	2483653	-		SPO2343
CP000031.2	2484210	2484776	-		SPO2344
CP000031.2	2484769	2487801	-		SPO2345
CP000031.2	2487847	2488176	-		SPO2346
CP000031.2	2488754	2489092	-		SPO2347
CP000031.2	2489172	2490416	-		SPO2348
CP000031.2	2490594	2491829	+	cycH	SPO2349
CP000031.2	2491826	2492290	+		SPO2350
CP000031.2	2492304	2492537	+		SPO2351
CP000031.2	2492609	2494003	-		SPO2352
CP000031.2	2494148	2494933	-		SPO2353
CP000031.2	2494927	2495751	-		SPO2354
CP000031.2	2495992	2496798	-	iseR	SPO2355
CP000031.2	2496834	2498195	-	iseM	SPO2356
CP000031.2	2498206	2498760	-	iseL	SPO2357
CP000031.2	2498969	2500201	-	iseK	SPO2358
CP000031.2	2500329	2501936	+	iseJ	SPO2359
CP000031.2	2503500	2505668	-		SPO2361
CP000031.2	2505665	2506666	-		SPO2362
CP000031.2	2506663	2507556	-	serB-1	SPO2363
CP000031.2	2507886	2508899	+		SPO2364
CP000031.2	2508966	2510138	+		SPO2365
CP000031.2	2510116	2511243	+		SPO2366
CP000031.2	2511263	2512033	+		SPO2367
CP000031.2	2512085	2513692	+		SPO2368
CP000031.2	2513753	2514415	+		SPO2369
CP000031.2	2514748	2516334	-		SPO2370
CP000031.2	2516316	2516750	-		SPO2371
CP000031.2	2516897	2517352	+		SPO2372
CP000031.2	2517364	2517780	-		SPO2373
CP000031.2	2517866	2518900	-		SPO2374
CP000031.2	2520535	2520999	-		SPO2376
CP000031.2	2521003	2521401	-		SPO2377
CP000031.2	2521398	2522747	-		SPO2378
CP000031.2	2523561	2524727	-		SPO2380
CP000031.2	2524846	2525781	-		SPO2381
CP000031.2	2526030	2526983	+		SPO2382
CP000031.2	2527013	2527501	+		SPO2383
CP000031.2	2527489	2529063	+		SPO2384
CP000031.2	2529079	2530809	+		SPO2385
CP000031.2	2530809	2531138	+		SPO2386
CP000031.2	2531147	2532553	+		SPO2387
CP000031.2	2532579	2533220	+		SPO2388
CP000031.2	2533221	2535503	+		SPO2389
CP000031.2	2537524	2538183	+		SPO2390
CP000031.2	2538862	2538966	-		SPO2392
CP000031.2	2539786	2540238	-		SPO2393
CP000031.2	2540450	2541232	-	coxF	SPO2394
CP000031.2	2541229	2542410	-	coxE	SPO2395
CP000031.2	2542407	2543309	-	coxD	SPO2396
CP000031.2	2543341	2545770	-	coxL-2	SPO2397
CP000031.2	2545767	2546261	-	coxS-2	SPO2398
CP000031.2	2546275	2547129	-	coxM	SPO2399
CP000031.2	2547241	2548362	-	coxC	SPO2400
CP000031.2	2548865	2552134	-		SPO2401
CP000031.2	2554586	2554690	+		SPO2403
CP000031.2	2555369	2556028	-		SPO2405
CP000031.2	2556697	2557137	+		SPO2406
CP000031.2	2557082	2557657	+		SPO2407
CP000031.2	2559205	2559840	-		SPO2408
CP000031.2	2560696	2561463	-		SPO2409
CP000031.2	2561460	2563241	-		SPO2410
CP000031.2	2563264	2563818	+		SPO2411
CP000031.2	2563840	2564535	+		SPO2412
CP000031.2	2564545	2565297	+		SPO2413
CP000031.2	2565438	2566607	-		SPO2414
CP000031.2	2566604	2567518	-		SPO2415
CP000031.2	2567538	2568449	-		SPO2416
CP000031.2	2568540	2569301	-	idnO	SPO2417
CP000031.2	2569500	2570102	+		SPO2418
CP000031.2	2570163	2571314	+		SPO2419
CP000031.2	2571463	2572377	+	kdgK	SPO2420
CP000031.2	2572374	2573342	+		SPO2421
CP000031.2	2573456	2574397	-		SPO2422
CP000031.2	2574533	2574796	+		SPO2423
CP000031.2	2574810	2575859	+	idnD	SPO2424
CP000031.2	2575869	2576696	+		SPO2425
CP000031.2	2576698	2577585	-		SPO2426
CP000031.2	2577593	2578315	-		SPO2427
CP000031.2	2578312	2579220	-		SPO2428
CP000031.2	2579217	2580281	-		SPO2429
CP000031.2	2580278	2581771	-		SPO2430
CP000031.2	2581862	2583490	-		SPO2431
CP000031.2	2583492	2584100	-		SPO2432
CP000031.2	2584429	2585601	-		SPO2433
CP000031.2	2585638	2586345	+		SPO2434
CP000031.2	2586388	2587233	+		SPO2435
CP000031.2	2587543	2589981	-		SPO2436
CP000031.2	2590021	2590803	-		SPO2437
CP000031.2	2590806	2591693	-		SPO2438
CP000031.2	2591934	2592701	+		SPO2439
CP000031.2	2592709	2593863	+		SPO2440
CP000031.2	2594077	2595051	+		SPO2441
CP000031.2	2595165	2596196	+		SPO2442
CP000031.2	2596208	2597269	+		SPO2443
CP000031.2	2597381	2597803	-	ndk	SPO2444
CP000031.2	2597930	2599195	-		SPO2445
CP000031.2	2599237	2601087	+		SPO2446
CP000031.2	2601042	2601566	+		SPO2447
CP000031.2	2601563	2602183	+		SPO2448
CP000031.2	2602223	2602804	+		SPO2449
CP000031.2	2602904	2603656	+		SPO2450
CP000031.2	2603666	2604430	-		SPO2451
CP000031.2	2604617	2605081	-		SPO2452
CP000031.2	2605086	2606567	-	pepA	SPO2453
CP000031.2	2606800	2607897	+		SPO2454
CP000031.2	2607897	2610053	+		SPO2455
CP000031.2	2610038	2611276	+		SPO2456
CP000031.2	2611281	2612240	+	pdxA-1	SPO2457
CP000031.2	2612322	2613161	+	ksgA	SPO2458
CP000031.2	2613329	2614039	-		SPO2459
CP000031.2	2614197	2615012	-		SPO2460
CP000031.2	2615036	2616091	-	prfA	SPO2461
CP000031.2	2616119	2616448	+		SPO2462
CP000031.2	2616389	2616793	-		SPO2463
CP000031.2	2616797	2617744	-	speB-2	SPO2464
CP000031.2	2617829	2618368	-		SPO2465
CP000031.2	2618408	2618785	+		SPO2466
CP000031.2	2618826	2619809	-	speB-3	SPO2467
CP000031.2	2619855	2621018	-		SPO2468
CP000031.2	2621084	2621905	+		SPO2469
CP000031.2	2622029	2622970	+	iunH	SPO2470
CP000031.2	2622967	2623416	+		SPO2471
CP000031.2	2623474	2623788	-		SPO2472
CP000031.2	2623760	2624521	-		SPO2473
CP000031.2	2624679	2625956	-	eno	SPO2474
CP000031.2	2626106	2627041	-		SPO2475
CP000031.2	2627221	2627538	+		SPO2476
CP000031.2	2627653	2628066	-	mur	SPO2477
CP000031.2	2628406	2629668	+		SPO2478
CP000031.2	2629707	2630138	-		SPO2479
CP000031.2	2630164	2631609	+		SPO2480
CP000031.2	2631697	2632602	-		SPO2481
CP000031.2	2632688	2633389	+		SPO2482
CP000031.2	2633487	2634569	-		SPO2483
CP000031.2	2634662	2635909	+	tyrS	SPO2484
CP000031.2	2636008	2636130	-		SPO2485
CP000031.2	2636177	2637079	+		SPO2486
CP000031.2	2637107	2637862	+		SPO2487
CP000031.2	2637884	2639692	-		SPO2488
CP000031.2	2639745	2640536	-		SPO2489
CP000031.2	2640572	2641039	-		SPO2490
CP000031.2	2641055	2641663	+		SPO2491
CP000031.2	2641872	2642078	+	rpmF	SPO2492
CP000031.2	2642103	2643218	+	plsX	SPO2493
CP000031.2	2643224	2644195	+	fabH-2	SPO2494
CP000031.2	2644280	2644582	+	ihfA	SPO2495
CP000031.2	2644601	2645332	+		SPO2496
CP000031.2	2645394	2645470	+		SPO_tRNA-Pro-5
CP000031.2	2645532	2646611	+		SPO2498
CP000031.2	2646622	2646837	-		SPO2499
CP000031.2	2646906	2647562	-	scpB	SPO2500
CP000031.2	2647559	2648404	-	scpA	SPO2501
CP000031.2	2648340	2649347	-		SPO2502
CP000031.2	2649344	2650570	-		SPO2503
CP000031.2	2650530	2652275	-	argS	SPO2504
CP000031.2	2652347	2653504	-		SPO2505
CP000031.2	2653580	2653903	+		SPO2506
CP000031.2	2653907	2654800	-		SPO2507
CP000031.2	2655933	2656418	-		SPO2508
CP000031.2	2656687	2657493	+	xth	SPO2509
CP000031.2	2657582	2658748	-	nahG	SPO2510
CP000031.2	2658827	2659303	-		SPO2511
CP000031.2	2659639	2660484	+		SPO2512
CP000031.2	2660652	2662097	+		SPO2513
CP000031.2	2662113	2662280	+		SPO2514
CP000031.2	2662285	2663469	+		SPO2515
CP000031.2	2663514	2663705	-		SPO2516
CP000031.2	2663947	2664633	+		SPO2517
CP000031.2	2664630	2665634	+		SPO2518
CP000031.2	2665626	2666180	-		SPO2519
CP000031.2	2666177	2667388	-		SPO2520
CP000031.2	2667428	2668204	-		SPO2521
CP000031.2	2668333	2668608	-		SPO2522
CP000031.2	2668592	2671393	-	glnE	SPO2523
CP000031.2	2671476	2671949	+		SPO2524
CP000031.2	2671959	2672105	-		SPO2525
CP000031.2	2672615	2672827	-		SPO2526
CP000031.2	2675133	2676572	-	nylA	SPO2527
CP000031.2	2676618	2678333	-		SPO2528
CP000031.2	2678337	2680001	-		SPO2529
CP000031.2	2679998	2681020	-		SPO2530
CP000031.2	2681017	2681895	-		SPO2531
CP000031.2	2681899	2682615	-		SPO2532
CP000031.2	2682612	2683379	-		SPO2533
CP000031.2	2683387	2684706	-		SPO2534
CP000031.2	2684726	2685841	-		SPO2535
CP000031.2	2685998	2686735	+		SPO2536
CP000031.2	2687186	2687305	-		SPO2537
CP000031.2	2687392	2688633	-		SPO2538
CP000031.2	2688663	2690210	-		SPO2539
CP000031.2	2690234	2691604	-		SPO2540
CP000031.2	2691612	2693168	-		SPO2541
CP000031.2	2693313	2693540	+		SPO2542
CP000031.2	2693581	2694330	+		SPO2543
CP000031.2	2694318	2695223	-		SPO2544
CP000031.2	2695282	2696325	-		SPO2545
CP000031.2	2696371	2696883	-		SPO2546
CP000031.2	2696885	2698198	-		SPO2547
CP000031.2	2698319	2699311	+		SPO2548
CP000031.2	2699318	2700349	+		SPO2549
CP000031.2	2700406	2701119	-		SPO2550
CP000031.2	2701139	2702095	-		SPO2551
CP000031.2	2702095	2703960	-		SPO2552
CP000031.2	2703957	2704904	-		SPO2553
CP000031.2	2704965	2706596	-		SPO2554
CP000031.2	2706644	2707309	+		SPO2555
CP000031.2	2707302	2708531	+		SPO2556
CP000031.2	2710770	2711726	+	gnl	SPO2559
CP000031.2	2711723	2712622	+	garR	SPO2560
CP000031.2	2712619	2713851	+		SPO2561
CP000031.2	2713848	2714495	+	fucA	SPO2562
CP000031.2	2714492	2715247	+		SPO2563
CP000031.2	2715967	2716071	+		SPO2564
CP000031.2	2716358	2717440	+		SPO2565
CP000031.2	2717427	2718212	+		SPO2566
CP000031.2	2719095	2719544	+		SPO2567
CP000031.2	2719602	2720039	+		SPO2568
CP000031.2	2720073	2720936	+	ate	SPO2569
CP000031.2	2720941	2721321	+		SPO2570
CP000031.2	2721518	2723872	-		SPO2571
CP000031.2	2723890	2724585	-		SPO2572
CP000031.2	2724932	2726017	-		SPO2573
CP000031.2	2726107	2727711	+		SPO2574
CP000031.2	2727708	2728358	+		SPO2575
CP000031.2	2728310	2728927	-		SPO2576
CP000031.2	2729045	2730133	+		SPO2577
CP000031.2	2730488	2732239	+	ilvB	SPO2578
CP000031.2	2732309	2732869	+	ilvN	SPO2579
CP000031.2	2732881	2733249	-		SPO2580
CP000031.2	2733467	2734264	+		SPO2581
CP000031.2	2734306	2735085	-		SPO2582
CP000031.2	2735117	2736520	-		SPO2583
CP000031.2	2736655	2737086	+		SPO2584
CP000031.2	2737182	2738309	-	prfB	SPO2585
CP000031.2	2738541	2740532	+		SPO2586
CP000031.2	2740526	2743012	-	mrca	SPO2587
CP000031.2	2743169	2744386	-		SPO2588
CP000031.2	2744448	2745617	-		SPO2589
CP000031.2	2745616	2746965	+		SPO2590
CP000031.2	2746962	2747720	+		SPO2591
CP000031.2	2747791	2748579	-		SPO2592
CP000031.2	2748810	2749070	+		SPO2593
CP000031.2	2749078	2750205	-	ispG	SPO2594
CP000031.2	2750275	2751480	-		SPO2595
CP000031.2	2751610	2752833	-	hemA-1	SPO2596
CP000031.2	2753153	2754541	+		SPO2597
CP000031.2	2754570	2755529	-		SPO2598
CP000031.2	2755572	2755648	-		SPO_tRNA-Asp-1
CP000031.2	2755701	2755777	-		SPO_tRNA-Asp-2
CP000031.2	2755964	2756902	-		SPO2601
CP000031.2	2757002	2757874	-		SPO2602
CP000031.2	2757970	2758764	+		SPO2603
CP000031.2	2758781	2759317	+		SPO2604
CP000031.2	2759319	2760644	+		SPO2605
CP000031.2	2760699	2761733	+		SPO2606
CP000031.2	2761831	2763186	+		SPO2607
CP000031.2	2763290	2764666	+		SPO2608
CP000031.2	2764672	2765817	+		SPO2609
CP000031.2	2765918	2766706	+		SPO2610
CP000031.2	2766847	2766921	-		SPO_tRNA-Val-3
CP000031.2	2766941	2767435	-		SPO2612
CP000031.2	2767580	2769991	-	lon	SPO2613
CP000031.2	2770254	2770937	-		SPO2614
CP000031.2	2770953	2772029	-		SPO2615
CP000031.2	2772303	2773433	-	tgt	SPO2616
CP000031.2	2773609	2774499	+		SPO2617
CP000031.2	2774499	2774771	+		SPO2618
CP000031.2	2774916	2775278	+		SPO2619
CP000031.2	2775570	2775944	+		SPO2620
CP000031.2	2776046	2776801	+	tpiA	SPO2621
CP000031.2	2776811	2777326	+		SPO2622
CP000031.2	2777344	2777961	-		SPO2623
CP000031.2	2778081	2778536	+		SPO2624
CP000031.2	2778588	2779241	+		SPO2625
CP000031.2	2779287	2780684	-		SPO2626
CP000031.2	2780684	2781355	-		SPO2627
CP000031.2	2781428	2782429	-		SPO2628
CP000031.2	2782757	2783986	-		SPO2629
CP000031.2	2783983	2785719	-		SPO2630
CP000031.2	2785773	2786234	-		SPO2631
CP000031.2	2786375	2787151	+	cobA-1	SPO2632
CP000031.2	2787151	2787465	+		SPO2633
CP000031.2	2787529	2789193	+		SPO2634
CP000031.2	2789183	2789944	+	cysH	SPO2635
CP000031.2	2789941	2790348	+		SPO2636
CP000031.2	2790463	2791296	+		SPO2637
CP000031.2	2791443	2791991	+	infC	SPO2638
CP000031.2	2792213	2793253	-		SPO2639
CP000031.2	2793250	2794230	-		SPO2640
CP000031.2	2794398	2794991	-		SPO2641
CP000031.2	2794995	2795579	-		SPO2642
CP000031.2	2795664	2796752	-		SPO2643
CP000031.2	2796749	2798011	-		SPO2644
CP000031.2	2798048	2799031	+		SPO2645
CP000031.2	2799125	2800033	-		SPO2646
CP000031.2	2800109	2801326	+		SPO2647
CP000031.2	2801323	2802012	+		SPO2648
CP000031.2	2802012	2804393	+		SPO2649
CP000031.2	2804397	2805095	+		SPO2650
CP000031.2	2805102	2806181	+		SPO2651
CP000031.2	2806267	2807226	+		SPO2652
CP000031.2	2807217	2807744	-		SPO2652a
CP000031.2	2807763	2808803	+		SPO2653
CP000031.2	2808881	2809558	+	pyrE	SPO2654
CP000031.2	2809754	2811244	+	dnaB	SPO2655
CP000031.2	2811254	2812144	-		SPO2656
CP000031.2	2812165	2813322	+		SPO2657
CP000031.2	2813354	2814217	+	gltI	SPO2658
CP000031.2	2814284	2815000	+	gltJ	SPO2659
CP000031.2	2815004	2815660	+	gltK	SPO2660
CP000031.2	2815657	2816385	+	gltL	SPO2661
CP000031.2	2816517	2817974	-		SPO2662
CP000031.2	2817971	2819341	-	aspA	SPO2663
CP000031.2	2819352	2820119	-		SPO2664
CP000031.2	2820121	2820915	-		SPO2665
CP000031.2	2820992	2821795	-		SPO2666
CP000031.2	2821813	2822646	-		SPO2667
CP000031.2	2822838	2823731	+		SPO2668
CP000031.2	2823917	2824870	+		SPO2669
CP000031.2	2824890	2826023	+	alr	SPO2670
CP000031.2	2826020	2826802	+		SPO2671
CP000031.2	2826799	2827548	+		SPO2672
CP000031.2	2827545	2828048	+		SPO2673
CP000031.2	2828260	2829621	+	radA	SPO2674
CP000031.2	2829664	2830218	+		SPO2675
CP000031.2	2830465	2831037	+		SPO2676
CP000031.2	2831180	2832652	+	purF	SPO2677
CP000031.2	2832797	2833045	+		SPO2678
CP000031.2	2833087	2833731	+		SPO2679
CP000031.2	2833786	2834628	-		SPO2680
CP000031.2	2834747	2835685	-	tatC	SPO2681
CP000031.2	2835682	2836140	-	tatB	SPO2682
CP000031.2	2836147	2836362	-		SPO2683
CP000031.2	2836587	2836886	+		SPO2684
CP000031.2	2836952	2837617	+		SPO2685
CP000031.2	2837757	2838947	-		SPO2686
CP000031.2	2839026	2839673	-	pcm-2	SPO2687
CP000031.2	2839670	2840452	-	surE	SPO2688
CP000031.2	2840664	2841761	-		SPO2689
CP000031.2	2841852	2842907	-		SPO2690
CP000031.2	2843066	2844172	-		SPO2691
CP000031.2	2844176	2844955	-		SPO2692
CP000031.2	2845135	2846145	+		SPO2693
CP000031.2	2846272	2846715	+		SPO2694
CP000031.2	2846761	2848368	+		SPO2695
CP000031.2	2848414	2849541	-		SPO2696
CP000031.2	2849544	2851637	-		SPO2697
CP000031.2	2851634	2852794	-		SPO2698
CP000031.2	2852808	2853605	-		SPO2699
CP000031.2	2853602	2854480	-		SPO2700
CP000031.2	2854506	2855615	-		SPO2701
CP000031.2	2855695	2856696	-		SPO2702
CP000031.2	2856697	2857587	-		SPO2703
CP000031.2	2857723	2858808	+		SPO2704
CP000031.2	2858774	2859727	-		SPO2705
CP000031.2	2859724	2860545	-	caiD-1	SPO2706
CP000031.2	2860542	2861576	-		SPO2707
CP000031.2	2861604	2863085	-		SPO2708
CP000031.2	2863229	2863633	+		SPO2709
CP000031.2	2863633	2864439	+		SPO2710
CP000031.2	2864436	2866547	+		SPO2711
CP000031.2	2866561	2867175	+		SPO2712
CP000031.2	2867241	2869199	-		SPO2713
CP000031.2	2869192	2871339	-		SPO2714
CP000031.2	2871336	2873189	-		SPO2715
CP000031.2	2873397	2897678	-		SPO2716
CP000031.2	2897726	2898508	+		SPO2717
CP000031.2	2898517	2899332	+		SPO2718
CP000031.2	2899432	2900268	-		SPO2719
CP000031.2	2901440	2902945	-		SPO2720
CP000031.2	2903103	2903699	+		SPO2721
CP000031.2	2903696	2904055	+		SPO2722
CP000031.2	2904052	2905608	+		SPO2723
CP000031.2	2905670	2906335	+		SPO2723a
CP000031.2	2906727	2910767	+		SPO2724
CP000031.2	2911526	2911624	-		SPO2725
CP000031.2	2911999	2913924	-		SPO2726
CP000031.2	2917909	2918343	-		SPO2729
CP000031.2	2918340	2918546	-		SPO2730
CP000031.2	2918828	2919397	+		SPO2731
CP000031.2	2920540	2923242	+	hsdM	SPO2733
CP000031.2	2923235	2924539	+	hsdS	SPO2734
CP000031.2	2924536	2927919	+	hsdR	SPO2735
CP000031.2	2927916	2928629	+		SPO3899
CP000031.2	2928707	2929645	+		SPO2736
CP000031.2	2929928	2930017	-		SPO_tRNA-Ser-4
CP000031.2	2930226	2931107	+		SPO2738
CP000031.2	2931125	2932291	+		SPO2739
CP000031.2	2932288	2932923	+	tmk	SPO2740
CP000031.2	2932920	2934041	+		SPO2741
CP000031.2	2934038	2934853	+		SPO2742
CP000031.2	2934850	2935650	+		SPO2743
CP000031.2	2935706	2936638	+		SPO2744
CP000031.2	2936611	2937378	+		SPO2745
CP000031.2	2937381	2938667	-		SPO2746
CP000031.2	2938815	2939882	-		SPO2747
CP000031.2	2939888	2940475	-		SPO2748
CP000031.2	2940563	2942338	-		SPO2749
CP000031.2	2942421	2943980	-		SPO2750
CP000031.2	2944097	2944786	-		SPO2751
CP000031.2	2944826	2945107	-		SPO2752
CP000031.2	2945203	2946591	+		SPO2753
CP000031.2	2946588	2947058	-		SPO2754
CP000031.2	2947059	2947427	-		SPO2755
CP000031.2	2947411	2948013	-		SPO2756
CP000031.2	2948019	2948498	-		SPO2757
CP000031.2	2948733	2949125	+		SPO2758
CP000031.2	2949149	2949856	+		SPO2759
CP000031.2	2949939	2951606	-		SPO2760
CP000031.2	2951603	2952382	-		SPO2761
CP000031.2	2952396	2953145	-		SPO2762
CP000031.2	2953204	2954646	-	nuoN	SPO2763
CP000031.2	2954662	2956203	-	nuoM	SPO2764
CP000031.2	2956203	2958347	-	nuoL	SPO2765
CP000031.2	2958354	2958659	-	nuoK	SPO2766
CP000031.2	2958738	2959340	-	nuoJ	SPO2767
CP000031.2	2959337	2959756	-		SPO2768
CP000031.2	2959753	2960622	-		SPO2769
CP000031.2	2960619	2961113	-	nuoI	SPO2770
CP000031.2	2961110	2961325	-		SPO2771
CP000031.2	2961327	2962364	-	nuoH	SPO2772
CP000031.2	2962371	2962757	-		SPO2773
CP000031.2	2962754	2964778	-	nuoG	SPO2774
CP000031.2	2964782	2965288	-		SPO2775
CP000031.2	2965285	2965668	-		SPO2776
CP000031.2	2965665	2966963	-	nuoF	SPO2777
CP000031.2	2966973	2967218	-		SPO2778
CP000031.2	2967222	2967668	-		SPO2779
CP000031.2	2967691	2968935	-	nuoE	SPO2780
CP000031.2	2968961	2969272	-		SPO2781
CP000031.2	2969269	2970486	-	nuoD	SPO2782
CP000031.2	2970562	2970699	-		SPO2783
CP000031.2	2970878	2971480	-	nuoC	SPO2784
CP000031.2	2971493	2972026	-	nuoB	SPO2785
CP000031.2	2972017	2972382	-	nuoA	SPO2786
CP000031.2	2972568	2973356	-		SPO2787
CP000031.2	2973423	2974277	-	mvaB	SPO2788
CP000031.2	2974343	2976280	-	mccA	SPO2789
CP000031.2	2976299	2976865	-		SPO3900
CP000031.2	2976952	2978556	-	mccB	SPO2790
CP000031.2	2978553	2980085	-	acsA	SPO2791
CP000031.2	2980253	2980858	+	ompW	SPO2792
CP000031.2	2980920	2982083	-	ivD	SPO2793
CP000031.2	2982117	2982233	-		SPO2794
CP000031.2	2982238	2983428	-		SPO2795
CP000031.2	2983502	2984164	-	gph-2	SPO2796
CP000031.2	2984283	2985635	+	glmU	SPO2797
CP000031.2	2985716	2986402	+		SPO2798
CP000031.2	2986942	2987949	+		SPO2799
CP000031.2	2987953	2989251	+	kdtA	SPO2800
CP000031.2	2989251	2990306	+	lpcC	SPO2801
CP000031.2	2990368	2991423	+		SPO2802
CP000031.2	2991466	2992983	+		SPO2803
CP000031.2	2992980	2994053	+		SPO2804
CP000031.2	2994050	2994994	+		SPO2805
CP000031.2	2995004	2996296	+		SPO2806
CP000031.2	2996355	2996993	+		SPO2807
CP000031.2	2997042	2998205	-		SPO2808
CP000031.2	2998227	2999396	-		SPO2809
CP000031.2	2999411	3000574	-		SPO2810
CP000031.2	3000605	3001771	-		SPO2811
CP000031.2	3001936	3003102	-	argE-1	SPO2812
CP000031.2	3003106	3004971	-		SPO2813
CP000031.2	3005237	3006958	+		SPO2814
CP000031.2	3007055	3008062	+		SPO2815
CP000031.2	3008055	3008966	+		SPO2816
CP000031.2	3009176	3010249	+		SPO2817
CP000031.2	3010185	3011465	-		SPO2818
CP000031.2	3011652	3013085	-	pntB	SPO2819
CP000031.2	3013099	3014670	-	pntA	SPO2820
CP000031.2	3014801	3015250	-		SPO2821
CP000031.2	3015439	3016386	-		SPO2822
CP000031.2	3016507	3017259	+	bdh-2	SPO2823
CP000031.2	3017475	3018680	+	kynU	SPO2824
CP000031.2	3018688	3019266	-		SPO2825
CP000031.2	3019388	3019852	+	iorA	SPO2826
CP000031.2	3019856	3022096	+		SPO2827
CP000031.2	3022298	3024376	+		SPO2828
CP000031.2	3024662	3026077	-		SPO2829
CP000031.2	3026074	3027690	-		SPO2830
CP000031.2	3027687	3028673	-		SPO2831
CP000031.2	3028670	3029644	-		SPO2832
CP000031.2	3029641	3030519	-		SPO2833
CP000031.2	3030530	3031474	-		SPO2834
CP000031.2	3031550	3033118	-		SPO2835
CP000031.2	3033293	3034084	+		SPO2836
CP000031.2	3034342	3035121	-		SPO2837
CP000031.2	3035244	3035669	-		SPO2838
CP000031.2	3035755	3037902	-	glcB	SPO2839
CP000031.2	3038166	3038915	+		SPO2840
CP000031.2	3039021	3041573	+	pepN	SPO2841
CP000031.2	3041577	3042317	+		SPO2842
CP000031.2	3042277	3042756	+		SPO2843
CP000031.2	3042301	3043287	-		SPO2844
CP000031.2	3042728	3044164	+		SPO2845
CP000031.2	3044167	3045009	-		SPO2846
CP000031.2	3045151	3046662	+	gatB	SPO2847
CP000031.2	3046927	3047454	+		SPO2848
CP000031.2	3047451	3047705	-		SPO2849
CP000031.2	3047849	3048469	+		SPO2850
CP000031.2	3048462	3049625	-		SPO2851
CP000031.2	3049638	3050240	+		SPO2852
CP000031.2	3050380	3051366	+		SPO2853
CP000031.2	3051363	3051806	+	nucH	SPO2854
CP000031.2	3051927	3053804	+		SPO2855
CP000031.2	3053976	3054362	-		SPO2856
CP000031.2	3054454	3056244	+		SPO2857
CP000031.2	3056328	3056672	+		SPO2858
CP000031.2	3056740	3057702	-		SPO2859
CP000031.2	3057922	3058806	+		SPO2860
CP000031.2	3059172	3059570	+		SPO2861
CP000031.2	3059574	3060629	+		SPO2862
CP000031.2	3060639	3063932	+		SPO2863
CP000031.2	3063929	3065056	+		SPO2864
CP000031.2	3065056	3065685	+	cobH	SPO2865
CP000031.2	3065682	3066410	+	cobI	SPO2866
CP000031.2	3066407	3067159	+	cobJ	SPO2867
CP000031.2	3067132	3067884	-	cobK	SPO2868
CP000031.2	3067883	3069082	+	cobL	SPO2869
CP000031.2	3069079	3069447	+		SPO2870
CP000031.2	3069444	3070238	+	cobM	SPO2871
CP000031.2	3070231	3071547	+	cobB	SPO2872
CP000031.2	3071544	3072272	+	cobA-2	SPO2873
CP000031.2	3072265	3073008	+	cobF	SPO2874
CP000031.2	3073275	3073469	+		SPO2875
CP000031.2	3073473	3074171	+		SPO2876
CP000031.2	3074235	3074729	+		SPO2877
CP000031.2	3074717	3075109	-		SPO2878
CP000031.2	3075129	3076046	-		SPO2879
CP000031.2	3076113	3076940	-		SPO2880
CP000031.2	3076958	3079153	+		SPO2881
CP000031.2	3079195	3080103	+		SPO2882
CP000031.2	3080175	3081725	-		SPO2883
CP000031.2	3081812	3082327	+		SPO2884
CP000031.2	3082401	3084020	+		SPO2885
CP000031.2	3084007	3085200	+		SPO2886
CP000031.2	3085378	3086748	+		SPO2887
CP000031.2	3086776	3088002	+		SPO2888
CP000031.2	3087999	3089498	+	mdoG	SPO2889
CP000031.2	3089486	3091369	+		SPO2890
CP000031.2	3091374	3092192	-		SPO2891
CP000031.2	3092189	3092671	-		SPO2892
CP000031.2	3092892	3095801	+	phaA	SPO2893
CP000031.2	3095803	3096162	+		SPO2894
CP000031.2	3096159	3097706	+	phaD	SPO2895
CP000031.2	3097703	3098200	+	phaE	SPO2896
CP000031.2	3098197	3098469	+	phaF	SPO2897
CP000031.2	3098477	3098863	+	phaG	SPO2898
CP000031.2	3098868	3101027	+		SPO2899
CP000031.2	3101183	3102235	-		SPO2900
CP000031.2	3102273	3102938	-		SPO2901
CP000031.2	3102948	3103577	-		SPO2902
CP000031.2	3103731	3105479	+		SPO2903
CP000031.2	3105483	3107057	-		SPO2904
CP000031.2	3107175	3107513	+		SPO2905
CP000031.2	3107510	3107941	+		SPO2906
CP000031.2	3107944	3108996	+	pyrD	SPO2907
CP000031.2	3108993	3109337	+	arsC-1	SPO2908
CP000031.2	3109321	3110646	-	dinF	SPO2909
CP000031.2	3110654	3111172	-		SPO2910
CP000031.2	3111174	3111644	-		SPO2911
CP000031.2	3111711	3112079	+		SPO2912
CP000031.2	3112200	3112394	+		SPO2913
CP000031.2	3112614	3113015	+		SPO2914
CP000031.2	3113060	3114841	+		SPO2915
CP000031.2	3114896	3115108	+		SPO2916
CP000031.2	3115377	3116015	+		SPO2917
CP000031.2	3116026	3117237	+		SPO2918
CP000031.2	3117237	3117725	+		SPO2919
CP000031.2	3117718	3119919	+	fabJ-1	SPO2920
CP000031.2	3119988	3120722	-		SPO2921
CP000031.2	3120894	3121541	-		SPO2922
CP000031.2	3121573	3122481	-		SPO2923
CP000031.2	3122516	3123655	+		SPO2924
CP000031.2	3123722	3124882	-		SPO2925
CP000031.2	3124961	3125593	-	upp	SPO2926
CP000031.2	3125590	3126591	-	add	SPO2927
CP000031.2	3126588	3127799	-	deoB	SPO2928
CP000031.2	3127796	3129106	-	deoA	SPO2929
CP000031.2	3129110	3129502	-	cdd	SPO2930
CP000031.2	3129644	3130828	-		SPO2931
CP000031.2	3130874	3133147	+		SPO2932
CP000031.2	3133190	3133579	+		SPO2933
CP000031.2	3133804	3135693	+	prpE	SPO2934
CP000031.2	3135863	3136318	+		SPO2935
CP000031.2	3136315	3136875	+		SPO2936
CP000031.2	3136875	3137447	+		SPO2937
CP000031.2	3137526	3138956	+		SPO2938
CP000031.2	3139261	3140022	-		SPO2939
CP000031.2	3140191	3141486	+	glyA-2	SPO2940
CP000031.2	3141622	3142431	+		SPO2941
CP000031.2	3142500	3142874	-		SPO2942
CP000031.2	3142977	3143735	+		SPO2943
CP000031.2	3143880	3144104	-		SPO2944
CP000031.2	3144144	3144527	-		SPO2945
CP000031.2	3144629	3146116	-		SPO2946
CP000031.2	3146132	3146593	-		SPO2947
CP000031.2	3146695	3147741	+		SPO2948
CP000031.2	3147747	3148091	-		SPO2949
CP000031.2	3148161	3149342	-		SPO2950
CP000031.2	3149397	3150176	-		SPO2951
CP000031.2	3150253	3152031	-		SPO2952
CP000031.2	3152139	3152951	-		SPO2953
CP000031.2	3153133	3153690	-		SPO2954
CP000031.2	3153699	3155090	-	mgtE	SPO2955
CP000031.2	3155226	3156509	+		SPO2956
CP000031.2	3156590	3157924	-		SPO2957
CP000031.2	3158041	3158832	-		SPO2958
CP000031.2	3158882	3159253	-		SPO2959
CP000031.2	3159604	3160560	+		SPO2960
CP000031.2	3160723	3161601	-		SPO2961
CP000031.2	3161681	3161932	+		SPO2962
CP000031.2	3162082	3162891	+		SPO2963
CP000031.2	3162963	3163613	-		SPO2964
CP000031.2	3163618	3163785	-	rpmG	SPO2965
CP000031.2	3163911	3164251	-		SPO_SprnpB1
CP000031.2	3164374	3165048	-		SPO2967
CP000031.2	3165055	3165966	-		SPO2968
CP000031.2	3165882	3167372	-	gatA	SPO2969
CP000031.2	3167376	3167663	-	gatC	SPO2970
CP000031.2	3167740	3168891	-		SPO2971
CP000031.2	3169007	3169489	-		SPO2972
CP000031.2	3170868	3171302	-		SPO2973a
CP000031.2	3171753	3173039	-		SPO2974
CP000031.2	3173113	3173760	-		SPO2975
CP000031.2	3173818	3174510	+		SPO2976
CP000031.2	3174601	3175590	+		SPO2977
CP000031.2	3175587	3176546	+		SPO2978
CP000031.2	3176646	3177095	-		SPO2979
CP000031.2	3177092	3178108	-		SPO2980
CP000031.2	3178250	3180010	-		SPO2981
CP000031.2	3180074	3180547	-		SPO2982
CP000031.2	3180549	3181028	-		SPO2983
CP000031.2	3181090	3182253	+		SPO2984
CP000031.2	3182430	3183329	+		SPO2985
CP000031.2	3183355	3184545	+		SPO2986
CP000031.2	3184550	3185512	+		SPO2987
CP000031.2	3185540	3186655	+		SPO2988
CP000031.2	3186719	3187207	+		SPO2989
CP000031.2	3187211	3188338	+		SPO2990
CP000031.2	3188453	3188872	-		SPO3904
CP000031.2	3189013	3189681	+		SPO2991
CP000031.2	3189692	3190129	+	dtd	SPO2992
CP000031.2	3190126	3191232	+		SPO2993
CP000031.2	3191277	3193277	+		SPO2994
CP000031.2	3193310	3194986	+		SPO2995
CP000031.2	3195006	3195962	+		SPO2996
CP000031.2	3195959	3196774	+		SPO2997
CP000031.2	3196771	3198408	+		SPO2998
CP000031.2	3198454	3199704	-		SPO2999
CP000031.2	3199820	3200755	+		SPO3000
CP000031.2	3200814	3201371	+		SPO3001
CP000031.2	3201374	3202297	-		SPO3002
CP000031.2	3202315	3204204	-		SPO3003
CP000031.2	3204430	3204858	-		SPO3004
CP000031.2	3204925	3206856	-		SPO3005
CP000031.2	3206885	3206959	-		SPO_tRNA-Gly-6
CP000031.2	3207059	3207145	-		SPO_tRNA-Leu-5
CP000031.2	3207372	3207950	-		SPO3008
CP000031.2	3207963	3208451	-	putR	SPO3009
CP000031.2	3208556	3211960	+	putA	SPO3010
CP000031.2	3212084	3212827	+		SPO3011
CP000031.2	3212898	3213683	-		SPO3012
CP000031.2	3213858	3214898	+		SPO3013
CP000031.2	3215134	3215493	+		SPO3014
CP000031.2	3215536	3216441	-	metR	SPO3015
CP000031.2	3216491	3217414	+	metF	SPO3016
CP000031.2	3217476	3217961	+		SPO3017
CP000031.2	3218165	3219244	-		SPO3018
CP000031.2	3219219	3221510	-		SPO3019
CP000031.2	3221648	3223285	-		SPO3020
CP000031.2	3223309	3224277	+		SPO3021
CP000031.2	3224636	3227698	+		SPO3022
CP000031.2	3227724	3228110	+		SPO3023
CP000031.2	3228183	3229580	+		SPO3024
CP000031.2	3229754	3230536	-		SPO3025
CP000031.2	3230610	3231785	-		SPO3026
CP000031.2	3231737	3232879	+		SPO3027
CP000031.2	3232903	3233109	+		SPO3028
CP000031.2	3233117	3234325	-		SPO3029
CP000031.2	3234420	3236390	+		SPO3030
CP000031.2	3236468	3237100	-	eda-1	SPO3031
CP000031.2	3237104	3238909	-	edd	SPO3032
CP000031.2	3238912	3240363	-	zwf-2	SPO3033
CP000031.2	3241130	3243373	-		SPO3034
CP000031.2	3243421	3244659	-		SPO3035
CP000031.2	3245167	3247227	-		SPO3036
CP000031.2	3247804	3248613	+		SPO3037
CP000031.2	3248601	3251297	-		SPO3038
CP000031.2	3251294	3252037	-		SPO3039
CP000031.2	3252206	3253039	+		SPO3040
CP000031.2	3253043	3253822	+		SPO3041
CP000031.2	3253812	3254699	+		SPO3042
CP000031.2	3254712	3255461	+	glnQ	SPO3043
CP000031.2	3255580	3256584	+		SPO3044
CP000031.2	3256587	3257390	-		SPO3045
CP000031.2	3257436	3259523	-		SPO3046
CP000031.2	3259535	3260740	-		SPO3047
CP000031.2	3260753	3261892	-		SPO3048
CP000031.2	3261910	3263580	-		SPO3049
CP000031.2	3263844	3263936	-		SPO3050
CP000031.2	3264043	3264681	-		SPO3051
CP000031.2	3264683	3265108	-		SPO3052
CP000031.2	3265160	3265660	-		SPO3053
CP000031.2	3265725	3266486	-		SPO3054
CP000031.2	3266536	3267024	-		SPO3055
CP000031.2	3267108	3267713	+		SPO3056
CP000031.2	3267713	3268351	+		SPO3057
CP000031.2	3268480	3270114	-		SPO3058
CP000031.2	3270275	3270856	+		SPO3059
CP000031.2	3270933	3271805	+	mtaP	SPO3060
CP000031.2	3273085	3273558	+		SPO3062
CP000031.2	3273589	3274248	+		SPO3063
CP000031.2	3274245	3274478	-		SPO3064
CP000031.2	3274477	3274644	+		SPO3065
CP000031.2	3274760	3275299	+	apt	SPO3066
CP000031.2	3275369	3276781	-		SPO3067
CP000031.2	3276820	3277668	-		SPO3068
CP000031.2	3277747	3278331	-		SPO3069
CP000031.2	3278331	3279593	-		SPO3070
CP000031.2	3279590	3280981	-	thrC	SPO3071
CP000031.2	3280987	3281658	-		SPO3072
CP000031.2	3281844	3282659	-	ctaE	SPO3073
CP000031.2	3282682	3283257	-	ctaG	SPO3074
CP000031.2	3283421	3284377	-	cyoE	SPO3075
CP000031.2	3284465	3285301	-	ctaC	SPO3076
CP000031.2	3285479	3286900	+		SPO3077
CP000031.2	3287125	3288273	+		SPO3078
CP000031.2	3288437	3291079	+	topA	SPO3079
CP000031.2	3291101	3291682	-		SPO3080
CP000031.2	3291750	3292175	+		SPO3081
CP000031.2	3292308	3293012	+	dxnG	SPO3082
CP000031.2	3293016	3293642	+	dxnH	SPO3083
CP000031.2	3293696	3294634	-		SPO3084
CP000031.2	3294896	3295084	+		SPO3085
CP000031.2	3295499	3296416	+		SPO3086
CP000031.2	3296591	3298018	+		SPO3087
CP000031.2	3298026	3298661	+		SPO3088
CP000031.2	3298845	3300083	+		SPO3089
CP000031.2	3300108	3301547	+		SPO3090
CP000031.2	3301559	3302527	+		SPO3091
CP000031.2	3302538	3303518	+		SPO3092
CP000031.2	3303523	3304113	+		SPO3093
CP000031.2	3304143	3304991	+		SPO3094
CP000031.2	3304996	3305541	+		SPO3095
CP000031.2	3305579	3306967	+		SPO3096
CP000031.2	3306964	3307773	+	mmsB-2	SPO3097
CP000031.2	3307855	3310263	+		SPO3098
CP000031.2	3310305	3310967	+		SPO3099
CP000031.2	3310964	3311707	-		SPO3100
CP000031.2	3311969	3312859	-		SPO3101
CP000031.2	3312923	3313228	-		SPO3102
CP000031.2	3313288	3314964	-	fhs-2	SPO3103
CP000031.2	3315131	3315709	-		SPO3104
CP000031.2	3315823	3317742	-	ftsH	SPO3105
CP000031.2	3317815	3319074	-		SPO3106
CP000031.2	3319065	3319880	-		SPO3107
CP000031.2	3319885	3320430	-	pal	SPO3108
CP000031.2	3320483	3321802	-		SPO3109
CP000031.2	3321799	3322941	-		SPO3110
CP000031.2	3322951	3323430	-		SPO3111
CP000031.2	3323434	3324129	-	tolQ	SPO3112
CP000031.2	3324237	3324620	-		SPO3113
CP000031.2	3324617	3325243	-		SPO3114
CP000031.2	3325423	3326448	-	ruvB	SPO3115
CP000031.2	3326495	3327169	-	ruvA	SPO3116
CP000031.2	3327166	3327663	-	ruvC	SPO3117
CP000031.2	3327995	3328213	+		SPO3118
CP000031.2	3328296	3328652	-		SPO3119
CP000031.2	3328740	3329618	-		SPO3120
CP000031.2	3329618	3331012	-		SPO3121
CP000031.2	3331017	3332249	-		SPO3122
CP000031.2	3332419	3333483	+		SPO3123
CP000031.2	3333555	3333974	+		SPO3124
CP000031.2	3333990	3334508	+		SPO3125
CP000031.2	3334505	3335251	+		SPO3126
CP000031.2	3335401	3337611	-	priA	SPO3127
CP000031.2	3337730	3338383	+	fsaB	SPO3128
CP000031.2	3338605	3339312	+		SPO3129
CP000031.2	3339309	3340229	+	xerC	SPO3130
CP000031.2	3340301	3341008	+	pcs	SPO3131
CP000031.2	3340974	3341597	-		SPO3132
CP000031.2	3341594	3342052	-		SPO3133
CP000031.2	3342121	3342573	-	ogt	SPO3134
CP000031.2	3342713	3343675	-		SPO3135
CP000031.2	3343677	3346589	-	ileS	SPO3136
CP000031.2	3346815	3347402	+		SPO3137
CP000031.2	3347422	3348132	-		SPO3138
CP000031.2	3348258	3348665	+		SPO3139
CP000031.2	3348760	3349770	-		SPO3140
CP000031.2	3349755	3350195	-		SPO3141
CP000031.2	3350192	3351607	-		SPO3142
CP000031.2	3351839	3352627	+	truA	SPO3143
CP000031.2	3352582	3353289	-		SPO3144
CP000031.2	3353372	3354388	+		SPO3145
CP000031.2	3354391	3355386	+		SPO3146
CP000031.2	3355489	3356409	+	ppaC	SPO3147
CP000031.2	3356464	3357159	-		SPO3148
CP000031.2	3357279	3357737	-		SPO3149
CP000031.2	3357790	3358707	+		SPO3150
CP000031.2	3358788	3359663	+		SPO3151
CP000031.2	3359715	3360209	+		SPO3152
CP000031.2	3360450	3362141	+		SPO3153
CP000031.2	3362238	3363170	+	ribF	SPO3154
CP000031.2	3363167	3363637	+		SPO3155
CP000031.2	3363637	3364674	+		SPO3156
CP000031.2	3364763	3365581	-		SPO3157
CP000031.2	3365578	3366180	-	nahD	SPO3158
CP000031.2	3366288	3367307	+	prs	SPO3159
CP000031.2	3367390	3367758	-		SPO3160
CP000031.2	3367869	3368279	-	atpC	SPO3161
CP000031.2	3368292	3369716	-	atpD	SPO3162
CP000031.2	3369736	3370611	-	atpG	SPO3163
CP000031.2	3370624	3372162	-	atpA	SPO3164
CP000031.2	3372163	3372723	-	atpH	SPO3165
CP000031.2	3373130	3374077	+		SPO3166
CP000031.2	3374086	3374838	-		SPO3167
CP000031.2	3374899	3375666	+		SPO3168
CP000031.2	3375841	3378168	+	clpA	SPO3169
CP000031.2	3378387	3379127	+		SPO3170
CP000031.2	3379130	3381430	-		SPO3171
CP000031.2	3381434	3382615	-		SPO3172
CP000031.2	3382686	3383219	-		SPO3173
CP000031.2	3383228	3384283	+		SPO3174
CP000031.2	3384299	3385159	-		SPO3175
CP000031.2	3385156	3386079	-		SPO3176
CP000031.2	3386076	3387191	-	hisC	SPO3177
CP000031.2	3387228	3388643	-		SPO3178
CP000031.2	3388749	3389207	+		SPO3179
CP000031.2	3389204	3389653	-	rpiB	SPO3180
CP000031.2	3389781	3390401	-	rpsD	SPO3181
CP000031.2	3390603	3391667	-		SPO3182
CP000031.2	3391906	3393939	+		SPO3183
CP000031.2	3393936	3394643	-		SPO3184
CP000031.2	3394732	3396135	+		SPO3185
CP000031.2	3396225	3398060	-	opuD	SPO3186
CP000031.2	3398168	3399181	-	comC	SPO3187
CP000031.2	3399194	3399826	-		SPO3188
CP000031.2	3399823	3401511	-		SPO3189
CP000031.2	3401517	3402497	-		SPO3190
CP000031.2	3402494	3403945	-		SPO3191
CP000031.2	3404048	3404920	+		SPO3192
CP000031.2	3404924	3405355	-		SPO3193
CP000031.2	3405487	3407769	+		SPO3194
CP000031.2	3408045	3409139	+		SPO3195
CP000031.2	3409224	3409949	+		SPO3196
CP000031.2	3409933	3410328	-		SPO3197
CP000031.2	3410337	3411014	-	rnc	SPO3198
CP000031.2	3411011	3411850	-	lepB	SPO3199
CP000031.2	3411884	3412330	-	acpS	SPO3200
CP000031.2	3412395	3413141	-	pdxJ	SPO3201
CP000031.2	3413177	3413833	-		SPO3202
CP000031.2	3413865	3415997	-		SPO3203
CP000031.2	3416026	3416379	-	rpoZ	SPO3204
CP000031.2	3416471	3417037	-	folK	SPO3205
CP000031.2	3417176	3417748	+		SPO3206
CP000031.2	3417941	3418891	+	ispH	SPO3207
CP000031.2	3418888	3419517	+		SPO3208
CP000031.2	3419584	3420198	+		SPO3209
CP000031.2	3420195	3420647	+		SPO3210
CP000031.2	3420620	3421237	+		SPO3211
CP000031.2	3421230	3421697	+	rnhA	SPO3212
CP000031.2	3421694	3422323	+		SPO3213
CP000031.2	3422390	3422629	-		SPO3214
CP000031.2	3422631	3422873	-		SPO3215
CP000031.2	3422881	3423786	-	fmt	SPO3216
CP000031.2	3423791	3424288	-	def-1	SPO3217
CP000031.2	3424285	3424782	-	def-2	SPO3218
CP000031.2	3424779	3425297	-	def-3	SPO3219
CP000031.2	3425397	3426569	+		SPO3220
CP000031.2	3426641	3426991	-		SPO3221
CP000031.2	3427194	3428183	+		SPO3222
CP000031.2	3428165	3428527	-		SPO3223
CP000031.2	3428713	3429702	+	cobC	SPO3224
CP000031.2	3429699	3430619	+	cobD	SPO3225
CP000031.2	3430651	3431814	+		SPO3226
CP000031.2	3431824	3432186	-		SPO3227
CP000031.2	3432243	3435698	-		SPO3228
CP000031.2	3435827	3436243	-		SPO3229
CP000031.2	3436263	3437471	-		SPO3230
CP000031.2	3437625	3438395	+	pdhR	SPO3231
CP000031.2	3438395	3438883	+		SPO3232
CP000031.2	3438993	3439565	-	atpF	SPO3233
CP000031.2	3439571	3440116	-		SPO3234
CP000031.2	3440203	3440427	-	atpE	SPO3235
CP000031.2	3440504	3441274	-	atpB	SPO3236
CP000031.2	3441277	3441630	-	atpI	SPO3237
CP000031.2	3441852	3442193	+		SPO3238
CP000031.2	3442203	3443102	-		SPO3239
CP000031.2	3443090	3443968	-		SPO3240
CP000031.2	3444131	3444877	+		SPO3241
CP000031.2	3444927	3445490	-		SPO3242
CP000031.2	3445786	3446838	+	nadA	SPO3243
CP000031.2	3446846	3448396	+		SPO3244
CP000031.2	3448411	3449259	+	nadC	SPO3245
CP000031.2	3449526	3451058	+	ffh	SPO3246
CP000031.2	3451060	3451602	+		SPO3247
CP000031.2	3451599	3452135	+		SPO3248
CP000031.2	3452132	3452641	+		SPO3249
CP000031.2	3452638	3453156	+		SPO3250
CP000031.2	3453153	3453755	+		SPO3251
CP000031.2	3453760	3454056	+		SPO3252
CP000031.2	3454121	3454486	+	rpsP	SPO3253
CP000031.2	3454498	3455133	+	bluB	SPO3254
CP000031.2	3455280	3455783	+	rimM	SPO3255
CP000031.2	3456320	3456541	-	rpmE	SPO3256
CP000031.2	3456553	3456936	-	rplS	SPO3257
CP000031.2	3457338	3458147	+		SPO3258
CP000031.2	3458258	3458989	+	trmD	SPO3259
CP000031.2	3459022	3459804	+		SPO3260
CP000031.2	3459927	3460595	-		SPO3261
CP000031.2	3460695	3461153	+		SPO3262
CP000031.2	3461159	3461611	+		SPO3263
CP000031.2	3461949	3462025	-		SPO_tRNA-Met-3
CP000031.2	3462068	3462185	-	rrfE	SPO_Sp5SE
CP000031.2	3462389	3465283	-	rrlB	SPO_Sp23SB
CP000031.2	3465733	3465808	-		SPO_tRNA-Ala-2
CP000031.2	3465882	3465958	-		SPO_tRNA-Ile-2
CP000031.2	3466174	3467628	-	rrsB	SPO_Sp16SB
CP000031.2	3468355	3468951	-		SPO3270
CP000031.2	3468955	3469854	-		SPO3271
CP000031.2	3469961	3471547	-		SPO3272
CP000031.2	3471513	3472064	+		SPO3273
CP000031.2	3472118	3472558	+		SPO3274
CP000031.2	3472562	3473257	-		SPO3275
CP000031.2	3473440	3476058	-	clpB	SPO3276
CP000031.2	3476262	3476534	+		SPO3277
CP000031.2	3476654	3477376	+	pyrF	SPO3278
CP000031.2	3477702	3478151	-		SPO3279
CP000031.2	3478220	3479482	+		SPO3280
CP000031.2	3479531	3480028	+		SPO3281
CP000031.2	3480045	3480905	-		SPO3282
CP000031.2	3481056	3481130	+		SPO_tRNA-Val-4
CP000031.2	3481196	3481333	+	rpmJ	SPO3284
CP000031.2	3481439	3483043	+		SPO3285
CP000031.2	3483229	3484836	+	atsA	SPO3286
CP000031.2	3484901	3485950	+		SPO3287
CP000031.2	3486028	3487725	-		SPO3288
CP000031.2	3487869	3489086	-		SPO3289
CP000031.2	3489101	3489937	-		SPO3290
CP000031.2	3490048	3491331	-		SPO3291
CP000031.2	3491414	3492490	-		SPO3292
CP000031.2	3492494	3492751	-		SPO3293
CP000031.2	3492830	3493816	-		SPO3294
CP000031.2	3493858	3494742	-		SPO3295
CP000031.2	3494770	3496743	-		SPO3296
CP000031.2	3497064	3498962	+		SPO3297
CP000031.2	3498959	3499666	+		SPO3298
CP000031.2	3499653	3500237	-		SPO3299
CP000031.2	3500351	3500743	+		SPO3300
CP000031.2	3500753	3501619	-		SPO3301
CP000031.2	3501637	3502005	+		SPO3302
CP000031.2	3502015	3502710	-		SPO3303
CP000031.2	3502810	3503994	-		SPO3304
CP000031.2	3504158	3504808	+		SPO3305
CP000031.2	3504818	3505432	+		SPO3306
CP000031.2	3505447	3506499	+	lkr	SPO3307
CP000031.2	3506496	3506747	+		SPO3308
CP000031.2	3506761	3507903	+		SPO3309
CP000031.2	3508014	3508331	-		SPO3310
CP000031.2	3508494	3509567	+		SPO3311
CP000031.2	3509564	3510331	+		SPO3312
CP000031.2	3510355	3510924	-		SPO3313
CP000031.2	3511103	3512935	+	ilvD	SPO3314
CP000031.2	3513085	3514014	-		SPO3315
CP000031.2	3514115	3515083	+		SPO3316
CP000031.2	3515104	3515523	-		SPO3316a
CP000031.2	3515657	3516214	+		SPO3317
CP000031.2	3516230	3517048	-		SPO3318
CP000031.2	3517196	3518773	+		SPO3319
CP000031.2	3518855	3519499	-		SPO3320
CP000031.2	3519510	3519776	-		SPO3321
CP000031.2	3519778	3521127	-		SPO3322
CP000031.2	3521988	3523925	-		SPO3323
CP000031.2	3523993	3525114	-		SPO3324
CP000031.2	3525529	3526608	-		SPO3325
CP000031.2	3526798	3527139	+		SPO3326
CP000031.2	3527200	3528417	-		SPO3327
CP000031.2	3528637	3530148	+	gabD-2	SPO3328
CP000031.2	3530155	3530556	-		SPO3329
CP000031.2	3530656	3532914	-	rnr	SPO3330
CP000031.2	3532946	3533557	-		SPO3331
CP000031.2	3533567	3534709	-	dapE	SPO3332
CP000031.2	3535003	3536589	+		SPO3333
CP000031.2	3536516	3537685	+		SPO3334
CP000031.2	3537824	3538909	+		SPO3335
CP000031.2	3538916	3539257	-		SPO3336
CP000031.2	3539331	3540158	-	dapD	SPO3337
CP000031.2	3540255	3541211	-	bioB	SPO3338
CP000031.2	3541204	3541791	-		SPO3339
CP000031.2	3541915	3542514	-		SPO3340
CP000031.2	3542560	3543480	-		SPO3341
CP000031.2	3543536	3544411	+		SPO3342
CP000031.2	3544427	3544699	-		SPO3343
CP000031.2	3544904	3545989	+		SPO3344
CP000031.2	3545992	3546417	-		SPO3345
CP000031.2	3546455	3547636	-		SPO3346
CP000031.2	3547806	3548192	-		SPO3347
CP000031.2	3548228	3548767	-		SPO3348
CP000031.2	3548949	3549947	+		SPO3349
CP000031.2	3549954	3550268	-		SPO3350
CP000031.2	3550305	3550739	-		SPO3351
CP000031.2	3550727	3551074	-		SPO3352
CP000031.2	3551100	3552008	-	serB-2	SPO3353
CP000031.2	3552341	3553522	+		SPO3354
CP000031.2	3553610	3555205	+	serA	SPO3355
CP000031.2	3555258	3555641	-		SPO3356
CP000031.2	3555747	3556742	+		SPO3357
CP000031.2	3556739	3557473	+		SPO3358
CP000031.2	3557546	3558589	-	tdh	SPO3359
CP000031.2	3558589	3559773	-	kbl	SPO3360
CP000031.2	3559869	3561107	-		SPO3361
CP000031.2	3561165	3563030	-	mutL	SPO3362
CP000031.2	3563299	3564228	-	sitD	SPO3363
CP000031.2	3564225	3565430	-	sitC	SPO3364
CP000031.2	3565435	3566238	-	sitB	SPO3365
CP000031.2	3566242	3567195	-	sitA	SPO3366
CP000031.2	3567395	3568384	+	deoC	SPO3367
CP000031.2	3568471	3570804	+		SPO3368
CP000031.2	3570832	3571644	+		SPO3369
CP000031.2	3571742	3573052	-		SPO3370
CP000031.2	3573049	3574398	-		SPO3371
CP000031.2	3574471	3575043	-		SPO3372
CP000031.2	3575040	3575513	-	lspA	SPO3373
CP000031.2	3575513	3577102	-	purH	SPO3374
CP000031.2	3577125	3578846	-		SPO3375
CP000031.2	3578934	3580205	-		SPO3376
CP000031.2	3580300	3580482	+		SPO3377
CP000031.2	3580570	3581742	+		SPO3378
CP000031.2	3581739	3582581	-		SPO3379
CP000031.2	3582703	3583839	+		SPO3380
CP000031.2	3583836	3584426	+		SPO3381
CP000031.2	3584579	3586018	-		SPO3382
CP000031.2	3586240	3586893	+		SPO3383
CP000031.2	3586948	3587604	+		SPO3384
CP000031.2	3587612	3588433	-		SPO3385
CP000031.2	3588472	3588954	-		SPO3386
CP000031.2	3588941	3590332	-		SPO3387
CP000031.2	3590390	3591013	-		SPO3388
CP000031.2	3591253	3593397	-	pnp	SPO3389
CP000031.2	3593610	3594134	-		SPO3390
CP000031.2	3594302	3595147	+		SPO3391
CP000031.2	3595230	3595877	-	rluA	SPO3392
CP000031.2	3595981	3596391	+		SPO3393
CP000031.2	3596424	3597125	+		SPO3394
CP000031.2	3597083	3597982	-	rarD-2	SPO3395
CP000031.2	3598186	3600636	-		SPO3396
CP000031.2	3600724	3601692	-		SPO3397
CP000031.2	3601720	3602616	-		SPO3398
CP000031.2	3602613	3603680	-		SPO3399
CP000031.2	3603677	3606124	-		SPO3400
CP000031.2	3606134	3606505	-		SPO3401
CP000031.2	3606509	3607132	-		SPO3402
CP000031.2	3607143	3607712	-		SPO3403
CP000031.2	3607930	3608202	+		SPO3404
CP000031.2	3608179	3608631	-		SPO3405
CP000031.2	3608702	3609298	-		SPO3406
CP000031.2	3609398	3609763	+		SPO3407
CP000031.2	3609804	3610976	-		SPO3408
CP000031.2	3611075	3611413	+		SPO3409
CP000031.2	3611436	3611885	+		SPO3410
CP000031.2	3612872	3614449	+		SPO3411
CP000031.2	3614471	3614803	-		SPO3412
CP000031.2	3614882	3615763	+		SPO3413
CP000031.2	3615825	3616415	+		SPO3414
CP000031.2	3616438	3617034	-		SPO3415
CP000031.2	3617073	3620069	-		SPO3416
CP000031.2	3620084	3621265	-		SPO3417
CP000031.2	3621374	3622702	-		SPO3418
CP000031.2	3622751	3624013	+		SPO3419
CP000031.2	3624048	3624815	-		SPO3420
CP000031.2	3624808	3624996	-		SPO3421
CP000031.2	3624993	3625637	-		SPO3422
CP000031.2	3625665	3626579	-		SPO3423
CP000031.2	3626662	3628332	-		SPO3424
CP000031.2	3628501	3629289	-		SPO3425
CP000031.2	3629488	3630174	-		SPO3426
CP000031.2	3630341	3631432	+	ribBA	SPO3427
CP000031.2	3631429	3631929	+		SPO3428
CP000031.2	3631913	3632611	-		SPO3429
CP000031.2	3632680	3633693	-		SPO3430
CP000031.2	3633971	3634477	+		SPO3431
CP000031.2	3634554	3637112	+	leuS	SPO3432
CP000031.2	3637099	3637590	+		SPO3433
CP000031.2	3637587	3638615	+		SPO3434
CP000031.2	3638697	3639290	+		SPO3435
CP000031.2	3639260	3640459	-		SPO3436
CP000031.2	3640456	3641817	-		SPO3437
CP000031.2	3641832	3642164	+		SPO3438
CP000031.2	3642261	3642869	-		SPO3439
CP000031.2	3642866	3643618	-		SPO3440
CP000031.2	3643750	3645276	+		SPO3441
CP000031.2	3645343	3646749	+		SPO3442
CP000031.2	3646736	3647539	+		SPO3443
CP000031.2	3647707	3648936	+		SPO3444
CP000031.2	3648923	3649924	+	lpxK	SPO3445
CP000031.2	3649927	3650595	-		SPO3446
CP000031.2	3650610	3651116	-		SPO3447
CP000031.2	3651198	3652253	+	mutY	SPO3448
CP000031.2	3652314	3653447	+		SPO3449
CP000031.2	3653454	3654830	-		SPO3450
CP000031.2	3654991	3656094	-		SPO3451
CP000031.2	3656201	3656905	-	rnhB	SPO3452
CP000031.2	3656916	3657392	-		SPO3452a
CP000031.2	3657410	3657859	+		SPO3453
CP000031.2	3657831	3658532	+		SPO3454
CP000031.2	3658912	3660489	+		SPO3455
CP000031.2	3660503	3661300	-		SPO3456
CP000031.2	3661297	3661701	-		SPO3457
CP000031.2	3661698	3662075	-		SPO3458
CP000031.2	3662142	3663368	-		SPO3459
CP000031.2	3663579	3663938	-		SPO3460
CP000031.2	3663928	3664215	-		SPO3461
CP000031.2	3664293	3666770	+		SPO3462
CP000031.2	3666774	3667442	+	flgD	SPO3463
CP000031.2	3667507	3668376	+		SPO3464
CP000031.2	3668381	3669685	-		SPO3465
CP000031.2	3669685	3670500	-	potI	SPO3466
CP000031.2	3670497	3671414	-	potH	SPO3467
CP000031.2	3671378	3672505	-	potG	SPO3468
CP000031.2	3672587	3673672	-	potF	SPO3469
CP000031.2	3673819	3674499	+		SPO3470
CP000031.2	3674576	3675970	+		SPO3471
CP000031.2	3676157	3677275	+		SPO3472
CP000031.2	3677391	3678464	+		SPO3473
CP000031.2	3678535	3679818	+		SPO3474
CP000031.2	3679825	3680745	+		SPO3475
CP000031.2	3680830	3681177	-		SPO3476
CP000031.2	3681213	3681935	-		SPO3477
CP000031.2	3682017	3683465	+	glcD	SPO3478
CP000031.2	3683531	3684619	+	glcE	SPO3479
CP000031.2	3684623	3685945	+	glcF	SPO3480
CP000031.2	3686005	3687207	-		SPO3481
CP000031.2	3687290	3688195	+		SPO3482
CP000031.2	3688192	3689010	+		SPO3483
CP000031.2	3689137	3689607	+		SPO3484
CP000031.2	3689749	3690141	-		SPO3485
CP000031.2	3690138	3690836	-		SPO3486
CP000031.2	3690920	3691609	+		SPO3487
CP000031.2	3691674	3692945	+		SPO3488
CP000031.2	3693080	3695476	+	pheT	SPO3489
CP000031.2	3695531	3696415	-		SPO3490
CP000031.2	3696500	3697132	+		SPO3491
CP000031.2	3697143	3697649	+		SPO3492
CP000031.2	3697724	3698881	+		SPO3493
CP000031.2	3698888	3699589	-		SPO3494
CP000031.2	3699879	3700310	+	mscL	SPO3495
CP000031.2	3700398	3701204	+		SPO3496
CP000031.2	3701365	3701441	+		SPO_tRNA-Met-4
CP000031.2	3701726	3702901	-	tuf-2	SPO3498
CP000031.2	3702947	3703456	-		SPO3498a
CP000031.2	3703458	3705575	-	fusA	SPO3499
CP000031.2	3705594	3706064	-	rpsG	SPO3500
CP000031.2	3706080	3706451	-	rpsL	SPO3501
CP000031.2	3706782	3707603	+		SPO3502
CP000031.2	3707606	3708421	+		SPO3503
CP000031.2	3708404	3709339	-		SPO3504
CP000031.2	3709391	3710599	-		SPO3505
CP000031.2	3710603	3711172	-		SPO3506
CP000031.2	3711268	3715509	-	rpoC	SPO3507
CP000031.2	3715817	3719953	-	rpoB	SPO3508
CP000031.2	3720247	3720624	-	rplL	SPO3509
CP000031.2	3720704	3721252	-	rplJ	SPO3510
CP000031.2	3721514	3722440	-		SPO3511
CP000031.2	3722611	3723462	+		SPO3512
CP000031.2	3723553	3724251	-	rplA	SPO3513
CP000031.2	3724253	3724678	-	rplK	SPO3514
CP000031.2	3724909	3726063	+		SPO3515
CP000031.2	3726038	3726571	-	nusG	SPO3516
CP000031.2	3726774	3726971	-	secE	SPO3517
CP000031.2	3727030	3727452	-		SPO3518
CP000031.2	3727500	3727658	-	ccoS	SPO3519
CP000031.2	3727663	3729840	-		SPO3520
CP000031.2	3729845	3730303	-		SPO3521
CP000031.2	3730306	3731733	-		SPO3522
CP000031.2	3732117	3732983	-	ccoP-1	SPO3523
CP000031.2	3732980	3733216	-	ccoQ-1	SPO3524
CP000031.2	3733227	3733955	-	ccoO-1	SPO3525
CP000031.2	3733970	3735577	-	ccoN-1	SPO3526
CP000031.2	3735769	3736608	+		SPO3527
CP000031.2	3736668	3736922	-		SPO3528
CP000031.2	3736979	3738274	-	glyA-3	SPO3529
CP000031.2	3738400	3739272	+		SPO3530
CP000031.2	3739346	3740089	-	fnrL	SPO3531
CP000031.2	3740154	3741509	+	hemN	SPO3532
CP000031.2	3741689	3743695	+		SPO3533
CP000031.2	3743770	3745350	-	yejF	SPO3534
CP000031.2	3745347	3746453	-	yejE	SPO3535
CP000031.2	3746457	3747548	-	yejB	SPO3536
CP000031.2	3747558	3749498	-	yejA	SPO3537
CP000031.2	3749641	3750147	-	cycM	SPO3538
CP000031.2	3750246	3751100	+		SPO3539
CP000031.2	3751139	3751600	-		SPO3540
CP000031.2	3751639	3752622	-		SPO3541
CP000031.2	3752848	3754719	+		SPO3542
CP000031.2	3754985	3755416	+		SPO3543
CP000031.2	3755439	3756299	-		SPO3544
CP000031.2	3756383	3756940	+		SPO3545
CP000031.2	3756937	3757788	-		SPO3546
CP000031.2	3758145	3758588	+		SPO3547
CP000031.2	3758593	3759090	-		SPO3548
CP000031.2	3759225	3759842	-		SPO3549
CP000031.2	3759921	3761672	+	dnaX	SPO3550
CP000031.2	3761752	3762225	-		SPO3551
CP000031.2	3762222	3763265	-		SPO3552
CP000031.2	3763315	3763980	+		SPO3553
CP000031.2	3763977	3764873	+		SPO3554
CP000031.2	3764829	3766835	-		SPO3555
CP000031.2	3766951	3767823	+	dapA	SPO3556
CP000031.2	3767916	3768788	-	soeC	SPO3557
CP000031.2	3768788	3769594	-	soeB	SPO3558
CP000031.2	3769620	3772460	-	soeA	SPO3559
CP000031.2	3772588	3773601	-	pta	SPO3560
CP000031.2	3773619	3775409	-	xsc	SPO3561
CP000031.2	3775519	3776985	-	tauR	SPO3562
CP000031.2	3777167	3777484	+		SPO3563
CP000031.2	3777477	3778505	+		SPO3564
CP000031.2	3778511	3778903	-		SPO3565
CP000031.2	3778954	3779730	-		SPO3566
CP000031.2	3779859	3780488	+		SPO3567
CP000031.2	3780517	3781092	-		SPO3568
CP000031.2	3781118	3781714	-	recR	SPO3569
CP000031.2	3781789	3782133	-		SPO3570
CP000031.2	3782184	3783146	-		SPO3571
CP000031.2	3783216	3783761	+		SPO3572
CP000031.2	3783763	3784305	-		SPO3573
CP000031.2	3784420	3785019	-		SPO3574
CP000031.2	3785021	3785377	-		SPO3575
CP000031.2	3785530	3786195	-		SPO3576
CP000031.2	3786322	3787020	-		SPO3577
CP000031.2	3787290	3788141	-		SPO3578
CP000031.2	3788263	3788712	+		SPO3579
CP000031.2	3788714	3789358	+		SPO3580
CP000031.2	3789410	3790054	+	nth	SPO3581
CP000031.2	3790051	3791037	+		SPO3582
CP000031.2	3791143	3791652	-	pecS	SPO3583
CP000031.2	3791724	3792644	+		SPO3584
CP000031.2	3792602	3793087	-		SPO3585
CP000031.2	3793221	3795248	+	fadH	SPO3586
CP000031.2	3795389	3796018	+		SPO3587
CP000031.2	3796084	3796428	-		SPO3588
CP000031.2	3796425	3796748	-		SPO3589
CP000031.2	3796827	3797267	-		SPO3590
CP000031.2	3797412	3798326	+		SPO3591
CP000031.2	3798476	3799381	+		SPO3592
CP000031.2	3799574	3801232	+		SPO3593
CP000031.2	3801668	3802741	-	pheS	SPO3594
CP000031.2	3802847	3803563	-		SPO3595
CP000031.2	3803686	3804288	+		SPO3596
CP000031.2	3804452	3805801	+		SPO3597
CP000031.2	3805956	3806321	-	rplT	SPO3598
CP000031.2	3806337	3806537	-	rpmI	SPO3599
CP000031.2	3806920	3808365	-	pyk	SPO3600
CP000031.2	3808483	3809220	+		SPO3601
CP000031.2	3809348	3809662	+		SPO3602
CP000031.2	3809675	3810139	-		SPO3603
CP000031.2	3810295	3811155	-		SPO3604
CP000031.2	3811206	3812051	-		SPO3605
CP000031.2	3812070	3813035	-		SPO3606
CP000031.2	3813128	3814129	-		SPO3607
CP000031.2	3814426	3815388	+	mclA	SPO3608
CP000031.2	3815434	3816216	-	linC-2	SPO3609
CP000031.2	3816348	3816980	+		SPO3610
CP000031.2	3817029	3817610	-		SPO3611
CP000031.2	3817740	3818192	-		SPO3612
CP000031.2	3818265	3818861	+		SPO3613
CP000031.2	3818858	3818977	-		SPO3614
CP000031.2	3819346	3820176	-		SPO3615
CP000031.2	3820299	3821261	+	accA	SPO3616
CP000031.2	3821349	3822506	-		SPO3617
CP000031.2	3822549	3823337	-		SPO3618
CP000031.2	3823330	3824097	-		SPO3619
CP000031.2	3824104	3825120	-		SPO3620
CP000031.2	3825190	3825837	-		SPO3621
CP000031.2	3825868	3826608	-		SPO3622
CP000031.2	3826664	3826990	+		SPO3623
CP000031.2	3827172	3827247	+		SPO_tRNA-Ala-3
CP000031.2	3827594	3827800	-	cspA	SPO3625
CP000031.2	3828324	3829694	-	gshA	SPO3626
CP000031.2	3829835	3830362	-		SPO3627
CP000031.2	3830359	3831204	-		SPO3628
CP000031.2	3831198	3831953	-		SPO3629
CP000031.2	3831966	3832928	+	ubiA	SPO3630
CP000031.2	3832991	3834904	+		SPO3631
CP000031.2	3834905	3835216	+		SPO3632
CP000031.2	3835234	3835677	-		SPO3633
CP000031.2	3835683	3835928	-	moaD	SPO3634
CP000031.2	3835928	3836599	-	pgsA	SPO3635
CP000031.2	3836657	3837817	-		SPO3636
CP000031.2	3837869	3839740	-	uvrC	SPO3637
CP000031.2	3840031	3840810	-		SPO3638
CP000031.2	3840837	3841796	-		SPO3639
CP000031.2	3841965	3842810	-		SPO3640
CP000031.2	3842876	3843637	-		SPO3641
CP000031.2	3843634	3844563	-		SPO3642
CP000031.2	3844636	3845148	-		SPO3901
CP000031.2	3845296	3846276	+		SPO3643
CP000031.2	3846590	3847504	-		SPO3644
CP000031.2	3847583	3848023	+		SPO3645
CP000031.2	3848020	3848949	-		SPO3646
CP000031.2	3849017	3850111	+		SPO3647
CP000031.2	3850176	3851210	-	hemE	SPO3648
CP000031.2	3851317	3852276	+	hemC	SPO3649
CP000031.2	3852366	3854138	+		SPO3650
CP000031.2	3854202	3855146	+		SPO3651
CP000031.2	3855131	3855664	+		SPO3652
CP000031.2	3855754	3856638	-	hemF	SPO3653
CP000031.2	3856650	3857450	-		SPO3654
CP000031.2	3857488	3858453	-		SPO3655
CP000031.2	3858499	3858840	-	clpS	SPO3656
CP000031.2	3858904	3859632	+		SPO3657
CP000031.2	3859891	3861324	+		SPO3658
CP000031.2	3861396	3862157	-		SPO3659
CP000031.2	3862168	3863166	-		SPO3660
CP000031.2	3863163	3863912	-		SPO3661
CP000031.2	3863899	3864819	-		SPO3662
CP000031.2	3864847	3866160	-		SPO3663
CP000031.2	3866167	3866700	-		SPO3664
CP000031.2	3866781	3867755	-		SPO3665
CP000031.2	3867793	3869058	-		SPO3666
CP000031.2	3869168	3870298	-	catB	SPO3667
CP000031.2	3870398	3871315	+		SPO3668
CP000031.2	3871392	3871481	+		SPO_tRNA-Ser-5
CP000031.2	3871983	3872621	+		SPO3902
CP000031.2	3873714	3875375	+		SPO3671
CP000031.2	3875372	3875848	+		SPO3672
CP000031.2	3876045	3882539	-		SPO3673
CP000031.2	3882523	3883008	-		SPO3673a
CP000031.2	3883352	3883921	+		SPO3674
CP000031.2	3884090	3884746	+		SPO3675
CP000031.2	3885153	3886298	-	argE-2	SPO3676
CP000031.2	3886295	3887230	-		SPO3677
CP000031.2	3887285	3888394	-		SPO3678
CP000031.2	3888420	3889094	-		SPO3679
CP000031.2	3889099	3889515	-		SPO3680
CP000031.2	3889517	3890659	-		SPO3681
CP000031.2	3890844	3892118	+		SPO3682
CP000031.2	3892517	3892593	-		SPO_tRNA-Arg-5
CP000031.2	3892710	3893735	+		SPO3684
CP000031.2	3893740	3894954	+		SPO3685
CP000031.2	3895045	3895815	-		SPO3686
CP000031.2	3895880	3897289	-		SPO3687
CP000031.2	3897311	3898291	-		SPO3688
CP000031.2	3898387	3898875	+		SPO3689
CP000031.2	3899360	3900394	+	gtdA-1	SPO3690
CP000031.2	3900391	3901089	+		SPO3691
CP000031.2	3901093	3902280	+		SPO3692
CP000031.2	3902318	3903418	+		SPO3693
CP000031.2	3903492	3904076	+		SPO3694
CP000031.2	3904073	3905572	+		SPO3695
CP000031.2	3905725	3907431	+	fcs	SPO3696
CP000031.2	3907578	3909107	+	badA-1	SPO3697
CP000031.2	3909111	3909926	+		SPO3698
CP000031.2	3909930	3910373	+		SPO3699
CP000031.2	3910522	3912183	+		SPO3700
CP000031.2	3912258	3913709	+	boxB	SPO3701
CP000031.2	3913765	3914007	+		SPO3702
CP000031.2	3914070	3915188	+	boxA	SPO3703
CP000031.2	3915274	3916191	+		SPO3704
CP000031.2	3916383	3917558	+		SPO3705
CP000031.2	3917629	3918393	+		SPO3706
CP000031.2	3918386	3919108	+		SPO3707
CP000031.2	3919169	3920200	+		SPO3708
CP000031.2	3920197	3921249	+		SPO3709
CP000031.2	3921246	3922391	-		SPO3710
CP000031.2	3922528	3923700	+		SPO3711
CP000031.2	3923784	3924806	+	asd	SPO3712
CP000031.2	3925760	3927424	+		SPO3713
CP000031.2	3927393	3927872	-		SPO3714
CP000031.2	3927916	3928566	-		SPO3715
CP000031.2	3928725	3929108	+		SPO3716
CP000031.2	3929184	3930563	+		SPO3717
CP000031.2	3930560	3931309	+		SPO3718
CP000031.2	3931362	3932216	+		SPO3719
CP000031.2	3932216	3933400	+	tyrB	SPO3720
CP000031.2	3933453	3934094	-		SPO3721
CP000031.2	3934091	3934609	-		SPO3722
CP000031.2	3934716	3936044	-	amt-2	SPO3723
CP000031.2	3936080	3936418	-	glnB-2	SPO3724
CP000031.2	3936452	3938818	+		SPO3725
CP000031.2	3938841	3939449	-		SPO3726
CP000031.2	3939439	3940245	-		SPO3727
CP000031.2	3940444	3942177	+		SPO3728
CP000031.2	3942174	3943475	+		SPO3729
CP000031.2	3943548	3944006	+		SPO3730
CP000031.2	3944003	3944761	+		SPO3731
CP000031.2	3944805	3945992	+		SPO3732
CP000031.2	3945989	3946282	+	phhB	SPO3733
CP000031.2	3946279	3946701	-		SPO3734
CP000031.2	3946769	3947989	+		SPO3735
CP000031.2	3947994	3948479	-		SPO3736
CP000031.2	3948578	3949789	+		SPO3737
CP000031.2	3949786	3950346	+		SPO3738
CP000031.2	3950446	3952449	+		SPO3739
CP000031.2	3952489	3953001	-	msrA-2	SPO3740
CP000031.2	3952998	3953447	-	msrB	SPO3741
CP000031.2	3953589	3954110	+		SPO3742
CP000031.2	3954107	3954985	-		SPO3743
CP000031.2	3955181	3955456	-	hup	SPO3744
CP000031.2	3955601	3957064	-	amn	SPO3745
CP000031.2	3957061	3958872	-	ade	SPO3746
CP000031.2	3958985	3959413	+		SPO3747
CP000031.2	3959507	3960379	-		SPO3748
CP000031.2	3960500	3961255	+		SPO3749
CP000031.2	3961304	3962323	+		SPO3750
CP000031.2	3962495	3963187	+	exsB	SPO3751
CP000031.2	3963187	3963543	+		SPO3903
CP000031.2	3963540	3964259	+		SPO3752
CP000031.2	3964281	3964748	+		SPO3753
CP000031.2	3964759	3965469	-		SPO3754
CP000031.2	3965480	3966331	+		SPO3755
CP000031.2	3966757	3967671	-		SPO3756
CP000031.2	3967668	3968240	-		SPO3757
CP000031.2	3968237	3968965	-		SPO3758
CP000031.2	3968962	3969684	-		SPO3759
CP000031.2	3969734	3970426	+	sfsA	SPO3760
CP000031.2	3970512	3971321	+	map	SPO3761
CP000031.2	3971432	3972070	-		SPO3762
CP000031.2	3972269	3973309	-		SPO3763
CP000031.2	3973382	3974047	-		SPO3764
CP000031.2	3974231	3974704	+		SPO3765
CP000031.2	3974721	3975449	-	mtgA	SPO3766
CP000031.2	3975503	3976489	-		SPO3767
CP000031.2	3976665	3981197	-	gltB	SPO3768
CP000031.2	3981194	3981631	-		SPO3769
CP000031.2	3981686	3983119	-	gltD	SPO3770
CP000031.2	3983351	3984154	+		SPO3771
CP000031.2	3984155	3985138	-		SPO3772
CP000031.2	3985342	3985428	+		SPO_tRNA-Leu-6
CP000031.2	3985923	3987482	+		SPO3774
CP000031.2	3987621	3988601	+		SPO3775
CP000031.2	3988598	3989542	+		SPO3776
CP000031.2	3989511	3990539	+		SPO3777
CP000031.2	3990536	3991564	+		SPO3778
CP000031.2	3991595	3992503	+		SPO3779
CP000031.2	3992599	3993726	+		SPO3780
CP000031.2	3994578	3994955	-		SPO3781
CP000031.2	3994952	3995296	-		SPO3782
CP000031.2	3995332	3996393	-		SPO3783
CP000031.2	3996395	3997546	-		SPO3784
CP000031.2	3997503	3998441	-		SPO3785
CP000031.2	3998438	3999295	-		SPO3786
CP000031.2	3999361	4001010	-		SPO3787
CP000031.2	4001089	4002822	-	acoR	SPO3788
CP000031.2	4003163	4003495	-		SPO3789
CP000031.2	4003563	4004663	-	acoC	SPO3790
CP000031.2	4004668	4005675	-	acoB	SPO3791
CP000031.2	4005706	4006686	-	acoA	SPO3792
CP000031.2	4006683	4007741	-	acoX	SPO3793
CP000031.2	4007894	4008046	-		SPO3794
CP000031.2	4008382	4009665	+	rpoN	SPO3795
CP000031.2	4010285	4010361	-		SPO_tRNA-Met-5
CP000031.2	4010404	4010521	-	rrfF	SPO_Sp5SF
CP000031.2	4010725	4013619	-	rrlC	SPO_Sp23SC
CP000031.2	4014069	4014144	-		SPO_tRNA-Ala-4
CP000031.2	4014218	4014294	-		SPO_tRNA-Ile-3
CP000031.2	4014510	4015964	-	rrsC	SPO_Sp16SC
CP000031.2	4016780	4017319	+		SPO3802
CP000031.2	4017286	4018317	-		SPO3803
CP000031.2	4018434	4020200	+	dmdC	SPO3804
CP000031.2	4020260	4021063	+	dmdD	SPO3805
CP000031.2	4021129	4021605	+	smpB	SPO3806
CP000031.2	4021701	4022051	-		SPO3807
CP000031.2	4022082	4022585	-		SPO3808
CP000031.2	4022555	4023250	-		SPO3809
CP000031.2	4023978	4025495	+	gpmI	SPO3810
CP000031.2	4025492	4026628	+		SPO3811
CP000031.2	4026635	4027966	+		SPO3812
CP000031.2	4028060	4028452	-		SPO3813
CP000031.2	4028449	4029210	-		SPO3814
CP000031.2	4029458	4032577	+		SPO3815
CP000031.2	4032567	4033460	+		SPO3816
CP000031.2	4033519	4034463	+	accD	SPO3817
CP000031.2	4034460	4035734	+	folC	SPO3818
CP000031.2	4035810	4036871	-		SPO3819
CP000031.2	4037022	4038257	+		SPO3820
CP000031.2	4038274	4039182	-		SPO3821
CP000031.2	4039179	4039799	-		SPO3822
CP000031.2	4039966	4040262	-	rplW	SPO3823
CP000031.2	4040259	4040876	-	rplD	SPO3824
CP000031.2	4040873	4041598	-	rplC	SPO3825
CP000031.2	4041615	4041929	-	rpsJ	SPO3826
CP000031.2	4042156	4042620	-		SPO3827
CP000031.2	4043001	4044428	-	sthA	SPO3828
CP000031.2	4044437	4045273	-		SPO3829
CP000031.2	4045444	4046682	+	pepT	SPO3830
CP000031.2	4046686	4047543	+		SPO3831
CP000031.2	4047540	4048487	+		SPO3832
CP000031.2	4048625	4050673	+		SPO3833
CP000031.2	4050677	4051486	-	dapB	SPO3834
CP000031.2	4051575	4051970	+	rbfA	SPO3835
CP000031.2	4051967	4052704	+		SPO3836
CP000031.2	4052830	4053741	+	truB	SPO3837
CP000031.2	4053787	4054293	+		SPO3838
CP000031.2	4054347	4055423	+		SPO3839
CP000031.2	4055578	4055847	+	rpsO	SPO3840
CP000031.2	4055932	4056549	-		SPO3841
CP000031.2	4056680	4057654	+		SPO3842
CP000031.2	4057693	4058622	+		SPO3843
CP000031.2	4058737	4061538	+	polA	SPO3844
CP000031.2	4061594	4061902	-		SPO3845
CP000031.2	4061959	4062138	-		SPO3846
CP000031.2	4062230	4063159	+		SPO3847
CP000031.2	4063143	4063925	-		SPO3848
CP000031.2	4063986	4064474	-		SPO3849
CP000031.2	4064938	4066050	+		SPO3850
CP000031.2	4066150	4067631	-		SPO3851
CP000031.2	4067654	4069012	-		SPO3852
CP000031.2	4069012	4069725	-		SPO3853
CP000031.2	4069824	4070921	+		SPO3854
CP000031.2	4070918	4071880	+	gpsA	SPO3855
CP000031.2	4071882	4072151	+		SPO3856
CP000031.2	4072151	4072573	+		SPO3857
CP000031.2	4072616	4073011	+		SPO3858
CP000031.2	4073256	4073597	-		SPO3859
CP000031.2	4073755	4074366	-		SPO3860
CP000031.2	4074436	4075824	-	ahcY	SPO3861
CP000031.2	4075921	4076253	-		SPO3862
CP000031.2	4076443	4077036	+		SPO3863
CP000031.2	4077009	4078238	-		SPO3864
CP000031.2	4078249	4078803	-	regA	SPO3865
CP000031.2	4078890	4079510	-	senC	SPO3866
CP000031.2	4079598	4080995	+	regB	SPO3867
CP000031.2	4081063	4082565	+		SPO3868
CP000031.2	4082608	4083081	+		SPO3869
CP000031.2	4083051	4084085	+		SPO3870
CP000031.2	4084082	4084768	+		SPO3871
CP000031.2	4084761	4087688	+		SPO3872
CP000031.2	4087685	4091041	+		SPO3873
CP000031.2	4091102	4091422	+	trx	SPO3874
CP000031.2	4091510	4091860	+		SPO3875
CP000031.2	4091857	4092234	+		SPO3876
CP000031.2	4092251	4093144	+		SPO3877
CP000031.2	4093178	4094176	+	gap-4	SPO3878
CP000031.2	4094173	4095447	+		SPO3879
CP000031.2	4095910	4096467	+	hslV	SPO3880
CP000031.2	4096629	4097018	-		SPO3881
CP000031.2	4097210	4098517	+	hslU	SPO3882
CP000031.2	4098550	4099653	+		SPO3883
CP000031.2	4099650	4100240	-		SPO3884
CP000031.2	4100240	4101280	-		SPO3885
CP000031.2	4101277	4101933	-		SPO3886
CP000031.2	4102043	4102534	+	fxsA	SPO3887
CP000031.2	4102589	4103086	+	secB	SPO3888
CP000031.2	4103111	4103836	-	dnaQ	SPO3889
CP000031.2	4103829	4104422	-	coaE	SPO3890
CP000031.2	4104419	4105252	-	aroE	SPO3891
CP000031.2	4105249	4105848	-	maf-1	SPO3892
CP000031.2	4106258	4106710	+		SPO3893
CP000031.2	4106836	4108107	+	rho	SPO3894
CP000031.2	4108139	4109425	+	trmE	SPO3895
CP000032.1	1	798	+		SPOA0449
CP000032.1	872	1777	-		SPOA0001
CP000032.1	1804	3192	+	miaB	SPOA0002
CP000032.1	3205	3774	-		SPOA0003
CP000032.1	4026	4568	+		SPOA0004
CP000032.1	4579	4872	+		SPOA0005
CP000032.1	5010	6020	+		SPOA0006
CP000032.1	6034	6411	+		SPOA0007
CP000032.1	6408	6905	+		SPOA0008
CP000032.1	6939	7826	+		SPOA0009
CP000032.1	7823	9340	+	cutE	SPOA0010
CP000032.1	9429	10610	+	metK	SPOA0011
CP000032.1	10680	11192	+		SPOA0012
CP000032.1	11344	12009	+		SPOA0013
CP000032.1	12070	12783	+	trmB	SPOA0014
CP000032.1	12930	14276	+	aroA	SPOA0015
CP000032.1	14273	14890	+	cmk	SPOA0017
CP000032.1	14942	15421	-		SPOA0018
CP000032.1	15573	16718	-		SPOA0019
CP000032.1	16728	17900	-		SPOA0020
CP000032.1	17893	19326	-		SPOA0021
CP000032.1	19323	19700	-		SPOA0022
CP000032.1	19700	20356	-		SPOA0023
CP000032.1	20444	21244	-		SPOA0024
CP000032.1	21241	22092	-		SPOA0025
CP000032.1	22119	22970	-	hpcB	SPOA0026
CP000032.1	23017	24525	-	hpcC	SPOA0027
CP000032.1	24898	26241	+	nqrA	SPOA0028
CP000032.1	26246	27454	+	nqrB	SPOA0029
CP000032.1	27447	28250	+	nqrC	SPOA0030
CP000032.1	28250	28903	+	nqrD	SPOA0031
CP000032.1	28903	29511	+	nqrE	SPOA0032
CP000032.1	29524	30744	+	nqrF	SPOA0033
CP000032.1	30859	31383	-		SPOA0034
CP000032.1	31290	31679	+		SPOA0035
CP000032.1	31686	32771	+	apbE	SPOA0036
CP000032.1	32792	33028	+		SPOA0037
CP000032.1	33041	34216	-		SPOA0038
CP000032.1	34623	36542	+		SPOA0039
CP000032.1	36767	37060	-		SPOA0040
CP000032.1	37126	37506	-		SPOA0041
CP000032.1	37538	38389	-		SPOA0042
CP000032.1	38404	39024	-	pcaG	SPOA0043
CP000032.1	39088	39816	-	pcaH	SPOA0044
CP000032.1	39861	40238	-	pcaC	SPOA0045
CP000032.1	40261	41430	-	pobA	SPOA0046
CP000032.1	41523	42440	+	pcaQ	SPOA0047
CP000032.1	42513	42911	+		SPOA0048
CP000032.1	42905	45076	+	nosR	SPOA0049
CP000032.1	45091	46998	+	nosZ	SPOA0050
CP000032.1	47002	48258	+	nosD	SPOA0051
CP000032.1	48248	49141	+	nosF	SPOA0052
CP000032.1	49138	49959	+	nosY	SPOA0053
CP000032.1	49956	50477	+	nosL	SPOA0054
CP000032.1	50513	50890	+		SPOA0055
CP000032.1	50922	51536	-		SPOA0056
CP000032.1	51916	53013	+	gcvT	SPOA0057
CP000032.1	53134	53499	+	gcvH-2	SPOA0058
CP000032.1	53556	56414	+	gcvP	SPOA0059
CP000032.1	56564	57430	+		SPOA0060
CP000032.1	57490	59685	-	katG	SPOA0061
CP000032.1	59846	60544	-		SPOA0062
CP000032.1	60657	63092	-		SPOA0063
CP000032.1	63234	64016	-		SPOA0064
CP000032.1	64023	65624	-		SPOA0065
CP000032.1	65624	66811	-		SPOA0066
CP000032.1	66808	67455	-		SPOA0067
CP000032.1	67577	68377	+		SPOA0068
CP000032.1	68410	69180	+		SPOA0069
CP000032.1	69190	69942	+		SPOA0070
CP000032.1	69939	70727	+		SPOA0071
CP000032.1	70800	71285	+		SPOA0072
CP000032.1	71286	71747	+	arsC-2	SPOA0073
CP000032.1	71744	72142	+		SPOA0074
CP000032.1	72135	72728	+		SPOA0075
CP000032.1	72753	73649	+		SPOA0076
CP000032.1	73720	73938	+	infA	SPOA0077
CP000032.1	73949	74527	+	maf-2	SPOA0078
CP000032.1	74524	75546	+		SPOA0079
CP000032.1	75543	75725	+		SPOA0450
CP000032.1	75805	75879	+		SPOA_tRNA-Phe-1
CP000032.1	76107	77432	-		SPOA0081
CP000032.1	77422	79263	-		SPOA0082
CP000032.1	79377	80480	-		SPOA0083
CP000032.1	80695	80895	-		SPOA0084
CP000032.1	80961	81179	-		SPOA0085
CP000032.1	82940	84751	-		SPOA0086
CP000032.1	85721	86923	-		SPOA0087
CP000032.1	87032	87712	+		SPOA0087a
CP000032.1	87709	90012	+		SPOA0088
CP000032.1	90607	91137	+		SPOA0089
CP000032.1	91354	91923	+		SPOA0090
CP000032.1	92045	92353	-		SPOA0091
CP000032.1	93195	94682	+		SPOA0093
CP000032.1	94679	95089	+		SPOA0094
CP000032.1	95089	96138	+		SPOA0095
CP000032.1	96657	97691	-		SPOA0096
CP000032.1	97765	98703	-		SPOA0097
CP000032.1	98700	99569	-		SPOA0098
CP000032.1	99566	100270	-		SPOA0099
CP000032.1	100267	100980	-		SPOA0100
CP000032.1	100984	102264	-		SPOA0101
CP000032.1	102382	103350	-		SPOA0102
CP000032.1	103368	103862	+		SPOA0103
CP000032.1	103895	105283	+		SPOA0104
CP000032.1	105320	105694	-		SPOA0105
CP000032.1	105811	106644	+		SPOA0106
CP000032.1	107348	108241	-		SPOA0107
CP000032.1	108335	109549	+		SPOA0108
CP000032.1	110630	111106	-		SPOA0451
CP000032.1	111099	111572	-		SPOA0452
CP000032.1	111593	112039	-		SPOA0109
CP000032.1	112090	113661	-		SPOA0110
CP000032.1	113658	115832	-		SPOA0111
CP000032.1	115948	117462	+	feaB	SPOA0112
CP000032.1	117468	118856	+		SPOA0113
CP000032.1	118859	119893	+		SPOA0114
CP000032.1	119912	121036	+	gtdA-2	SPOA0115
CP000032.1	121054	121971	+		SPOA0116
CP000032.1	121973	122749	+		SPOA0117
CP000032.1	122787	123326	+		SPOA0118
CP000032.1	123338	124879	+		SPOA0119
CP000032.1	125015	125953	+		SPOA0120
CP000032.1	126010	127668	+		SPOA0121
CP000032.1	128113	129045	-		SPOA0122
CP000032.1	129275	132235	+		SPOA0123
CP000032.1	132272	135232	+		SPOA0124
CP000032.1	135246	136139	+		SPOA0125
CP000032.1	136399	137124	-		SPOA0126
CP000032.1	137121	137912	-		SPOA0127
CP000032.1	137909	139147	-		SPOA0128
CP000032.1	139144	140319	-		SPOA0129
CP000032.1	140319	141938	-		SPOA0130
CP000032.1	141940	142413	-		SPOA0131
CP000032.1	142410	143750	-		SPOA0132
CP000032.1	143773	144717	-		SPOA0133
CP000032.1	145949	146518	+		SPOA0134
CP000032.1	147302	147376	-		SPOA_tRNA-Thr-1
CP000032.1	147504	147659	+		SPOA0136
CP000032.1	147666	148931	+	murA	SPOA0137
CP000032.1	148931	149407	+		SPOA0138
CP000032.1	149467	149946	+		SPOA0139
CP000032.1	149971	151794	-	glmS	SPOA0140
CP000032.1	152200	152550	+		SPOA0141
CP000032.1	152550	153062	+		SPOA0142
CP000032.1	153574	154419	-		SPOA0143
CP000032.1	154606	155796	+		SPOA0144
CP000032.1	155809	156762	+		SPOA0145
CP000032.1	156768	157931	+		SPOA0146
CP000032.1	158076	158954	+		SPOA0147
CP000032.1	159056	160213	-		SPOA0148
CP000032.1	160318	161634	+		SPOA0149
CP000032.1	161659	162696	-		SPOA0150
CP000032.1	162796	163413	+		SPOA0151
CP000032.1	163457	164533	+		SPOA0152
CP000032.1	164552	165628	+		SPOA0153
CP000032.1	165646	167022	+		SPOA0154
CP000032.1	167176	171612	-		SPOA0155
CP000032.1	171697	172530	-		SPOA0156
CP000032.1	172937	173923	-	cuyZ	SPOA0157
CP000032.1	173964	174983	-	cuyA	SPOA0158
CP000032.1	175095	175997	+	cuyR	SPOA0159
CP000032.1	176064	177386	-		SPOA0160
CP000032.1	177386	177877	-		SPOA0161
CP000032.1	177943	178977	-		SPOA0162
CP000032.1	179002	180303	-	mvaA	SPOA0163
CP000032.1	180424	181809	+		SPOA0164
CP000032.1	181865	182800	-		SPOA0165
CP000032.1	182941	183951	+		SPOA0166
CP000032.1	184036	186249	+		SPOA0167
CP000032.1	186254	187519	+		SPOA0168
CP000032.1	187676	188389	-		SPOA0169
CP000032.1	188365	188907	-		SPOA0170
CP000032.1	188994	189755	+		SPOA0171
CP000032.1	189812	190042	+		SPOA0172
CP000032.1	190045	190572	+		SPOA0173
CP000032.1	190647	191114	+		SPOA0174
CP000032.1	191127	192059	+		SPOA0175
CP000032.1	192016	192447	+		SPOA0176
CP000032.1	192528	193220	-		SPOA0177
CP000032.1	194488	194853	-		SPOA0180
CP000032.1	194918	195736	-		SPOA0181
CP000032.1	195733	196302	-		SPOA0182
CP000032.1	196299	196898	-		SPOA0183
CP000032.1	196898	198328	-		SPOA0184
CP000032.1	198329	198838	-		SPOA0185
CP000032.1	198944	199426	+		SPOA0186
CP000032.1	199725	200597	-	ccoP-2	SPOA0187
CP000032.1	200588	200755	-	ccoQ-2	SPOA0188
CP000032.1	200752	201483	-	ccoO-2	SPOA0189
CP000032.1	201488	203110	-	ccoN-2	SPOA0190
CP000032.1	203113	203904	-		SPOA0191
CP000032.1	203945	204364	-		SPOA0192
CP000032.1	204477	204896	-	cycJ	SPOA0193
CP000032.1	204899	206140	-	hemA-2	SPOA0194
CP000032.1	206169	207119	-		SPOA0195
CP000032.1	207119	207571	-	cycL	SPOA0196
CP000032.1	207568	208134	-	dsbE	SPOA0197
CP000032.1	208131	210131	-	cycK	SPOA0198
CP000032.1	210138	211616	-		SPOA0199
CP000032.1	211718	212725	-		SPOA0200
CP000032.1	212759	214345	-		SPOA0201
CP000032.1	214950	216251	+	hisD-2	SPOA0202
CP000032.1	216248	219547	-		SPOA0203
CP000032.1	219959	221563	-		SPOA0204
CP000032.1	221560	224325	-		SPOA0205
CP000032.1	224583	225284	+		SPOA0206
CP000032.1	225279	228305	-		SPOA0207
CP000032.1	228322	229908	-		SPOA0208
CP000032.1	230029	231330	-		SPOA0209
CP000032.1	231416	232255	-		SPOA0210
CP000032.1	232257	233939	-		SPOA0211
CP000032.1	234160	234417	-		SPOA0212
CP000032.1	234422	234925	-		SPOA0213
CP000032.1	234967	236889	-	norD	SPOA0214
CP000032.1	236898	237713	-	norQ	SPOA0215
CP000032.1	237713	239080	-	norB	SPOA0216
CP000032.1	239096	239548	-	norC	SPOA0217
CP000032.1	239774	240742	+		SPOA0218
CP000032.1	240753	241925	-		SPOA0219
CP000032.1	242141	243835	+	nirS	SPOA0220
CP000032.1	243923	244696	+	nirE	SPOA0221
CP000032.1	244716	245048	+	nirC	SPOA0222
CP000032.1	245045	246190	+	nirF	SPOA0223
CP000032.1	246196	247188	+		SPOA0224
CP000032.1	247185	247634	+	nirG	SPOA0225
CP000032.1	247631	248113	+	nirH	SPOA0226
CP000032.1	248115	249326	+	nirJ	SPOA0227
CP000032.1	249427	250938	+	nirN	SPOA0228
CP000032.1	250979	251170	+		SPOA0229
CP000032.1	251221	252138	-		SPOA0230
CP000032.1	252309	253250	+		SPOA0231
CP000032.1	253363	254415	+	opuAA	SPOA0232
CP000032.1	254412	255986	+		SPOA0233
CP000032.1	256041	257039	+		SPOA0234
CP000032.1	257036	258022	+	speB-4	SPOA0235
CP000032.1	258234	259955	+	dctB	SPOA0236
CP000032.1	259961	261301	+	dctD-2	SPOA0237
CP000032.1	261428	262441	+		SPOA0238
CP000032.1	262516	263151	+		SPOA0239
CP000032.1	263144	264544	+		SPOA0240
CP000032.1	264766	265689	-		SPOA0241
CP000032.1	265820	266860	-		SPOA0242
CP000032.1	266928	268430	-		SPOA0243
CP000032.1	268432	269346	-		SPOA0244
CP000032.1	269349	270524	-		SPOA0245
CP000032.1	270521	271546	-	pdxA-2	SPOA0246
CP000032.1	271543	272505	-		SPOA0247
CP000032.1	272618	273043	-		SPOA0248
CP000032.1	273143	274120	-		SPOA0249
CP000032.1	274138	275418	-		SPOA0250
CP000032.1	275421	275969	-		SPOA0251
CP000032.1	276053	277078	+		SPOA0252
CP000032.1	277117	278247	-		SPOA0253
CP000032.1	278352	279479	-	rbsC-1	SPOA0254
CP000032.1	279491	280252	-		SPOA0255
CP000032.1	280380	281426	-		SPOA0256
CP000032.1	281449	282468	-	rbsC-2	SPOA0257
CP000032.1	282480	283985	-	rbsA	SPOA0258
CP000032.1	284124	285167	+		SPOA0259
CP000032.1	285382	286890	-		SPOA0260
CP000032.1	286995	287675	-		SPOA0261
CP000032.1	287856	289097	-		SPOA0262
CP000032.1	289097	290407	-		SPOA0263
CP000032.1	290411	290944	-		SPOA0264
CP000032.1	291001	292065	-		SPOA0265
CP000032.1	292150	293091	-		SPOA0266
CP000032.1	293082	294038	-		SPOA0267
CP000032.1	294459	295271	+		SPOA0268
CP000032.1	295294	296604	+		SPOA0269
CP000032.1	296672	297382	+		SPOA0270
CP000032.1	297379	298593	+		SPOA0271
CP000032.1	298624	299736	+		SPOA0272
CP000032.1	300016	300510	+		SPOA0272a
CP000032.1	300585	301151	-		SPOA0273
CP000032.1	301297	302574	+	gabT	SPOA0274
CP000032.1	302576	304036	+	gabD-3	SPOA0275
CP000032.1	304052	304993	-	cscK	SPOA0276
CP000032.1	305059	305817	-		SPOA0277
CP000032.1	305817	307118	-		SPOA0278
CP000032.1	307118	307627	-		SPOA0279
CP000032.1	307702	308697	-		SPOA0280
CP000032.1	308914	309798	+		SPOA0281
CP000032.1	309822	311339	-		SPOA0282
CP000032.1	311439	313043	-		SPOA0283
CP000032.1	313162	314052	+		SPOA0284
CP000032.1	314098	314883	-	caiD-2	SPOA0285
CP000032.1	314883	315488	-		SPOA0286
CP000032.1	315492	317504	-		SPOA0287
CP000032.1	317587	318747	-	acdA-3	SPOA0288
CP000032.1	318870	319769	+		SPOA0289
CP000032.1	319825	320892	-		SPOA0290
CP000032.1	320935	321894	-		SPOA0291
CP000032.1	322185	322844	+	psd	SPOA0292
CP000032.1	322880	323635	+	pssA	SPOA0293
CP000032.1	323640	324260	+	pmtA	SPOA0294
CP000032.1	324468	325151	-		SPOA0295
CP000032.1	325158	325880	-	livF-2	SPOA0296
CP000032.1	325884	326666	-	livG	SPOA0297
CP000032.1	326663	327643	-		SPOA0298
CP000032.1	327648	328517	-		SPOA0299
CP000032.1	328607	329794	-		SPOA0300
CP000032.1	330025	330744	+		SPOA0301
CP000032.1	331140	332186	+		SPOA0302
CP000032.1	332220	333317	-		SPOA0303
CP000032.1	333314	334621	-	repA	SPOA0304
CP000032.1	335100	335789	+		SPOA0305
CP000032.1	335830	338127	-		SPOA0306
CP000032.1	339974	341653	-		SPOA0309
CP000032.1	341657	344068	-		SPOA0310
CP000032.1	344068	346467	-		SPOA0311
CP000032.1	346464	347753	-		SPOA0312
CP000032.1	347750	349294	-		SPOA0313
CP000032.1	349404	350270	+		SPOA0314
CP000032.1	351557	353770	+	icd	SPOA0315
CP000032.1	353871	355526	-		SPOA0316
CP000032.1	355845	356303	-		SPOA0317
CP000032.1	356420	357622	+	megL	SPOA0318
CP000032.1	357789	360179	+		SPOA0319
CP000032.1	360331	360708	+	hpcD	SPOA0320
CP000032.1	360699	361160	-		SPOA0321
CP000032.1	361284	362402	+		SPOA0322
CP000032.1	362508	363212	+		SPOA0323
CP000032.1	363209	363772	+		SPOA0324
CP000032.1	363781	364857	-		SPOA0325
CP000032.1	365032	365916	+		SPOA0326
CP000032.1	367716	368282	+		SPOA0327
CP000032.1	368322	368957	+		SPOA0328
CP000032.1	370463	370852	-	mgsA	SPOA0329
CP000032.1	370846	371505	-	eda-2	SPOA0330
CP000032.1	371484	372431	-		SPOA0331
CP000032.1	372441	374237	-		SPOA0332
CP000032.1	374238	375503	-		SPOA0333
CP000032.1	375570	376130	-		SPOA0334
CP000032.1	376203	377222	-		SPOA0335
CP000032.1	377348	378382	+		SPOA0336
CP000032.1	379179	381470	-		SPOA0337
CP000032.1	381777	382751	+		SPOA0338
CP000032.1	383108	383779	-		SPOA0339
CP000032.1	383776	384009	-		SPOA0340
CP000032.1	384039	384818	-		SPOA0341
CP000032.1	384945	385730	-		SPOA0342
CP000032.1	385776	386387	-		SPOA0343
CP000032.1	386564	387508	-		SPOA0344
CP000032.1	387556	388539	+		SPOA0345
CP000032.1	388536	388925	+		SPOA0346
CP000032.1	388947	390134	+		SPOA0347
CP000032.1	390671	391216	+		SPOA0348
CP000032.1	391276	392235	-		SPOA0349
CP000032.1	392232	392450	-		SPOA0350
CP000032.1	392392	392625	-		SPOA0351
CP000032.1	392691	394046	-		SPOA0352
CP000032.1	394173	395651	+		SPOA0353
CP000032.1	395648	396946	+		SPOA0354
CP000032.1	396943	397887	+		SPOA0355
CP000032.1	397884	399119	+		SPOA0356
CP000032.1	399373	400101	+		SPOA0357
CP000032.1	400107	401477	+		SPOA0358
CP000032.1	401807	402403	+		SPOA0359
CP000032.1	402425	403855	+		SPOA0360
CP000032.1	403852	404352	+		SPOA0361
CP000032.1	404349	405083	+		SPOA0362
CP000032.1	405287	406045	+		SPOA0363
CP000032.1	406161	407222	+		SPOA0364
CP000032.1	407279	409636	+		SPOA0365
CP000032.1	409666	411012	+		SPOA0366
CP000032.1	411009	412142	-		SPOA0367
CP000032.1	412340	412849	-		SPOA0368
CP000032.1	412958	413620	-		SPOA0369
CP000032.1	413692	415635	-	copA	SPOA0370
CP000032.1	415806	416144	-		SPOA0371
CP000032.1	416293	416856	-		SPOA0372
CP000032.1	416936	418225	-		SPOA0373
CP000032.1	418331	419371	-		SPOA0374
CP000032.1	419547	421010	+		SPOA0375
CP000032.1	421021	422331	+		SPOA0376
CP000032.1	422351	423844	+		SPOA0377
CP000032.1	423926	425029	-		SPOA0378
CP000032.1	425152	426624	+		SPOA0379
CP000032.1	426750	428057	+		SPOA0380
CP000032.1	428256	429296	+		SPOA0381
CP000032.1	429358	430461	+		SPOA0382
CP000032.1	430463	431347	+		SPOA0383
CP000032.1	431347	432174	+		SPOA0384
CP000032.1	432275	433567	+		SPOA0385
CP000032.1	433575	435200	+		SPOA0386
CP000032.1	435270	436184	+		SPOA0387
CP000032.1	436276	438348	+		SPOA0388
CP000032.1	438569	439006	+		SPOA0389
CP000032.1	438997	440526	-		SPOA0390
CP000032.1	440874	441527	+		SPOA0391
CP000032.1	441633	442271	+		SPOA0392
CP000032.1	442261	442560	+		SPOA0393
CP000032.1	442435	443445	-		SPOA0394
CP000032.1	443439	444830	+		SPOA0395
CP000032.1	444910	445212	+		SPOA0396
CP000032.1	445209	445832	+		SPOA0397
CP000032.1	445902	446225	+		SPOA0398
CP000032.1	446276	446620	+		SPOA0399
CP000032.1	446685	447080	-		SPOA0400
CP000032.1	447094	448716	-	badA-2	SPOA0401
CP000032.1	448720	449172	-		SPOA0402
CP000032.1	449201	450343	-		SPOA0403
CP000032.1	450396	451199	-		SPOA0404
CP000032.1	451196	451663	-		SPOA0405
CP000032.1	451660	452418	-		SPOA0406
CP000032.1	452415	454709	-		SPOA0407
CP000032.1	454843	455619	+		SPOA0408
CP000032.1	455624	456460	+		SPOA0409
CP000032.1	456748	458676	+		SPOA0410
CP000032.1	459056	459937	+		SPOA0412
CP000032.1	459934	460413	+		SPOA0413
CP000032.1	460413	462674	+		SPOA0414
CP000032.1	462667	462912	+		SPOA0415
CP000032.1	463118	463858	-		SPOA0416
CP000032.1	463866	464555	-		SPOA0417
CP000032.1	464662	466353	+		SPOA0418
CP000032.1	466454	467290	-		SPOA0419
CP000032.1	467341	467541	-		SPOA0420
CP000032.1	467615	468235	-		SPOA0421
CP000032.1	468250	468714	-		SPOA0422
CP000032.1	469019	469585	+		SPOA0423
CP000032.1	469613	471757	-	fabJ-2	SPOA0424
CP000032.1	471770	472978	-		SPOA0425
CP000032.1	473076	474071	+		SPOA0426
CP000032.1	474087	474419	-		SPOA0427
CP000032.1	474485	475711	-		SPOA0428
CP000032.1	475904	477349	+		SPOA0429
CP000032.1	477356	478450	-		SPOA0430
CP000032.1	478537	479736	-		SPOA0431
CP000032.1	479797	481134	-	pcaB	SPOA0432
CP000032.1	481134	481847	-		SPOA0433
CP000032.1	481860	482648	-	catD	SPOA0434
CP000032.1	482759	483733	-		SPOA0435
CP000032.1	483730	484557	-		SPOA0436
CP000032.1	484558	485244	-	dehII	SPOA0437
CP000032.1	485378	485806	+		SPOA0438
CP000032.1	485896	486687	-	fabI-3	SPOA0439
CP000032.1	486694	487923	-	fabB	SPOA0440
CP000032.1	488138	489025	+		SPOA0441
CP000032.1	489041	489136	+		SPOA0442
CP000032.1	489176	489439	+		SPOA0443
CP000032.1	489506	490015	-	fabA	SPOA0444
CP000032.1	490204	490623	+		SPOA0445
CP000032.1	490624	491520	-		SPOA0446
