"","gene","Binomial","ConNIS","ExpVsGamma","Geometric","Tn5Gaps"
"1","thrA","non-essential","non-essential","non-essential","non-essential","non-essential"
"2","thrB","non-essential","non-essential","non-essential","non-essential","non-essential"
"3","thrC","non-essential","non-essential","non-essential","non-essential","non-essential"
"4","yaaA","non-essential","non-essential","non-essential","non-essential","non-essential"
"5","yaaJ","non-essential","non-essential","non-essential","non-essential","non-essential"
"6","talB","non-essential","non-essential","non-essential","non-essential","non-essential"
"7","mogA","non-essential","non-essential","non-essential","non-essential","non-essential"
"8","yaaH","non-essential","non-essential","non-essential","non-essential","non-essential"
"9","htgA","non-essential","non-essential","non-essential","non-essential","non-essential"
"10","yaaI","non-essential","non-essential","non-essential","non-essential","non-essential"
"11","unnamed_gene_1","non-essential","non-essential","non-essential","non-essential","non-essential"
"12","dnaK","essential","non-essential","non-essential","essential","essential"
"13","dnaJ","non-essential","non-essential","non-essential","non-essential","non-essential"
"14","unnamed_gene_2","non-essential","non-essential","non-essential","non-essential","non-essential"
"15","unnamed_gene_6","non-essential","non-essential","non-essential","non-essential","non-essential"
"16","unnamed_gene_9","non-essential","non-essential","non-essential","non-essential","non-essential"
"17","unnamed_gene_10","non-essential","non-essential","non-essential","non-essential","non-essential"
"18","unnamed_gene_11","non-essential","non-essential","non-essential","non-essential","non-essential"
"19","unnamed_gene_13","non-essential","non-essential","non-essential","non-essential","non-essential"
"20","unnamed_gene_14","non-essential","non-essential","essential","non-essential","non-essential"
"21","bcfC","non-essential","non-essential","non-essential","non-essential","non-essential"
"22","bcfD","non-essential","non-essential","non-essential","non-essential","non-essential"
"23","bcfE","non-essential","non-essential","non-essential","non-essential","non-essential"
"24","bcfF","non-essential","non-essential","non-essential","non-essential","non-essential"
"25","bcfG","non-essential","non-essential","non-essential","non-essential","non-essential"
"26","bcfH","non-essential","non-essential","non-essential","non-essential","non-essential"
"27","unnamed_gene_18","non-essential","non-essential","non-essential","non-essential","non-essential"
"28","unnamed_gene_19","non-essential","non-essential","essential","non-essential","non-essential"
"29","unnamed_gene_23","non-essential","non-essential","non-essential","non-essential","non-essential"
"30","unnamed_gene_24","non-essential","non-essential","non-essential","non-essential","non-essential"
"31","nhaA","non-essential","non-essential","non-essential","non-essential","non-essential"
"32","nhaR","non-essential","non-essential","non-essential","non-essential","non-essential"
"33","unnamed_gene_27","non-essential","non-essential","non-essential","non-essential","non-essential"
"34","rpsT","non-essential","non-essential","essential","non-essential","non-essential"
"35","yaaY","non-essential","non-essential","non-essential","non-essential","non-essential"
"36","ribF","essential","essential","essential","essential","essential"
"37","ileS","essential","essential","non-essential","essential","essential"
"38","lspA","essential","essential","essential","non-essential","essential"
"39","unnamed_gene_29","non-essential","non-essential","non-essential","non-essential","non-essential"
"40","slpA","non-essential","non-essential","non-essential","non-essential","non-essential"
"41","ispH","essential","essential","essential","essential","essential"
"42","unnamed_gene_30","non-essential","non-essential","non-essential","non-essential","non-essential"
"43","rihC","non-essential","non-essential","non-essential","non-essential","non-essential"
"44","unnamed_gene_33","non-essential","non-essential","non-essential","non-essential","non-essential"
"45","unnamed_gene_34","non-essential","non-essential","non-essential","non-essential","non-essential"
"46","unnamed_gene_35","non-essential","non-essential","non-essential","non-essential","non-essential"
"47","unnamed_gene_36","non-essential","non-essential","non-essential","non-essential","non-essential"
"48","unnamed_gene_37","non-essential","non-essential","non-essential","non-essential","non-essential"
"49","citC2","non-essential","non-essential","non-essential","non-essential","non-essential"
"50","citD2","non-essential","non-essential","non-essential","non-essential","non-essential"
"51","citE2","non-essential","non-essential","non-essential","non-essential","non-essential"
"52","citF2","non-essential","non-essential","non-essential","non-essential","non-essential"
"53","citX2","non-essential","non-essential","non-essential","non-essential","non-essential"
"54","citG2","non-essential","non-essential","non-essential","non-essential","non-essential"
"55","dapB","essential","essential","essential","essential","essential"
"56","unnamed_gene_38","non-essential","non-essential","non-essential","non-essential","non-essential"
"57","carA","non-essential","non-essential","non-essential","non-essential","non-essential"
"58","carB","non-essential","non-essential","non-essential","non-essential","non-essential"
"59","caiE","non-essential","non-essential","non-essential","non-essential","non-essential"
"60","caiD","non-essential","non-essential","non-essential","non-essential","non-essential"
"61","caiC","non-essential","non-essential","non-essential","non-essential","non-essential"
"62","caiB","non-essential","non-essential","non-essential","non-essential","non-essential"
"63","unnamed_gene_40","non-essential","non-essential","non-essential","non-essential","non-essential"
"64","caiA","non-essential","non-essential","non-essential","non-essential","non-essential"
"65","caiT","non-essential","non-essential","non-essential","non-essential","non-essential"
"66","unnamed_gene_41","non-essential","non-essential","non-essential","non-essential","non-essential"
"67","fixA","non-essential","non-essential","non-essential","non-essential","non-essential"
"68","fixB","non-essential","non-essential","non-essential","non-essential","non-essential"
"69","fixC","non-essential","non-essential","non-essential","non-essential","non-essential"
"70","fixX","non-essential","non-essential","non-essential","non-essential","non-essential"
"71","yaaU","non-essential","non-essential","non-essential","non-essential","non-essential"
"72","unnamed_gene_48","non-essential","non-essential","non-essential","non-essential","non-essential"
"73","unnamed_gene_49","non-essential","non-essential","non-essential","non-essential","non-essential"
"74","yabF","non-essential","non-essential","non-essential","non-essential","non-essential"
"75","kefC","non-essential","non-essential","non-essential","non-essential","non-essential"
"76","unnamed_gene_50","non-essential","non-essential","essential","non-essential","essential"
"77","folA","essential","essential","essential","non-essential","essential"
"78","apaH","non-essential","non-essential","non-essential","non-essential","non-essential"
"79","apaG","non-essential","non-essential","non-essential","non-essential","non-essential"
"80","ksgA","non-essential","non-essential","non-essential","non-essential","non-essential"
"81","pdxA_1","non-essential","non-essential","non-essential","non-essential","non-essential"
"82","surA","non-essential","non-essential","non-essential","non-essential","non-essential"
"83","imp","essential","essential","non-essential","essential","essential"
"84","unnamed_gene_51","non-essential","non-essential","non-essential","non-essential","non-essential"
"85","djlA","non-essential","non-essential","non-essential","non-essential","non-essential"
"86","rluA","non-essential","non-essential","non-essential","non-essential","non-essential"
"87","hepA","non-essential","non-essential","non-essential","non-essential","non-essential"
"88","polB","non-essential","non-essential","non-essential","non-essential","non-essential"
"89","araD","non-essential","non-essential","non-essential","non-essential","non-essential"
"90","araA","non-essential","non-essential","non-essential","non-essential","non-essential"
"91","araB","non-essential","non-essential","non-essential","non-essential","non-essential"
"92","araC","non-essential","non-essential","non-essential","non-essential","non-essential"
"93","yabI","non-essential","non-essential","non-essential","non-essential","non-essential"
"94","thiQ","non-essential","non-essential","non-essential","non-essential","non-essential"
"95","thiP","non-essential","non-essential","non-essential","non-essential","non-essential"
"96","tbpA","non-essential","non-essential","non-essential","non-essential","non-essential"
"97","unnamed_gene_54","non-essential","non-essential","essential","non-essential","non-essential"
"98","yabN","non-essential","non-essential","non-essential","non-essential","non-essential"
"99","unnamed_gene_55","non-essential","non-essential","non-essential","non-essential","non-essential"
"100","leuD","non-essential","non-essential","non-essential","non-essential","non-essential"
"101","leuC","non-essential","non-essential","non-essential","non-essential","non-essential"
"102","leuB","non-essential","non-essential","non-essential","non-essential","non-essential"
"103","leuA","non-essential","non-essential","non-essential","non-essential","non-essential"
"104","ilvI","non-essential","non-essential","non-essential","non-essential","non-essential"
"105","ilvH","non-essential","non-essential","non-essential","non-essential","non-essential"
"106","unnamed_gene_58","non-essential","non-essential","non-essential","non-essential","non-essential"
"107","fruR","non-essential","non-essential","non-essential","non-essential","non-essential"
"108","unnamed_gene_60","non-essential","non-essential","non-essential","non-essential","non-essential"
"109","yabB","non-essential","non-essential","non-essential","non-essential","non-essential"
"110","mraW","essential","non-essential","non-essential","non-essential","non-essential"
"111","ftsL","non-essential","essential","essential","non-essential","essential"
"112","ftsI","essential","essential","non-essential","essential","essential"
"113","murE","essential","essential","essential","essential","essential"
"114","murF","essential","essential","essential","essential","essential"
"115","mraY","essential","essential","essential","essential","essential"
"116","murD","essential","essential","essential","essential","essential"
"117","ftsW","essential","essential","non-essential","essential","essential"
"118","murG","essential","essential","essential","essential","essential"
"119","murC","essential","essential","essential","essential","essential"
"120","ddl_2","non-essential","non-essential","non-essential","non-essential","non-essential"
"121","ftsQ","essential","essential","essential","essential","essential"
"122","ftsA","essential","essential","essential","essential","essential"
"123","ftsZ","essential","essential","essential","essential","essential"
"124","lpxC","essential","essential","non-essential","essential","essential"
"125","yacA","non-essential","non-essential","non-essential","non-essential","non-essential"
"126","secA","essential","essential","non-essential","essential","essential"
"127","mutT","non-essential","non-essential","non-essential","non-essential","non-essential"
"128","unnamed_gene_61","non-essential","non-essential","essential","non-essential","non-essential"
"129","unnamed_gene_62","non-essential","non-essential","non-essential","non-essential","non-essential"
"130","yacG","non-essential","non-essential","non-essential","non-essential","non-essential"
"131","yacF","non-essential","non-essential","non-essential","non-essential","non-essential"
"132","coaE","essential","essential","essential","essential","essential"
"133","guaC","non-essential","non-essential","non-essential","non-essential","non-essential"
"134","hofC","non-essential","non-essential","non-essential","non-essential","non-essential"
"135","hofB","non-essential","non-essential","non-essential","non-essential","non-essential"
"136","ppdD","non-essential","non-essential","non-essential","non-essential","non-essential"
"137","unnamed_gene_63","non-essential","non-essential","non-essential","non-essential","non-essential"
"138","nadC","non-essential","non-essential","non-essential","non-essential","non-essential"
"139","ampD","non-essential","non-essential","non-essential","non-essential","non-essential"
"140","ampE","non-essential","non-essential","non-essential","non-essential","non-essential"
"141","unnamed_gene_64","non-essential","non-essential","non-essential","non-essential","non-essential"
"142","unnamed_gene_65","non-essential","non-essential","non-essential","non-essential","non-essential"
"143","unnamed_gene_66","non-essential","non-essential","non-essential","non-essential","non-essential"
"144","aroP","non-essential","non-essential","non-essential","non-essential","non-essential"
"145","unnamed_gene_67","non-essential","non-essential","non-essential","non-essential","non-essential"
"146","pdhR","non-essential","non-essential","non-essential","non-essential","non-essential"
"147","aceE","essential","non-essential","non-essential","essential","essential"
"148","aceF","essential","non-essential","non-essential","essential","essential"
"149","lpdA","essential","non-essential","non-essential","essential","non-essential"
"150","unnamed_gene_68","non-essential","non-essential","non-essential","non-essential","non-essential"
"151","unnamed_gene_69","non-essential","non-essential","non-essential","non-essential","non-essential"
"152","unnamed_gene_70","non-essential","non-essential","non-essential","non-essential","non-essential"
"153","yacH","non-essential","non-essential","non-essential","non-essential","non-essential"
"154","acnB","non-essential","non-essential","non-essential","non-essential","non-essential"
"155","unnamed_gene_71","non-essential","non-essential","non-essential","non-essential","non-essential"
"156","yacL","non-essential","non-essential","non-essential","non-essential","non-essential"
"157","kdgT","non-essential","non-essential","non-essential","non-essential","non-essential"
"158","unnamed_gene_72","non-essential","non-essential","non-essential","non-essential","non-essential"
"159","pdxA_2","non-essential","non-essential","non-essential","non-essential","non-essential"
"160","unnamed_gene_73","non-essential","non-essential","non-essential","non-essential","non-essential"
"161","speD","non-essential","non-essential","non-essential","non-essential","non-essential"
"162","speE","non-essential","non-essential","non-essential","non-essential","non-essential"
"163","yacC","non-essential","non-essential","non-essential","non-essential","non-essential"
"164","cueO","non-essential","non-essential","non-essential","non-essential","non-essential"
"165","gcd","non-essential","non-essential","non-essential","non-essential","non-essential"
"166","hpt","non-essential","non-essential","non-essential","non-essential","non-essential"
"167","yadF","essential","essential","essential","essential","essential"
"168","yadG","non-essential","non-essential","non-essential","non-essential","non-essential"
"169","yadH","non-essential","non-essential","non-essential","non-essential","non-essential"
"170","stiH","non-essential","non-essential","non-essential","non-essential","non-essential"
"171","stiC","non-essential","non-essential","non-essential","non-essential","non-essential"
"172","stiB","non-essential","non-essential","non-essential","non-essential","non-essential"
"173","unnamed_gene_74","non-essential","non-essential","non-essential","non-essential","non-essential"
"174","yadE","non-essential","non-essential","non-essential","non-essential","non-essential"
"175","panD","non-essential","non-essential","non-essential","non-essential","non-essential"
"176","panC","non-essential","non-essential","non-essential","non-essential","non-essential"
"177","unnamed_gene_75","non-essential","non-essential","non-essential","non-essential","non-essential"
"178","panB","non-essential","non-essential","non-essential","non-essential","non-essential"
"179","pcnB","non-essential","non-essential","non-essential","non-essential","non-essential"
"180","yadB","non-essential","non-essential","non-essential","non-essential","non-essential"
"181","dksA","non-essential","non-essential","non-essential","non-essential","non-essential"
"182","sfsA","non-essential","non-essential","non-essential","non-essential","non-essential"
"183","ligT","non-essential","non-essential","non-essential","non-essential","non-essential"
"184","hrpB","non-essential","non-essential","non-essential","non-essential","non-essential"
"185","unnamed_gene_76","non-essential","non-essential","non-essential","non-essential","non-essential"
"186","unnamed_gene_77","non-essential","non-essential","essential","non-essential","non-essential"
"187","mrcB","non-essential","non-essential","non-essential","non-essential","non-essential"
"188","unnamed_gene_78","non-essential","non-essential","essential","non-essential","non-essential"
"189","fhuA","non-essential","non-essential","non-essential","non-essential","non-essential"
"190","fhuC","non-essential","non-essential","non-essential","non-essential","non-essential"
"191","fhuD","non-essential","non-essential","non-essential","non-essential","non-essential"
"192","fhuB","non-essential","non-essential","non-essential","non-essential","non-essential"
"193","unnamed_gene_80","non-essential","non-essential","essential","non-essential","non-essential"
"194","stfC","non-essential","non-essential","non-essential","non-essential","non-essential"
"195","stfD","non-essential","non-essential","non-essential","non-essential","non-essential"
"196","stfE","non-essential","non-essential","non-essential","non-essential","non-essential"
"197","stfF","non-essential","non-essential","non-essential","non-essential","non-essential"
"198","stfG","non-essential","non-essential","non-essential","non-essential","non-essential"
"199","unnamed_gene_81","non-essential","non-essential","non-essential","non-essential","non-essential"
"200","hemL","essential","non-essential","non-essential","non-essential","non-essential"
"201","unnamed_gene_82","non-essential","non-essential","non-essential","non-essential","non-essential"
"202","yadQ","non-essential","non-essential","non-essential","non-essential","non-essential"
"203","yadR","non-essential","essential","essential","non-essential","non-essential"
"204","yadS","non-essential","non-essential","non-essential","non-essential","non-essential"
"205","btuF","non-essential","non-essential","non-essential","non-essential","non-essential"
"206","pfs","non-essential","non-essential","non-essential","non-essential","non-essential"
"207","htrA","non-essential","non-essential","non-essential","non-essential","non-essential"
"208","cdaR","non-essential","non-essential","non-essential","non-essential","non-essential"
"209","yaeH","non-essential","non-essential","non-essential","non-essential","non-essential"
"210","unnamed_gene_83","non-essential","non-essential","non-essential","non-essential","non-essential"
"211","dapD","essential","essential","essential","essential","essential"
"212","glnD","non-essential","non-essential","non-essential","non-essential","non-essential"
"213","map","essential","essential","essential","essential","essential"
"214","unnamed_gene_84","non-essential","non-essential","essential","non-essential","essential"
"215","rpsB","essential","essential","non-essential","essential","essential"
"216","tsf","essential","essential","essential","essential","essential"
"217","pyrH","essential","essential","essential","essential","essential"
"218","frr","essential","essential","essential","essential","non-essential"
"219","dxr","essential","essential","essential","essential","essential"
"220","unnamed_gene_85","non-essential","non-essential","non-essential","non-essential","essential"
"221","uppS","essential","essential","essential","essential","essential"
"222","cdsA","essential","essential","essential","essential","essential"
"223","yaeL","non-essential","non-essential","non-essential","non-essential","non-essential"
"224","yaeT","essential","essential","non-essential","essential","essential"
"225","hlpA","non-essential","non-essential","non-essential","non-essential","non-essential"
"226","lpxD","essential","essential","essential","essential","essential"
"227","fabZ","essential","essential","essential","essential","essential"
"228","lpxA","essential","essential","essential","essential","essential"
"229","lpxB","essential","essential","essential","essential","essential"
"230","rnhB","non-essential","non-essential","non-essential","non-essential","non-essential"
"231","dnaE","essential","essential","essential","essential","essential"
"232","accA","essential","essential","essential","essential","essential"
"233","unnamed_gene_86","non-essential","non-essential","non-essential","non-essential","non-essential"
"234","ldcC","non-essential","non-essential","non-essential","non-essential","non-essential"
"235","yaeR","non-essential","non-essential","non-essential","non-essential","non-essential"
"236","tilS","essential","essential","essential","essential","essential"
"237","rof","non-essential","non-essential","essential","non-essential","non-essential"
"238","yaeP","non-essential","non-essential","non-essential","non-essential","non-essential"
"239","yaeQ","non-essential","non-essential","non-essential","non-essential","non-essential"
"240","yaeJ","non-essential","non-essential","non-essential","non-essential","non-essential"
"241","cutF","non-essential","non-essential","non-essential","non-essential","non-essential"
"242","proS","essential","essential","essential","essential","essential"
"243","yaeB","non-essential","non-essential","non-essential","non-essential","non-essential"
"244","rcsF","non-essential","non-essential","non-essential","non-essential","non-essential"
"245","metQ","non-essential","non-essential","non-essential","non-essential","non-essential"
"246","yaeE","non-essential","non-essential","non-essential","non-essential","non-essential"
"247","metN","non-essential","non-essential","non-essential","non-essential","non-essential"
"248","yaeD","essential","essential","non-essential","essential","non-essential"
"249","unnamed_gene_87","non-essential","non-essential","non-essential","non-essential","non-essential"
"250","unnamed_gene_88","non-essential","non-essential","non-essential","non-essential","non-essential"
"251","rrsH","non-essential","non-essential","non-essential","non-essential","non-essential"
"252","ileV","non-essential","non-essential","non-essential","non-essential","non-essential"
"253","unnamed_gene_89","non-essential","non-essential","non-essential","non-essential","non-essential"
"254","rrlH","non-essential","non-essential","non-essential","non-essential","non-essential"
"255","aspU","non-essential","non-essential","essential","non-essential","non-essential"
"256","dkgB","non-essential","non-essential","non-essential","non-essential","non-essential"
"257","yafC","non-essential","non-essential","non-essential","non-essential","non-essential"
"258","unnamed_gene_90","non-essential","non-essential","non-essential","non-essential","non-essential"
"259","yafD","non-essential","non-essential","non-essential","non-essential","non-essential"
"260","yafE","non-essential","non-essential","non-essential","non-essential","non-essential"
"261","dniR","non-essential","non-essential","non-essential","non-essential","non-essential"
"262","gloB","non-essential","non-essential","non-essential","non-essential","non-essential"
"263","yafS","non-essential","non-essential","non-essential","non-essential","non-essential"
"264","rnhA","non-essential","non-essential","non-essential","non-essential","non-essential"
"265","dnaQ","essential","essential","essential","essential","essential"
"266","unnamed_gene_91","non-essential","non-essential","non-essential","non-essential","essential"
"267","aspV","non-essential","non-essential","essential","non-essential","non-essential"
"268","unnamed_gene_92","non-essential","non-essential","non-essential","non-essential","non-essential"
"269","unnamed_gene_93","non-essential","non-essential","non-essential","non-essential","non-essential"
"270","unnamed_gene_94","non-essential","non-essential","non-essential","non-essential","non-essential"
"271","unnamed_gene_95","non-essential","non-essential","non-essential","non-essential","non-essential"
"272","unnamed_gene_96","non-essential","non-essential","non-essential","non-essential","non-essential"
"273","unnamed_gene_97","non-essential","non-essential","non-essential","non-essential","non-essential"
"274","unnamed_gene_98","non-essential","non-essential","non-essential","non-essential","non-essential"
"275","unnamed_gene_99","non-essential","non-essential","non-essential","non-essential","non-essential"
"276","unnamed_gene_100","non-essential","non-essential","non-essential","non-essential","non-essential"
"277","unnamed_gene_101","non-essential","non-essential","non-essential","non-essential","non-essential"
"278","unnamed_gene_108","non-essential","non-essential","non-essential","non-essential","non-essential"
"279","unnamed_gene_109","non-essential","non-essential","non-essential","non-essential","non-essential"
"280","unnamed_gene_110","non-essential","non-essential","non-essential","non-essential","non-essential"
"281","unnamed_gene_112","non-essential","non-essential","non-essential","non-essential","non-essential"
"282","unnamed_gene_113","non-essential","non-essential","non-essential","non-essential","non-essential"
"283","unnamed_gene_114","non-essential","non-essential","non-essential","non-essential","non-essential"
"284","unnamed_gene_115","non-essential","non-essential","non-essential","non-essential","non-essential"
"285","unnamed_gene_117","non-essential","non-essential","non-essential","non-essential","non-essential"
"286","unnamed_gene_118","non-essential","non-essential","non-essential","non-essential","non-essential"
"287","unnamed_gene_119","non-essential","non-essential","non-essential","non-essential","non-essential"
"288","unnamed_gene_120","non-essential","non-essential","non-essential","non-essential","non-essential"
"289","unnamed_gene_122","non-essential","non-essential","non-essential","non-essential","non-essential"
"290","unnamed_gene_125","essential","essential","essential","non-essential","non-essential"
"291","unnamed_gene_127","non-essential","non-essential","non-essential","non-essential","non-essential"
"292","safB","non-essential","non-essential","non-essential","non-essential","non-essential"
"293","safC","non-essential","non-essential","non-essential","non-essential","non-essential"
"294","safD","non-essential","non-essential","non-essential","non-essential","non-essential"
"295","ybeJ","non-essential","non-essential","non-essential","non-essential","non-essential"
"296","yafV","non-essential","non-essential","non-essential","non-essential","non-essential"
"297","fadE","non-essential","non-essential","non-essential","non-essential","non-essential"
"298","gmhA","essential","essential","essential","essential","non-essential"
"299","yafJ","non-essential","non-essential","non-essential","non-essential","non-essential"
"300","yafK","non-essential","non-essential","non-essential","non-essential","non-essential"
"301","unnamed_gene_135","non-essential","non-essential","non-essential","non-essential","non-essential"
"302","prfH","non-essential","non-essential","non-essential","non-essential","non-essential"
"303","pepD","non-essential","non-essential","non-essential","non-essential","non-essential"
"304","gpt","non-essential","non-essential","non-essential","non-essential","non-essential"
"305","frsA","non-essential","non-essential","non-essential","non-essential","non-essential"
"306","crl","non-essential","non-essential","non-essential","non-essential","non-essential"
"307","phoE","non-essential","non-essential","non-essential","non-essential","non-essential"
"308","unnamed_gene_136","non-essential","non-essential","non-essential","non-essential","non-essential"
"309","proB","non-essential","non-essential","non-essential","non-essential","non-essential"
"310","proA","non-essential","non-essential","non-essential","essential","non-essential"
"311","thrW","non-essential","non-essential","non-essential","non-essential","non-essential"
"312","unnamed_gene_137","non-essential","non-essential","non-essential","non-essential","non-essential"
"313","unnamed_gene_138","non-essential","non-essential","non-essential","non-essential","non-essential"
"314","unnamed_gene_139","non-essential","non-essential","non-essential","non-essential","non-essential"
"315","unnamed_gene_141","non-essential","non-essential","non-essential","non-essential","non-essential"
"316","unnamed_gene_142","non-essential","non-essential","non-essential","non-essential","non-essential"
"317","unnamed_gene_143","non-essential","non-essential","non-essential","non-essential","non-essential"
"318","unnamed_gene_144","non-essential","non-essential","non-essential","non-essential","non-essential"
"319","unnamed_gene_145","non-essential","non-essential","non-essential","non-essential","non-essential"
"320","unnamed_gene_146","non-essential","non-essential","non-essential","non-essential","non-essential"
"321","unnamed_gene_147","non-essential","non-essential","non-essential","non-essential","non-essential"
"322","stbC","non-essential","non-essential","non-essential","non-essential","non-essential"
"323","unnamed_gene_148","non-essential","non-essential","non-essential","non-essential","non-essential"
"324","unnamed_gene_158","non-essential","non-essential","non-essential","non-essential","non-essential"
"325","unnamed_gene_159","non-essential","non-essential","non-essential","non-essential","non-essential"
"326","unnamed_gene_160","non-essential","non-essential","non-essential","essential","non-essential"
"327","unnamed_gene_161","non-essential","non-essential","non-essential","non-essential","non-essential"
"328","unnamed_gene_162","non-essential","non-essential","non-essential","non-essential","non-essential"
"329","unnamed_gene_163","non-essential","non-essential","non-essential","non-essential","non-essential"
"330","unnamed_gene_164","non-essential","non-essential","non-essential","non-essential","non-essential"
"331","unnamed_gene_165","non-essential","non-essential","non-essential","non-essential","non-essential"
"332","unnamed_gene_166","non-essential","non-essential","essential","non-essential","non-essential"
"333","unnamed_gene_167","non-essential","non-essential","non-essential","non-essential","non-essential"
"334","mod","non-essential","non-essential","non-essential","non-essential","non-essential"
"335","res","non-essential","non-essential","non-essential","non-essential","non-essential"
"336","unnamed_gene_168","non-essential","non-essential","non-essential","non-essential","non-essential"
"337","unnamed_gene_169","non-essential","non-essential","non-essential","non-essential","non-essential"
"338","unnamed_gene_171","non-essential","non-essential","non-essential","non-essential","non-essential"
"339","unnamed_gene_172","non-essential","non-essential","non-essential","non-essential","non-essential"
"340","unnamed_gene_173","non-essential","non-essential","non-essential","non-essential","non-essential"
"341","unnamed_gene_174","non-essential","non-essential","non-essential","non-essential","non-essential"
"342","foxA","non-essential","non-essential","non-essential","non-essential","non-essential"
"343","yahN","non-essential","non-essential","non-essential","non-essential","non-essential"
"344","yahO","non-essential","non-essential","non-essential","non-essential","non-essential"
"345","prpR","non-essential","non-essential","non-essential","non-essential","non-essential"
"346","unnamed_gene_175","non-essential","non-essential","non-essential","non-essential","non-essential"
"347","prpB","non-essential","non-essential","non-essential","non-essential","non-essential"
"348","prpC","non-essential","non-essential","non-essential","non-essential","non-essential"
"349","prpD","non-essential","non-essential","non-essential","non-essential","non-essential"
"350","prpE","non-essential","non-essential","non-essential","non-essential","non-essential"
"351","hemB","essential","non-essential","non-essential","non-essential","non-essential"
"352","unnamed_gene_176","non-essential","non-essential","essential","non-essential","non-essential"
"353","unnamed_gene_177","non-essential","non-essential","non-essential","non-essential","non-essential"
"354","ampH","non-essential","non-essential","non-essential","non-essential","non-essential"
"355","unnamed_gene_178","non-essential","non-essential","essential","non-essential","non-essential"
"356","unnamed_gene_179","non-essential","non-essential","non-essential","non-essential","non-essential"
"357","sbmA","non-essential","non-essential","non-essential","non-essential","non-essential"
"358","yaiW","non-essential","non-essential","non-essential","non-essential","non-essential"
"359","yaiY","non-essential","non-essential","non-essential","non-essential","non-essential"
"360","unnamed_gene_180","non-essential","non-essential","essential","non-essential","non-essential"
"361","yaiZ","non-essential","non-essential","non-essential","non-essential","non-essential"
"362","ddl_1","non-essential","non-essential","non-essential","non-essential","non-essential"
"363","unnamed_gene_181","non-essential","non-essential","non-essential","non-essential","non-essential"
"364","unnamed_gene_182","non-essential","non-essential","non-essential","non-essential","non-essential"
"365","psiF","non-essential","non-essential","non-essential","non-essential","non-essential"
"366","yaiC","non-essential","non-essential","non-essential","non-essential","non-essential"
"367","proC","non-essential","non-essential","non-essential","non-essential","non-essential"
"368","unnamed_gene_185","non-essential","non-essential","non-essential","non-essential","non-essential"
"369","yaiI","non-essential","non-essential","non-essential","non-essential","non-essential"
"370","aroL","non-essential","non-essential","non-essential","non-essential","non-essential"
"371","yaiA","non-essential","non-essential","non-essential","non-essential","non-essential"
"372","aroM","non-essential","non-essential","non-essential","non-essential","non-essential"
"373","yaiE","non-essential","non-essential","non-essential","non-essential","non-essential"
"374","rdgC","non-essential","non-essential","non-essential","non-essential","non-essential"
"375","unnamed_gene_186","non-essential","non-essential","non-essential","non-essential","non-essential"
"376","yajF","non-essential","non-essential","non-essential","non-essential","non-essential"
"377","araJ","non-essential","non-essential","non-essential","non-essential","non-essential"
"378","sbcC","non-essential","non-essential","non-essential","non-essential","non-essential"
"379","sbcD","non-essential","non-essential","non-essential","non-essential","non-essential"
"380","unnamed_gene_187","non-essential","non-essential","non-essential","non-essential","non-essential"
"381","phoB","non-essential","non-essential","non-essential","non-essential","non-essential"
"382","phoR","non-essential","non-essential","non-essential","non-essential","non-essential"
"383","unnamed_gene_188","non-essential","non-essential","non-essential","non-essential","non-essential"
"384","brnQ","non-essential","non-essential","non-essential","non-essential","non-essential"
"385","proY","non-essential","non-essential","non-essential","non-essential","non-essential"
"386","malZ","non-essential","non-essential","non-essential","non-essential","non-essential"
"387","unnamed_gene_189","non-essential","non-essential","non-essential","non-essential","non-essential"
"388","yajB","non-essential","non-essential","non-essential","non-essential","non-essential"
"389","queA","non-essential","non-essential","non-essential","non-essential","non-essential"
"390","unnamed_gene_190","non-essential","non-essential","non-essential","non-essential","non-essential"
"391","tgt","non-essential","non-essential","non-essential","non-essential","non-essential"
"392","yajC","non-essential","non-essential","non-essential","non-essential","essential"
"393","secD","essential","non-essential","non-essential","essential","essential"
"394","secF","essential","essential","essential","essential","essential"
"395","unnamed_gene_192","non-essential","non-essential","non-essential","non-essential","non-essential"
"396","yajD","non-essential","non-essential","non-essential","non-essential","non-essential"
"397","unnamed_gene_193","non-essential","non-essential","non-essential","non-essential","non-essential"
"398","tsx","non-essential","non-essential","non-essential","non-essential","non-essential"
"399","yajI","non-essential","non-essential","non-essential","non-essential","non-essential"
"400","unnamed_gene_194","non-essential","non-essential","non-essential","non-essential","non-essential"
"401","ybaD","non-essential","non-essential","non-essential","non-essential","non-essential"
"402","ribD","essential","essential","essential","essential","essential"
"403","ribH","essential","essential","essential","non-essential","essential"
"404","nusB","essential","essential","essential","non-essential","essential"
"405","thiL","essential","non-essential","non-essential","non-essential","non-essential"
"406","pgpA","non-essential","non-essential","non-essential","non-essential","essential"
"407","unnamed_gene_195","non-essential","non-essential","essential","non-essential","essential"
"408","yajO","non-essential","non-essential","non-essential","non-essential","essential"
"409","dxs","essential","essential","essential","essential","essential"
"410","ispA","essential","essential","essential","essential","essential"
"411","xseB","non-essential","non-essential","non-essential","non-essential","non-essential"
"412","thiI","non-essential","non-essential","non-essential","non-essential","non-essential"
"413","phnV","non-essential","non-essential","non-essential","non-essential","non-essential"
"414","phnU","non-essential","non-essential","non-essential","non-essential","non-essential"
"415","phnT","non-essential","non-essential","non-essential","non-essential","non-essential"
"416","phnS","non-essential","non-essential","non-essential","non-essential","non-essential"
"417","phnR","non-essential","non-essential","non-essential","non-essential","non-essential"
"418","unnamed_gene_196","non-essential","non-essential","essential","non-essential","non-essential"
"419","phnW","non-essential","non-essential","non-essential","non-essential","non-essential"
"420","phnX","non-essential","non-essential","non-essential","non-essential","non-essential"
"421","thiJ","non-essential","non-essential","non-essential","non-essential","non-essential"
"422","apbA","non-essential","non-essential","non-essential","non-essential","non-essential"
"423","yajQ","non-essential","non-essential","non-essential","non-essential","non-essential"
"424","yajR","non-essential","non-essential","non-essential","non-essential","non-essential"
"425","cyoE","non-essential","non-essential","non-essential","non-essential","non-essential"
"426","cyoD","non-essential","non-essential","non-essential","non-essential","non-essential"
"427","cyoC","non-essential","non-essential","non-essential","non-essential","non-essential"
"428","cyoB","non-essential","non-essential","non-essential","non-essential","non-essential"
"429","cyoA","non-essential","non-essential","non-essential","non-essential","non-essential"
"430","ampG","non-essential","non-essential","non-essential","non-essential","non-essential"
"431","yajG","non-essential","non-essential","non-essential","non-essential","non-essential"
"432","unnamed_gene_199","non-essential","non-essential","essential","non-essential","non-essential"
"433","bolA","non-essential","non-essential","non-essential","non-essential","non-essential"
"434","unnamed_gene_200","non-essential","non-essential","essential","non-essential","non-essential"
"435","tig","non-essential","non-essential","non-essential","non-essential","non-essential"
"436","clpP","essential","essential","essential","essential","essential"
"437","unnamed_gene_201","non-essential","non-essential","essential","non-essential","essential"
"438","clpX","essential","essential","essential","essential","essential"
"439","lon","essential","essential","non-essential","essential","essential"
"440","hupB","non-essential","non-essential","non-essential","non-essential","non-essential"
"441","cypD","non-essential","non-essential","non-essential","non-essential","non-essential"
"442","unnamed_gene_202","non-essential","non-essential","non-essential","non-essential","non-essential"
"443","ybaV","non-essential","non-essential","non-essential","non-essential","non-essential"
"444","ybaW","non-essential","non-essential","non-essential","non-essential","non-essential"
"445","ybaX","non-essential","non-essential","non-essential","non-essential","non-essential"
"446","ybaE","non-essential","non-essential","non-essential","non-essential","non-essential"
"447","cof","non-essential","non-essential","non-essential","non-essential","non-essential"
"448","unnamed_gene_203","essential","non-essential","non-essential","essential","essential"
"449","ybaO","non-essential","non-essential","non-essential","non-essential","non-essential"
"450","mdlA","non-essential","non-essential","non-essential","non-essential","non-essential"
"451","mdlB","non-essential","non-essential","non-essential","non-essential","non-essential"
"452","glnK","non-essential","non-essential","non-essential","non-essential","non-essential"
"453","amtB","non-essential","non-essential","non-essential","non-essential","non-essential"
"454","tesB","non-essential","non-essential","non-essential","non-essential","non-essential"
"455","ybaY","non-essential","non-essential","non-essential","non-essential","non-essential"
"456","ybaZ","non-essential","non-essential","non-essential","non-essential","non-essential"
"457","ffs","non-essential","non-essential","essential","non-essential","non-essential"
"458","ylaB","non-essential","non-essential","non-essential","non-essential","non-essential"
"459","rpmE2","non-essential","non-essential","non-essential","non-essential","non-essential"
"460","rpmJ_1","non-essential","non-essential","non-essential","non-essential","non-essential"
"461","ylaC","non-essential","non-essential","non-essential","non-essential","non-essential"
"462","hha","non-essential","non-essential","non-essential","non-essential","non-essential"
"463","acrB","essential","essential","essential","essential","essential"
"464","acrA","essential","essential","essential","essential","essential"
"465","acrR","non-essential","non-essential","non-essential","non-essential","non-essential"
"466","unnamed_gene_204","non-essential","non-essential","non-essential","non-essential","non-essential"
"467","aefA","non-essential","non-essential","non-essential","non-essential","non-essential"
"468","unnamed_gene_205","non-essential","non-essential","non-essential","non-essential","non-essential"
"469","ybaM","non-essential","non-essential","essential","non-essential","non-essential"
"470","priC","non-essential","non-essential","non-essential","non-essential","non-essential"
"471","ybaN","non-essential","non-essential","non-essential","non-essential","non-essential"
"472","apt","non-essential","non-essential","non-essential","non-essential","non-essential"
"473","dnaX","essential","essential","essential","essential","essential"
"474","ybaB","non-essential","non-essential","non-essential","non-essential","non-essential"
"475","recR","non-essential","non-essential","non-essential","non-essential","non-essential"
"476","htpG","non-essential","non-essential","non-essential","non-essential","non-essential"
"477","unnamed_gene_206","non-essential","non-essential","essential","non-essential","essential"
"478","adk","essential","essential","essential","essential","essential"
"479","unnamed_gene_207","non-essential","non-essential","essential","non-essential","non-essential"
"480","hemH","essential","non-essential","non-essential","essential","non-essential"
"481","aes","non-essential","non-essential","non-essential","non-essential","non-essential"
"482","gsk","non-essential","non-essential","non-essential","non-essential","non-essential"
"483","ybaL","non-essential","non-essential","non-essential","non-essential","non-essential"
"484","unnamed_gene_208","non-essential","non-essential","essential","non-essential","non-essential"
"485","fsr","non-essential","non-essential","non-essential","non-essential","non-essential"
"486","ushA","non-essential","non-essential","non-essential","non-essential","non-essential"
"487","ybaK","essential","essential","essential","non-essential","non-essential"
"488","ybaP","non-essential","non-essential","non-essential","non-essential","non-essential"
"489","copA","non-essential","non-essential","non-essential","non-essential","non-essential"
"490","cueR","non-essential","non-essential","non-essential","non-essential","non-essential"
"491","ybbJ","non-essential","non-essential","non-essential","non-essential","non-essential"
"492","ybbK","non-essential","non-essential","non-essential","non-essential","non-essential"
"493","ybbM","non-essential","non-essential","non-essential","non-essential","non-essential"
"494","ybbN","non-essential","non-essential","non-essential","non-essential","non-essential"
"495","ybbO","non-essential","non-essential","non-essential","non-essential","non-essential"
"496","tesA","non-essential","non-essential","non-essential","non-essential","non-essential"
"497","ybbA","non-essential","non-essential","non-essential","non-essential","non-essential"
"498","ybbP","non-essential","non-essential","non-essential","non-essential","non-essential"
"499","unnamed_gene_210","non-essential","non-essential","essential","non-essential","non-essential"
"500","unnamed_gene_211","non-essential","non-essential","non-essential","non-essential","non-essential"
"501","unnamed_gene_212","non-essential","non-essential","non-essential","non-essential","non-essential"
"502","sfbA","non-essential","non-essential","non-essential","non-essential","non-essential"
"503","sfbB","non-essential","non-essential","non-essential","non-essential","non-essential"
"504","sfbC","non-essential","non-essential","non-essential","non-essential","non-essential"
"505","ybbB","non-essential","non-essential","non-essential","non-essential","non-essential"
"506","ybbS","non-essential","non-essential","non-essential","non-essential","non-essential"
"507","allA","non-essential","non-essential","non-essential","non-essential","non-essential"
"508","allR","non-essential","non-essential","non-essential","non-essential","non-essential"
"509","gcl","non-essential","non-essential","non-essential","non-essential","non-essential"
"510","ybbV","non-essential","non-essential","non-essential","non-essential","non-essential"
"511","allP","non-essential","non-essential","non-essential","non-essential","non-essential"
"512","allB","non-essential","non-essential","non-essential","non-essential","non-essential"
"513","ybbY","non-essential","non-essential","non-essential","non-essential","non-essential"
"514","glxK","non-essential","non-essential","non-essential","non-essential","non-essential"
"515","ylbA","non-essential","non-essential","non-essential","non-essential","non-essential"
"516","allC","non-essential","non-essential","non-essential","non-essential","non-essential"
"517","fdrA","non-essential","non-essential","non-essential","non-essential","non-essential"
"518","ylbE","non-essential","non-essential","non-essential","non-essential","non-essential"
"519","ylbF","non-essential","non-essential","non-essential","non-essential","non-essential"
"520","arcC","non-essential","non-essential","non-essential","non-essential","non-essential"
"521","purK","non-essential","non-essential","non-essential","non-essential","non-essential"
"522","purE","non-essential","non-essential","non-essential","non-essential","non-essential"
"523","lpxH","essential","essential","essential","essential","essential"
"524","ppiB","non-essential","non-essential","non-essential","non-essential","non-essential"
"525","cysS","essential","essential","essential","essential","essential"
"526","unnamed_gene_214","non-essential","non-essential","non-essential","non-essential","non-essential"
"527","unnamed_gene_215","non-essential","non-essential","non-essential","non-essential","non-essential"
"528","ybcI","non-essential","non-essential","non-essential","non-essential","non-essential"
"529","ybcJ","non-essential","non-essential","non-essential","non-essential","essential"
"530","folD","essential","essential","essential","essential","essential"
"531","fimA","non-essential","non-essential","non-essential","non-essential","non-essential"
"532","fimI","non-essential","non-essential","non-essential","non-essential","non-essential"
"533","fimC","non-essential","non-essential","non-essential","non-essential","non-essential"
"534","fimD","non-essential","non-essential","non-essential","non-essential","non-essential"
"535","fimH","non-essential","non-essential","non-essential","non-essential","non-essential"
"536","fimF","non-essential","non-essential","non-essential","non-essential","non-essential"
"537","argU","non-essential","non-essential","non-essential","non-essential","non-essential"
"538","unnamed_gene_220","non-essential","non-essential","non-essential","non-essential","non-essential"
"539","unnamed_gene_221","non-essential","non-essential","non-essential","non-essential","non-essential"
"540","unnamed_gene_223","non-essential","non-essential","non-essential","non-essential","non-essential"
"541","gtrA","non-essential","non-essential","non-essential","non-essential","non-essential"
"542","unnamed_gene_224","non-essential","non-essential","non-essential","non-essential","non-essential"
"543","unnamed_gene_226","non-essential","non-essential","non-essential","non-essential","non-essential"
"544","unnamed_gene_227","non-essential","non-essential","non-essential","non-essential","non-essential"
"545","unnamed_gene_228","non-essential","non-essential","non-essential","non-essential","non-essential"
"546","unnamed_gene_231","non-essential","non-essential","non-essential","non-essential","non-essential"
"547","unnamed_gene_232","non-essential","non-essential","non-essential","non-essential","non-essential"
"548","pheP","non-essential","non-essential","non-essential","non-essential","non-essential"
"549","apeE","non-essential","non-essential","non-essential","non-essential","non-essential"
"550","unnamed_gene_234","non-essential","non-essential","non-essential","non-essential","non-essential"
"551","unnamed_gene_235","non-essential","non-essential","non-essential","non-essential","non-essential"
"552","unnamed_gene_236","non-essential","non-essential","non-essential","non-essential","non-essential"
"553","unnamed_gene_237","non-essential","non-essential","non-essential","non-essential","non-essential"
"554","unnamed_gene_238","non-essential","non-essential","non-essential","non-essential","non-essential"
"555","unnamed_gene_239","non-essential","non-essential","non-essential","non-essential","non-essential"
"556","unnamed_gene_240","non-essential","non-essential","non-essential","non-essential","non-essential"
"557","nfnB","non-essential","non-essential","non-essential","non-essential","non-essential"
"558","ybdF","non-essential","non-essential","non-essential","non-essential","non-essential"
"559","unnamed_gene_241","non-essential","non-essential","non-essential","non-essential","non-essential"
"560","unnamed_gene_242","non-essential","non-essential","non-essential","non-essential","non-essential"
"561","unnamed_gene_243","non-essential","non-essential","non-essential","non-essential","non-essential"
"562","ybdJ","non-essential","non-essential","non-essential","non-essential","non-essential"
"563","ybdK","non-essential","non-essential","non-essential","non-essential","non-essential"
"564","entD","non-essential","non-essential","non-essential","non-essential","non-essential"
"565","fepA","non-essential","non-essential","non-essential","non-essential","non-essential"
"566","unnamed_gene_244","non-essential","non-essential","non-essential","non-essential","non-essential"
"567","fes","non-essential","non-essential","non-essential","non-essential","non-essential"
"568","ybdZ","non-essential","non-essential","non-essential","non-essential","non-essential"
"569","entF","non-essential","non-essential","non-essential","non-essential","non-essential"
"570","fepC","non-essential","non-essential","non-essential","non-essential","non-essential"
"571","fepG","non-essential","non-essential","non-essential","non-essential","non-essential"
"572","fepD","non-essential","non-essential","non-essential","non-essential","non-essential"
"573","ybdA","non-essential","non-essential","non-essential","non-essential","non-essential"
"574","fepB","non-essential","non-essential","non-essential","non-essential","non-essential"
"575","entC","non-essential","non-essential","non-essential","non-essential","non-essential"
"576","entE","non-essential","non-essential","non-essential","non-essential","non-essential"
"577","entB","non-essential","non-essential","non-essential","non-essential","non-essential"
"578","entA","non-essential","non-essential","non-essential","non-essential","non-essential"
"579","ybdB","non-essential","non-essential","non-essential","non-essential","non-essential"
"580","unnamed_gene_245","non-essential","non-essential","non-essential","non-essential","non-essential"
"581","cstA","non-essential","non-essential","non-essential","non-essential","non-essential"
"582","ybdD","non-essential","non-essential","non-essential","non-essential","non-essential"
"583","ybdH","non-essential","non-essential","non-essential","non-essential","non-essential"
"584","ybdL","non-essential","non-essential","non-essential","non-essential","non-essential"
"585","ybdM","non-essential","non-essential","non-essential","non-essential","non-essential"
"586","ybdN","non-essential","non-essential","non-essential","non-essential","non-essential"
"587","dsbG","non-essential","non-essential","non-essential","non-essential","non-essential"
"588","ahpC","non-essential","non-essential","non-essential","non-essential","non-essential"
"589","ahpF","non-essential","non-essential","non-essential","non-essential","non-essential"
"590","unnamed_gene_247","non-essential","non-essential","non-essential","non-essential","non-essential"
"591","unnamed_gene_248","non-essential","non-essential","non-essential","non-essential","non-essential"
"592","unnamed_gene_249","non-essential","non-essential","non-essential","non-essential","non-essential"
"593","ybdQ","non-essential","non-essential","non-essential","non-essential","non-essential"
"594","unnamed_gene_250","non-essential","non-essential","non-essential","non-essential","non-essential"
"595","unnamed_gene_251","non-essential","non-essential","non-essential","non-essential","non-essential"
"596","ybdR","non-essential","non-essential","non-essential","non-essential","non-essential"
"597","rnk","non-essential","non-essential","non-essential","non-essential","non-essential"
"598","rna","non-essential","non-essential","non-essential","non-essential","non-essential"
"599","citT","non-essential","non-essential","non-essential","non-essential","non-essential"
"600","citG","non-essential","non-essential","non-essential","non-essential","non-essential"
"601","citX","non-essential","non-essential","non-essential","non-essential","non-essential"
"602","citF","non-essential","non-essential","non-essential","non-essential","non-essential"
"603","citE","non-essential","non-essential","non-essential","non-essential","non-essential"
"604","citD","non-essential","non-essential","non-essential","non-essential","non-essential"
"605","citC","non-essential","non-essential","non-essential","non-essential","non-essential"
"606","unnamed_gene_252","non-essential","non-essential","non-essential","non-essential","non-essential"
"607","dpiB","non-essential","non-essential","non-essential","non-essential","non-essential"
"608","dpiA","non-essential","non-essential","non-essential","non-essential","non-essential"
"609","dcuC","non-essential","non-essential","non-essential","non-essential","non-essential"
"610","unnamed_gene_253","non-essential","non-essential","non-essential","non-essential","non-essential"
"611","cspE","non-essential","non-essential","non-essential","non-essential","non-essential"
"612","ccrB","non-essential","non-essential","non-essential","non-essential","non-essential"
"613","ybeM","non-essential","non-essential","non-essential","non-essential","non-essential"
"614","unnamed_gene_254","non-essential","non-essential","non-essential","non-essential","non-essential"
"615","tatE","non-essential","non-essential","non-essential","non-essential","non-essential"
"616","lipA","essential","essential","essential","essential","essential"
"617","unnamed_gene_255","non-essential","non-essential","essential","non-essential","non-essential"
"618","ybeF","non-essential","non-essential","non-essential","non-essential","non-essential"
"619","lipB","essential","non-essential","non-essential","non-essential","non-essential"
"620","unnamed_gene_257","non-essential","non-essential","non-essential","non-essential","non-essential"
"621","ybeD","non-essential","non-essential","essential","non-essential","non-essential"
"622","dacA","non-essential","non-essential","non-essential","non-essential","non-essential"
"623","unnamed_gene_258","non-essential","non-essential","essential","non-essential","non-essential"
"624","rlpA","non-essential","non-essential","non-essential","non-essential","non-essential"
"625","mrdB","essential","essential","essential","essential","essential"
"626","mrdA","essential","essential","non-essential","essential","essential"
"627","ybeB","non-essential","non-essential","non-essential","non-essential","non-essential"
"628","cobC","non-essential","non-essential","non-essential","non-essential","non-essential"
"629","cobD","non-essential","non-essential","non-essential","non-essential","non-essential"
"630","nadD","non-essential","non-essential","non-essential","non-essential","essential"
"631","holA","essential","essential","essential","essential","essential"
"632","rlpB","essential","essential","essential","essential","essential"
"633","unnamed_gene_259","essential","essential","essential","essential","essential"
"634","unnamed_gene_260","non-essential","non-essential","non-essential","non-essential","non-essential"
"635","unnamed_gene_261","non-essential","non-essential","non-essential","non-essential","non-essential"
"636","unnamed_gene_262","non-essential","non-essential","non-essential","non-essential","non-essential"
"637","ybeL","non-essential","non-essential","non-essential","non-essential","non-essential"
"638","ybeR","non-essential","non-essential","non-essential","non-essential","non-essential"
"639","ybeS","non-essential","non-essential","non-essential","non-essential","non-essential"
"640","ybeU","non-essential","non-essential","non-essential","non-essential","non-essential"
"641","ybeV","non-essential","non-essential","non-essential","non-essential","non-essential"
"642","hscC","non-essential","non-essential","non-essential","non-essential","non-essential"
"643","unnamed_gene_264","non-essential","non-essential","non-essential","non-essential","non-essential"
"644","rihA","non-essential","non-essential","non-essential","non-essential","non-essential"
"645","gltL","non-essential","non-essential","non-essential","non-essential","non-essential"
"646","gltK","non-essential","non-essential","non-essential","non-essential","non-essential"
"647","gltJ","non-essential","non-essential","non-essential","non-essential","non-essential"
"648","gltI","non-essential","non-essential","non-essential","non-essential","non-essential"
"649","unnamed_gene_265","non-essential","non-essential","essential","non-essential","non-essential"
"650","lnt","essential","essential","essential","essential","essential"
"651","ybeX","essential","non-essential","non-essential","non-essential","non-essential"
"652","unnamed_gene_266","non-essential","non-essential","non-essential","non-essential","non-essential"
"653","ybeY","essential","essential","essential","non-essential","non-essential"
"654","phoL","non-essential","non-essential","non-essential","non-essential","non-essential"
"655","unnamed_gene_267","non-essential","non-essential","essential","non-essential","non-essential"
"656","miaB","non-essential","non-essential","non-essential","non-essential","non-essential"
"657","ubiF","essential","essential","essential","essential","essential"
"658","unnamed_gene_268","non-essential","non-essential","non-essential","non-essential","non-essential"
"659","glnX","non-essential","non-essential","non-essential","non-essential","non-essential"
"660","glnV","non-essential","non-essential","non-essential","non-essential","non-essential"
"661","metU","non-essential","non-essential","non-essential","non-essential","non-essential"
"662","glnW","non-essential","non-essential","non-essential","non-essential","non-essential"
"663","glnU","non-essential","non-essential","essential","non-essential","non-essential"
"664","leuW","non-essential","non-essential","essential","non-essential","non-essential"
"665","metT","non-essential","non-essential","non-essential","non-essential","non-essential"
"666","unnamed_gene_269","non-essential","non-essential","essential","non-essential","non-essential"
"667","asnB","non-essential","non-essential","non-essential","non-essential","non-essential"
"668","nagD","non-essential","non-essential","non-essential","non-essential","non-essential"
"669","nagC","non-essential","non-essential","non-essential","non-essential","non-essential"
"670","nagA","non-essential","non-essential","non-essential","non-essential","non-essential"
"671","nagB","non-essential","non-essential","non-essential","non-essential","non-essential"
"672","unnamed_gene_270","non-essential","non-essential","non-essential","non-essential","non-essential"
"673","nagE","non-essential","non-essential","non-essential","non-essential","non-essential"
"674","glnS","essential","essential","essential","essential","essential"
"675","unnamed_gene_271","non-essential","non-essential","essential","non-essential","non-essential"
"676","unnamed_gene_272","non-essential","non-essential","non-essential","non-essential","non-essential"
"677","ybfM","non-essential","non-essential","non-essential","non-essential","non-essential"
"678","ybfN","non-essential","non-essential","non-essential","non-essential","non-essential"
"679","citA","non-essential","non-essential","non-essential","non-essential","non-essential"
"680","citB","non-essential","non-essential","non-essential","non-essential","non-essential"
"681","unnamed_gene_273","non-essential","non-essential","non-essential","non-essential","non-essential"
"682","unnamed_gene_274","non-essential","non-essential","non-essential","non-essential","non-essential"
"683","fur","non-essential","non-essential","non-essential","non-essential","non-essential"
"684","unnamed_gene_275","non-essential","non-essential","essential","non-essential","non-essential"
"685","fldA","essential","essential","non-essential","essential","non-essential"
"686","ybfE","non-essential","non-essential","non-essential","non-essential","non-essential"
"687","unnamed_gene_276","non-essential","non-essential","non-essential","non-essential","non-essential"
"688","ybfF","non-essential","non-essential","non-essential","non-essential","non-essential"
"689","seqA","essential","non-essential","non-essential","non-essential","non-essential"
"690","pgm","essential","essential","essential","essential","essential"
"691","unnamed_gene_277","non-essential","non-essential","non-essential","non-essential","non-essential"
"692","potE","non-essential","non-essential","non-essential","non-essential","non-essential"
"693","speF","non-essential","non-essential","non-essential","non-essential","non-essential"
"694","unnamed_gene_278","non-essential","non-essential","non-essential","non-essential","non-essential"
"695","unnamed_gene_279","non-essential","non-essential","non-essential","non-essential","non-essential"
"696","kdpE","non-essential","non-essential","non-essential","non-essential","non-essential"
"697","kdpD","non-essential","non-essential","non-essential","non-essential","non-essential"
"698","kdpC","non-essential","non-essential","non-essential","non-essential","non-essential"
"699","kdpB","non-essential","non-essential","non-essential","non-essential","non-essential"
"700","kdpA","non-essential","non-essential","non-essential","non-essential","non-essential"
"701","unnamed_gene_280","non-essential","non-essential","non-essential","non-essential","non-essential"
"702","ybfA","non-essential","non-essential","non-essential","non-essential","non-essential"
"703","phrB","essential","non-essential","non-essential","essential","non-essential"
"704","ybgH","non-essential","non-essential","non-essential","non-essential","non-essential"
"705","ybgI","non-essential","non-essential","non-essential","non-essential","non-essential"
"706","ybgJ","non-essential","non-essential","non-essential","non-essential","non-essential"
"707","ybgK","non-essential","non-essential","non-essential","non-essential","non-essential"
"708","ybgL","non-essential","non-essential","non-essential","non-essential","non-essential"
"709","unnamed_gene_282","non-essential","non-essential","non-essential","non-essential","non-essential"
"710","unnamed_gene_283","non-essential","non-essential","non-essential","non-essential","non-essential"
"711","unnamed_gene_284","non-essential","non-essential","non-essential","non-essential","non-essential"
"712","unnamed_gene_285","non-essential","non-essential","non-essential","non-essential","non-essential"
"713","unnamed_gene_286","non-essential","non-essential","non-essential","non-essential","essential"
"714","unnamed_gene_287","essential","non-essential","non-essential","essential","essential"
"715","unnamed_gene_288","non-essential","non-essential","non-essential","non-essential","non-essential"
"716","unnamed_gene_289","non-essential","non-essential","non-essential","non-essential","non-essential"
"717","unnamed_gene_290","essential","non-essential","non-essential","non-essential","non-essential"
"718","unnamed_gene_291","essential","essential","essential","essential","essential"
"719","unnamed_gene_292","non-essential","non-essential","non-essential","non-essential","non-essential"
"720","nei","non-essential","non-essential","non-essential","non-essential","non-essential"
"721","abrB","non-essential","non-essential","non-essential","non-essential","non-essential"
"722","gltA","non-essential","non-essential","non-essential","non-essential","non-essential"
"723","unnamed_gene_294","non-essential","non-essential","non-essential","non-essential","non-essential"
"724","sdhC","non-essential","non-essential","non-essential","non-essential","non-essential"
"725","sdhD","non-essential","non-essential","non-essential","non-essential","non-essential"
"726","sdhA","non-essential","non-essential","non-essential","non-essential","non-essential"
"727","sdhB","non-essential","non-essential","non-essential","essential","non-essential"
"728","kgd","essential","essential","non-essential","essential","essential"
"729","sucB","essential","non-essential","non-essential","essential","non-essential"
"730","sucC","non-essential","non-essential","non-essential","essential","non-essential"
"731","sucD","non-essential","non-essential","non-essential","non-essential","non-essential"
"732","unnamed_gene_295","non-essential","non-essential","non-essential","non-essential","non-essential"
"733","unnamed_gene_296","non-essential","non-essential","non-essential","non-essential","non-essential"
"734","cydA","essential","non-essential","non-essential","essential","essential"
"735","cydB","essential","non-essential","non-essential","essential","essential"
"736","ybgT","non-essential","non-essential","non-essential","non-essential","non-essential"
"737","unnamed_gene_297","non-essential","non-essential","non-essential","non-essential","non-essential"
"738","ybgE","non-essential","non-essential","non-essential","non-essential","non-essential"
"739","ybgC","non-essential","non-essential","non-essential","non-essential","non-essential"
"740","tolQ","non-essential","non-essential","non-essential","non-essential","non-essential"
"741","tolR","non-essential","non-essential","non-essential","non-essential","non-essential"
"742","tolA","essential","non-essential","non-essential","essential","non-essential"
"743","tolB","non-essential","non-essential","non-essential","non-essential","non-essential"
"744","pal","non-essential","non-essential","non-essential","non-essential","non-essential"
"745","ybgF","non-essential","non-essential","non-essential","non-essential","non-essential"
"746","unnamed_gene_298","non-essential","non-essential","non-essential","non-essential","non-essential"
"747","lysT","non-essential","non-essential","non-essential","non-essential","non-essential"
"748","valT","non-essential","non-essential","non-essential","non-essential","non-essential"
"749","lysW","non-essential","non-essential","non-essential","non-essential","non-essential"
"750","lysY","non-essential","non-essential","non-essential","non-essential","non-essential"
"751","unnamed_gene_299","non-essential","non-essential","non-essential","non-essential","non-essential"
"752","nadA","non-essential","non-essential","non-essential","non-essential","non-essential"
"753","pnuC","non-essential","non-essential","non-essential","non-essential","non-essential"
"754","ybgR","non-essential","non-essential","non-essential","non-essential","non-essential"
"755","ybgS","non-essential","non-essential","non-essential","non-essential","non-essential"
"756","aroG","non-essential","non-essential","non-essential","non-essential","non-essential"
"757","unnamed_gene_302","non-essential","non-essential","non-essential","non-essential","non-essential"
"758","unnamed_gene_303","non-essential","non-essential","non-essential","non-essential","non-essential"
"759","unnamed_gene_304","non-essential","non-essential","non-essential","essential","essential"
"760","dcoA","non-essential","non-essential","non-essential","non-essential","non-essential"
"761","dcoB","non-essential","non-essential","non-essential","non-essential","non-essential"
"762","unnamed_gene_305","non-essential","non-essential","non-essential","non-essential","non-essential"
"763","unnamed_gene_306","non-essential","non-essential","non-essential","non-essential","non-essential"
"764","unnamed_gene_307","non-essential","non-essential","non-essential","non-essential","non-essential"
"765","gpmA","non-essential","non-essential","non-essential","non-essential","non-essential"
"766","unnamed_gene_308","non-essential","non-essential","non-essential","non-essential","non-essential"
"767","galM","non-essential","non-essential","non-essential","non-essential","non-essential"
"768","galK","non-essential","non-essential","non-essential","non-essential","non-essential"
"769","galT","non-essential","non-essential","non-essential","non-essential","non-essential"
"770","galE","non-essential","non-essential","non-essential","non-essential","non-essential"
"771","unnamed_gene_310","non-essential","non-essential","non-essential","non-essential","non-essential"
"772","modF","non-essential","non-essential","non-essential","non-essential","non-essential"
"773","modE","non-essential","non-essential","non-essential","non-essential","non-essential"
"774","unnamed_gene_311","non-essential","non-essential","non-essential","non-essential","non-essential"
"775","modA","non-essential","non-essential","non-essential","non-essential","non-essential"
"776","modB","non-essential","non-essential","non-essential","non-essential","non-essential"
"777","modC","non-essential","non-essential","non-essential","non-essential","non-essential"
"778","ybhA","non-essential","non-essential","non-essential","non-essential","non-essential"
"779","ybhE","non-essential","non-essential","non-essential","non-essential","non-essential"
"780","ybhC","non-essential","non-essential","non-essential","non-essential","non-essential"
"781","hutI","non-essential","non-essential","non-essential","non-essential","non-essential"
"782","hutG","non-essential","non-essential","non-essential","non-essential","non-essential"
"783","hutC","non-essential","non-essential","non-essential","non-essential","non-essential"
"784","hutU","non-essential","non-essential","non-essential","non-essential","non-essential"
"785","hutH","non-essential","non-essential","non-essential","non-essential","non-essential"
"786","ybhB","non-essential","non-essential","non-essential","non-essential","non-essential"
"787","bioA","non-essential","non-essential","non-essential","non-essential","non-essential"
"788","bioB","non-essential","non-essential","non-essential","non-essential","non-essential"
"789","bioF","non-essential","non-essential","non-essential","non-essential","non-essential"
"790","bioC","non-essential","non-essential","non-essential","non-essential","non-essential"
"791","bioD_1","non-essential","non-essential","non-essential","non-essential","non-essential"
"792","unnamed_gene_312","non-essential","non-essential","essential","non-essential","non-essential"
"793","unnamed_gene_313","non-essential","non-essential","non-essential","non-essential","non-essential"
"794","uvrB","non-essential","non-essential","non-essential","non-essential","non-essential"
"795","ybhK","non-essential","non-essential","non-essential","non-essential","non-essential"
"796","moaA","non-essential","non-essential","non-essential","non-essential","non-essential"
"797","moaB","non-essential","non-essential","non-essential","non-essential","non-essential"
"798","moaC","non-essential","non-essential","non-essential","non-essential","non-essential"
"799","moaD","non-essential","non-essential","essential","non-essential","non-essential"
"800","moaE","non-essential","non-essential","non-essential","non-essential","non-essential"
"801","ybhL","non-essential","non-essential","non-essential","non-essential","non-essential"
"802","ybhN","non-essential","non-essential","non-essential","non-essential","non-essential"
"803","ybhO","non-essential","non-essential","non-essential","non-essential","non-essential"
"804","ybhP","non-essential","non-essential","non-essential","non-essential","non-essential"
"805","ybhQ","non-essential","non-essential","non-essential","non-essential","non-essential"
"806","ybhR","non-essential","non-essential","non-essential","non-essential","non-essential"
"807","unnamed_gene_318","non-essential","non-essential","non-essential","non-essential","non-essential"
"808","ybhS","non-essential","non-essential","non-essential","non-essential","non-essential"
"809","ybhF","non-essential","non-essential","non-essential","essential","non-essential"
"810","unnamed_gene_319","non-essential","non-essential","non-essential","non-essential","non-essential"
"811","ybiH","non-essential","non-essential","non-essential","non-essential","non-essential"
"812","rhlE","non-essential","non-essential","non-essential","non-essential","non-essential"
"813","unnamed_gene_320","non-essential","non-essential","non-essential","non-essential","non-essential"
"814","dinG","non-essential","non-essential","non-essential","non-essential","non-essential"
"815","ybiB","non-essential","non-essential","non-essential","non-essential","non-essential"
"816","ybiJ","non-essential","non-essential","non-essential","non-essential","non-essential"
"817","unnamed_gene_321","non-essential","non-essential","non-essential","non-essential","non-essential"
"818","ybiI","non-essential","non-essential","non-essential","non-essential","non-essential"
"819","unnamed_gene_322","non-essential","non-essential","essential","non-essential","non-essential"
"820","ybiN","non-essential","non-essential","non-essential","non-essential","non-essential"
"821","ybiO","non-essential","non-essential","non-essential","non-essential","non-essential"
"822","unnamed_gene_323","non-essential","non-essential","non-essential","non-essential","non-essential"
"823","glnQ","non-essential","non-essential","non-essential","non-essential","non-essential"
"824","glnP","non-essential","non-essential","non-essential","non-essential","non-essential"
"825","glnH","non-essential","non-essential","non-essential","non-essential","non-essential"
"826","unnamed_gene_324","non-essential","non-essential","essential","non-essential","non-essential"
"827","dps","non-essential","non-essential","non-essential","non-essential","non-essential"
"828","unnamed_gene_325","non-essential","non-essential","essential","non-essential","non-essential"
"829","ybiF","non-essential","non-essential","non-essential","non-essential","non-essential"
"830","unnamed_gene_326","non-essential","non-essential","non-essential","non-essential","non-essential"
"831","unnamed_gene_327","non-essential","non-essential","essential","non-essential","non-essential"
"832","ompX","non-essential","non-essential","non-essential","non-essential","non-essential"
"833","ybiP","non-essential","non-essential","non-essential","non-essential","non-essential"
"834","unnamed_gene_328","non-essential","non-essential","essential","non-essential","non-essential"
"835","unnamed_gene_329","non-essential","non-essential","non-essential","non-essential","non-essential"
"836","unnamed_gene_330","non-essential","non-essential","non-essential","non-essential","non-essential"
"837","ybiR","non-essential","non-essential","non-essential","non-essential","non-essential"
"838","ybiS","non-essential","non-essential","non-essential","non-essential","non-essential"
"839","ybiT","non-essential","non-essential","non-essential","non-essential","non-essential"
"840","ybiU","non-essential","non-essential","non-essential","non-essential","non-essential"
"841","unnamed_gene_332","non-essential","non-essential","essential","non-essential","non-essential"
"842","ybiV(1)","non-essential","non-essential","non-essential","non-essential","non-essential"
"843","pflF","non-essential","non-essential","non-essential","non-essential","non-essential"
"844","pflE","non-essential","non-essential","non-essential","non-essential","non-essential"
"845","unnamed_gene_333","non-essential","non-essential","non-essential","non-essential","non-essential"
"846","moeB","non-essential","non-essential","non-essential","non-essential","non-essential"
"847","moeA","non-essential","non-essential","non-essential","essential","non-essential"
"848","unnamed_gene_334","non-essential","non-essential","non-essential","non-essential","non-essential"
"849","ybiK","non-essential","non-essential","non-essential","non-essential","non-essential"
"850","yliA","non-essential","non-essential","non-essential","non-essential","non-essential"
"851","yliB","non-essential","non-essential","non-essential","non-essential","non-essential"
"852","yliC","non-essential","non-essential","non-essential","non-essential","non-essential"
"853","yliD","non-essential","non-essential","non-essential","non-essential","non-essential"
"854","unnamed_gene_335","non-essential","non-essential","essential","non-essential","non-essential"
"855","yliG","non-essential","non-essential","non-essential","non-essential","non-essential"
"856","unnamed_gene_336","non-essential","non-essential","essential","non-essential","non-essential"
"857","bssR","non-essential","non-essential","non-essential","non-essential","non-essential"
"858","unnamed_gene_337","non-essential","non-essential","non-essential","non-essential","non-essential"
"859","unnamed_gene_338","non-essential","non-essential","non-essential","non-essential","non-essential"
"860","unnamed_gene_339","non-essential","non-essential","non-essential","non-essential","non-essential"
"861","unnamed_gene_340","non-essential","non-essential","non-essential","non-essential","non-essential"
"862","unnamed_gene_344","non-essential","non-essential","essential","non-essential","non-essential"
"863","unnamed_gene_348","non-essential","non-essential","non-essential","non-essential","non-essential"
"864","yliJ","non-essential","non-essential","non-essential","non-essential","non-essential"
"865","dacC","non-essential","non-essential","non-essential","non-essential","non-essential"
"866","deoR","non-essential","non-essential","non-essential","non-essential","non-essential"
"867","ybjG","non-essential","non-essential","non-essential","non-essential","non-essential"
"868","mdfA","non-essential","non-essential","non-essential","non-essential","non-essential"
"869","unnamed_gene_349","non-essential","non-essential","non-essential","non-essential","non-essential"
"870","unnamed_gene_350","non-essential","non-essential","non-essential","non-essential","non-essential"
"871","unnamed_gene_351","non-essential","non-essential","essential","non-essential","non-essential"
"872","unnamed_gene_352","non-essential","non-essential","non-essential","non-essential","non-essential"
"873","unnamed_gene_353","non-essential","non-essential","non-essential","essential","non-essential"
"874","ybjM","non-essential","non-essential","non-essential","non-essential","non-essential"
"875","grxA","non-essential","non-essential","non-essential","non-essential","non-essential"
"876","ybjC","non-essential","non-essential","non-essential","non-essential","non-essential"
"877","mdaA","non-essential","non-essential","non-essential","non-essential","non-essential"
"878","rimK","non-essential","non-essential","non-essential","non-essential","non-essential"
"879","ybjN","non-essential","non-essential","non-essential","non-essential","non-essential"
"880","potF","non-essential","non-essential","non-essential","non-essential","non-essential"
"881","potG","non-essential","non-essential","non-essential","non-essential","non-essential"
"882","potH","non-essential","non-essential","non-essential","non-essential","non-essential"
"883","potI","non-essential","non-essential","non-essential","non-essential","non-essential"
"884","ybjO","non-essential","non-essential","non-essential","non-essential","non-essential"
"885","rumB","non-essential","non-essential","non-essential","non-essential","non-essential"
"886","unnamed_gene_356","non-essential","non-essential","non-essential","non-essential","non-essential"
"887","unnamed_gene_357","non-essential","non-essential","non-essential","non-essential","non-essential"
"888","artJ","non-essential","non-essential","non-essential","non-essential","non-essential"
"889","artM","non-essential","non-essential","non-essential","non-essential","non-essential"
"890","artQ","non-essential","non-essential","non-essential","non-essential","non-essential"
"891","artI","non-essential","non-essential","non-essential","non-essential","non-essential"
"892","artP","non-essential","non-essential","non-essential","non-essential","non-essential"
"893","ybjP","non-essential","non-essential","non-essential","non-essential","non-essential"
"894","orfB","non-essential","non-essential","non-essential","non-essential","non-essential"
"895","ybjR","non-essential","non-essential","non-essential","non-essential","non-essential"
"896","unnamed_gene_358","non-essential","non-essential","non-essential","non-essential","non-essential"
"897","ybjT","non-essential","non-essential","non-essential","non-essential","non-essential"
"898","ltaA","non-essential","non-essential","non-essential","non-essential","non-essential"
"899","poxB","non-essential","non-essential","non-essential","non-essential","non-essential"
"900","hcr","non-essential","non-essential","non-essential","non-essential","non-essential"
"901","hcp","non-essential","non-essential","non-essential","non-essential","non-essential"
"902","unnamed_gene_359","non-essential","non-essential","non-essential","non-essential","non-essential"
"903","ybjE","non-essential","non-essential","non-essential","non-essential","non-essential"
"904","unnamed_gene_360","non-essential","non-essential","non-essential","non-essential","non-essential"
"905","ybjD","non-essential","non-essential","non-essential","non-essential","non-essential"
"906","ybjX","non-essential","non-essential","non-essential","non-essential","non-essential"
"907","ybjY","non-essential","non-essential","non-essential","non-essential","non-essential"
"908","ybjZ","non-essential","non-essential","non-essential","non-essential","non-essential"
"909","unnamed_gene_361","non-essential","non-essential","essential","non-essential","non-essential"
"910","unnamed_gene_362","non-essential","non-essential","non-essential","non-essential","non-essential"
"911","cspD","non-essential","non-essential","non-essential","non-essential","non-essential"
"912","clpS","non-essential","non-essential","non-essential","non-essential","non-essential"
"913","clpA","non-essential","non-essential","non-essential","essential","non-essential"
"914","unnamed_gene_364","non-essential","non-essential","non-essential","non-essential","non-essential"
"915","unnamed_gene_365","non-essential","non-essential","non-essential","non-essential","non-essential"
"916","unnamed_gene_366","non-essential","non-essential","non-essential","non-essential","non-essential"
"917","unnamed_gene_367","non-essential","non-essential","non-essential","non-essential","non-essential"
"918","serW","non-essential","non-essential","non-essential","non-essential","non-essential"
"919","unnamed_gene_368","non-essential","non-essential","non-essential","non-essential","non-essential"
"920","unnamed_gene_369","non-essential","non-essential","non-essential","non-essential","non-essential"
"921","unnamed_gene_370","essential","non-essential","non-essential","essential","non-essential"
"922","infA","non-essential","non-essential","essential","non-essential","non-essential"
"923","unnamed_gene_371","non-essential","non-essential","non-essential","non-essential","non-essential"
"924","aat","non-essential","non-essential","non-essential","non-essential","non-essential"
"925","cydC","essential","essential","non-essential","essential","essential"
"926","cydD","essential","essential","non-essential","essential","essential"
"927","trxB","non-essential","non-essential","non-essential","non-essential","non-essential"
"928","unnamed_gene_372","non-essential","non-essential","non-essential","non-essential","non-essential"
"929","unnamed_gene_373","non-essential","non-essential","non-essential","non-essential","non-essential"
"930","lrp","non-essential","non-essential","non-essential","non-essential","non-essential"
"931","ftsK","essential","essential","non-essential","essential","essential"
"932","lolA","essential","essential","essential","essential","essential"
"933","ycaJ","non-essential","non-essential","non-essential","non-essential","non-essential"
"934","unnamed_gene_374","non-essential","non-essential","essential","non-essential","essential"
"935","serS","essential","essential","essential","essential","essential"
"936","dmsA","non-essential","non-essential","non-essential","non-essential","non-essential"
"937","dmsB","non-essential","non-essential","non-essential","non-essential","non-essential"
"938","dmsC","non-essential","non-essential","non-essential","non-essential","non-essential"
"939","unnamed_gene_375","non-essential","non-essential","essential","non-essential","non-essential"
"940","unnamed_gene_376","non-essential","non-essential","essential","non-essential","non-essential"
"941","ycaD","non-essential","non-essential","non-essential","non-essential","non-essential"
"942","pflA","non-essential","non-essential","non-essential","non-essential","non-essential"
"943","unnamed_gene_378","non-essential","non-essential","non-essential","non-essential","non-essential"
"944","pflB","non-essential","non-essential","non-essential","non-essential","non-essential"
"945","focA","non-essential","non-essential","non-essential","non-essential","non-essential"
"946","ycaO","non-essential","non-essential","non-essential","non-essential","non-essential"
"947","unnamed_gene_379","non-essential","non-essential","essential","non-essential","non-essential"
"948","ycaP","non-essential","non-essential","non-essential","non-essential","non-essential"
"949","unnamed_gene_380","non-essential","non-essential","non-essential","non-essential","non-essential"
"950","serC","non-essential","non-essential","non-essential","non-essential","non-essential"
"951","aroA","non-essential","non-essential","non-essential","non-essential","non-essential"
"952","ycaL","non-essential","non-essential","non-essential","non-essential","non-essential"
"953","unnamed_gene_381","non-essential","non-essential","non-essential","non-essential","non-essential"
"954","cmk","non-essential","non-essential","non-essential","non-essential","non-essential"
"955","rpsA","essential","essential","non-essential","essential","essential"
"956","ihfB","non-essential","non-essential","non-essential","non-essential","non-essential"
"957","ycaI","non-essential","non-essential","non-essential","non-essential","non-essential"
"958","msbA","essential","essential","non-essential","essential","essential"
"959","lpxK","essential","essential","essential","essential","essential"
"960","ycaQ","non-essential","non-essential","non-essential","non-essential","essential"
"961","ycaR","non-essential","non-essential","non-essential","non-essential","non-essential"
"962","kdsB","essential","essential","essential","essential","essential"
"963","unnamed_gene_382","non-essential","non-essential","non-essential","non-essential","non-essential"
"964","unnamed_gene_383","non-essential","non-essential","non-essential","non-essential","non-essential"
"965","ycbC","non-essential","non-essential","non-essential","non-essential","non-essential"
"966","smtA","non-essential","non-essential","non-essential","non-essential","non-essential"
"967","mukF","essential","essential","essential","essential","essential"
"968","mukE","essential","essential","essential","essential","essential"
"969","mukB","essential","essential","essential","essential","essential"
"970","ycbB","essential","non-essential","non-essential","essential","non-essential"
"971","ycbK","non-essential","non-essential","non-essential","non-essential","non-essential"
"972","ycbL","non-essential","non-essential","non-essential","non-essential","non-essential"
"973","aspC","non-essential","non-essential","non-essential","non-essential","non-essential"
"974","unnamed_gene_384","non-essential","non-essential","essential","non-essential","non-essential"
"975","ompF","non-essential","non-essential","non-essential","non-essential","non-essential"
"976","unnamed_gene_385","non-essential","non-essential","essential","non-essential","non-essential"
"977","asnS","essential","essential","essential","essential","essential"
"978","unnamed_gene_386","non-essential","non-essential","non-essential","non-essential","non-essential"
"979","unnamed_gene_387","non-essential","non-essential","non-essential","non-essential","non-essential"
"980","unnamed_gene_388","non-essential","non-essential","non-essential","non-essential","non-essential"
"981","unnamed_gene_390","non-essential","non-essential","essential","non-essential","non-essential"
"982","pncB","non-essential","non-essential","non-essential","non-essential","non-essential"
"983","unnamed_gene_392","non-essential","non-essential","non-essential","non-essential","non-essential"
"984","unnamed_gene_393","non-essential","non-essential","essential","non-essential","non-essential"
"985","unnamed_gene_394","non-essential","non-essential","non-essential","non-essential","non-essential"
"986","unnamed_gene_395","non-essential","non-essential","non-essential","non-essential","non-essential"
"987","unnamed_gene_396","non-essential","non-essential","non-essential","non-essential","non-essential"
"988","unnamed_gene_399","non-essential","non-essential","non-essential","non-essential","non-essential"
"989","unnamed_gene_400","essential","essential","essential","non-essential","non-essential"
"990","unnamed_gene_401","non-essential","non-essential","non-essential","non-essential","non-essential"
"991","unnamed_gene_402","non-essential","non-essential","non-essential","non-essential","non-essential"
"992","unnamed_gene_403","non-essential","non-essential","non-essential","non-essential","non-essential"
"993","unnamed_gene_404","non-essential","non-essential","non-essential","non-essential","non-essential"
"994","unnamed_gene_405","non-essential","non-essential","non-essential","non-essential","non-essential"
"995","unnamed_gene_406","non-essential","non-essential","non-essential","non-essential","non-essential"
"996","unnamed_gene_407","non-essential","non-essential","non-essential","non-essential","non-essential"
"997","unnamed_gene_410","non-essential","non-essential","non-essential","non-essential","non-essential"
"998","unnamed_gene_411","non-essential","non-essential","non-essential","non-essential","non-essential"
"999","unnamed_gene_412","non-essential","non-essential","non-essential","non-essential","non-essential"
"1000","unnamed_gene_413","non-essential","non-essential","non-essential","non-essential","non-essential"
"1001","unnamed_gene_414","non-essential","non-essential","non-essential","non-essential","non-essential"
"1002","unnamed_gene_415","non-essential","non-essential","non-essential","non-essential","non-essential"
"1003","unnamed_gene_416","non-essential","non-essential","non-essential","non-essential","non-essential"
"1004","unnamed_gene_417","non-essential","non-essential","non-essential","non-essential","non-essential"
"1005","unnamed_gene_419","non-essential","non-essential","non-essential","non-essential","non-essential"
"1006","unnamed_gene_420","non-essential","non-essential","non-essential","non-essential","non-essential"
"1007","unnamed_gene_421","non-essential","non-essential","non-essential","non-essential","non-essential"
"1008","unnamed_gene_422","non-essential","non-essential","non-essential","non-essential","non-essential"
"1009","unnamed_gene_423","non-essential","non-essential","non-essential","essential","non-essential"
"1010","unnamed_gene_424","non-essential","non-essential","non-essential","non-essential","non-essential"
"1011","unnamed_gene_425","non-essential","non-essential","non-essential","non-essential","non-essential"
"1012","unnamed_gene_426","non-essential","non-essential","non-essential","non-essential","non-essential"
"1013","unnamed_gene_427","non-essential","non-essential","non-essential","non-essential","non-essential"
"1014","unnamed_gene_428","non-essential","non-essential","non-essential","non-essential","non-essential"
"1015","unnamed_gene_429","non-essential","non-essential","non-essential","non-essential","non-essential"
"1016","unnamed_gene_430","non-essential","non-essential","non-essential","non-essential","non-essential"
"1017","unnamed_gene_431","non-essential","non-essential","non-essential","non-essential","non-essential"
"1018","unnamed_gene_432","non-essential","non-essential","non-essential","non-essential","non-essential"
"1019","unnamed_gene_433","non-essential","non-essential","non-essential","non-essential","non-essential"
"1020","unnamed_gene_434","non-essential","non-essential","non-essential","non-essential","non-essential"
"1021","sodC_1","non-essential","non-essential","non-essential","non-essential","non-essential"
"1022","unnamed_gene_435","non-essential","non-essential","non-essential","non-essential","non-essential"
"1023","unnamed_gene_436","non-essential","non-essential","non-essential","non-essential","non-essential"
"1024","unnamed_gene_437","non-essential","non-essential","non-essential","non-essential","non-essential"
"1025","unnamed_gene_438","non-essential","non-essential","non-essential","non-essential","non-essential"
"1026","unnamed_gene_439","non-essential","non-essential","non-essential","non-essential","non-essential"
"1027","unnamed_gene_440","non-essential","non-essential","non-essential","non-essential","non-essential"
"1028","sseI","non-essential","non-essential","non-essential","non-essential","non-essential"
"1029","unnamed_gene_443","non-essential","non-essential","non-essential","non-essential","non-essential"
"1030","unnamed_gene_444","non-essential","non-essential","non-essential","non-essential","non-essential"
"1031","unnamed_gene_445","non-essential","non-essential","non-essential","non-essential","non-essential"
"1032","unnamed_gene_446","non-essential","non-essential","non-essential","non-essential","non-essential"
"1033","unnamed_gene_447","non-essential","non-essential","non-essential","non-essential","non-essential"
"1034","pepN","non-essential","non-essential","non-essential","non-essential","non-essential"
"1035","pyrD","non-essential","non-essential","non-essential","non-essential","non-essential"
"1036","unnamed_gene_448","non-essential","non-essential","non-essential","non-essential","non-essential"
"1037","ycbW","non-essential","non-essential","non-essential","non-essential","non-essential"
"1038","unnamed_gene_449","non-essential","non-essential","non-essential","non-essential","non-essential"
"1039","ycbY","non-essential","non-essential","non-essential","non-essential","non-essential"
"1040","uup","non-essential","non-essential","non-essential","non-essential","non-essential"
"1041","pqiA","non-essential","non-essential","non-essential","non-essential","non-essential"
"1042","pqiB","essential","non-essential","non-essential","non-essential","non-essential"
"1043","ymbA","non-essential","non-essential","non-essential","non-essential","non-essential"
"1044","unnamed_gene_450","non-essential","non-essential","essential","non-essential","non-essential"
"1045","rmf","non-essential","non-essential","non-essential","non-essential","non-essential"
"1046","fabA","essential","essential","essential","non-essential","non-essential"
"1047","lonH","non-essential","non-essential","non-essential","non-essential","non-essential"
"1048","ycbG","non-essential","non-essential","non-essential","non-essential","non-essential"
"1049","ompA","non-essential","non-essential","non-essential","non-essential","non-essential"
"1050","sulA","non-essential","non-essential","non-essential","non-essential","non-essential"
"1051","unnamed_gene_451","non-essential","non-essential","non-essential","non-essential","non-essential"
"1052","yccR","non-essential","non-essential","non-essential","non-essential","non-essential"
"1053","yccS","non-essential","non-essential","non-essential","non-essential","non-essential"
"1054","yccF","non-essential","non-essential","non-essential","non-essential","non-essential"
"1055","helD","non-essential","non-essential","non-essential","non-essential","non-essential"
"1056","mgsA","non-essential","non-essential","non-essential","non-essential","non-essential"
"1057","yccT","non-essential","non-essential","non-essential","non-essential","non-essential"
"1058","unnamed_gene_452","non-essential","non-essential","non-essential","non-essential","non-essential"
"1059","yccV","non-essential","non-essential","non-essential","non-essential","non-essential"
"1060","yccW","non-essential","non-essential","non-essential","essential","non-essential"
"1061","unnamed_gene_453","non-essential","non-essential","non-essential","non-essential","non-essential"
"1062","unnamed_gene_454","non-essential","non-essential","non-essential","non-essential","non-essential"
"1063","yccX","non-essential","non-essential","non-essential","non-essential","non-essential"
"1064","yccK","non-essential","non-essential","non-essential","non-essential","non-essential"
"1065","yccA","non-essential","non-essential","non-essential","non-essential","non-essential"
"1066","serT","non-essential","non-essential","essential","non-essential","non-essential"
"1067","pipB","non-essential","non-essential","non-essential","non-essential","non-essential"
"1068","unnamed_gene_455","non-essential","non-essential","non-essential","non-essential","non-essential"
"1069","unnamed_gene_456","non-essential","non-essential","non-essential","non-essential","non-essential"
"1070","sopB","non-essential","non-essential","non-essential","non-essential","non-essential"
"1071","orfX","non-essential","non-essential","non-essential","non-essential","non-essential"
"1072","unnamed_gene_457","non-essential","non-essential","non-essential","non-essential","non-essential"
"1073","copS","non-essential","non-essential","non-essential","non-essential","non-essential"
"1074","copR","non-essential","non-essential","non-essential","non-essential","non-essential"
"1075","unnamed_gene_458","non-essential","non-essential","non-essential","non-essential","non-essential"
"1076","hpaC","non-essential","non-essential","non-essential","non-essential","non-essential"
"1077","hpaB","non-essential","non-essential","non-essential","non-essential","non-essential"
"1078","hpaR","non-essential","non-essential","non-essential","non-essential","non-essential"
"1079","unnamed_gene_461","non-essential","non-essential","essential","non-essential","non-essential"
"1080","hpaG","non-essential","non-essential","non-essential","non-essential","non-essential"
"1081","hpaE","non-essential","non-essential","non-essential","non-essential","non-essential"
"1082","hpaD","non-essential","non-essential","non-essential","non-essential","non-essential"
"1083","unnamed_gene_462","non-essential","non-essential","non-essential","non-essential","non-essential"
"1084","hpaH","non-essential","non-essential","non-essential","non-essential","non-essential"
"1085","hpaI","non-essential","non-essential","non-essential","non-essential","non-essential"
"1086","hpaX","non-essential","non-essential","non-essential","non-essential","non-essential"
"1087","hpaA","non-essential","non-essential","non-essential","essential","non-essential"
"1088","unnamed_gene_463","non-essential","non-essential","non-essential","non-essential","non-essential"
"1089","unnamed_gene_466","non-essential","non-essential","non-essential","non-essential","non-essential"
"1090","yccD","non-essential","non-essential","non-essential","non-essential","non-essential"
"1091","cbpA","non-essential","non-essential","non-essential","non-essential","non-essential"
"1092","unnamed_gene_467","non-essential","non-essential","non-essential","non-essential","non-essential"
"1093","scsA","non-essential","non-essential","non-essential","non-essential","non-essential"
"1094","scsB","non-essential","non-essential","non-essential","non-essential","non-essential"
"1095","scsC","non-essential","non-essential","non-essential","non-essential","non-essential"
"1096","scsD","non-essential","non-essential","non-essential","non-essential","non-essential"
"1097","agp","non-essential","non-essential","non-essential","non-essential","non-essential"
"1098","yccJ","non-essential","non-essential","non-essential","non-essential","non-essential"
"1099","wraB","non-essential","non-essential","non-essential","non-essential","non-essential"
"1100","unnamed_gene_468","non-essential","non-essential","non-essential","non-essential","non-essential"
"1101","ycdF","non-essential","non-essential","non-essential","non-essential","non-essential"
"1102","ymdF","non-essential","non-essential","non-essential","non-essential","non-essential"
"1103","ycdC","non-essential","non-essential","non-essential","non-essential","non-essential"
"1104","unnamed_gene_469","non-essential","non-essential","non-essential","non-essential","non-essential"
"1105","unnamed_gene_470","non-essential","non-essential","non-essential","non-essential","non-essential"
"1106","unnamed_gene_471","non-essential","non-essential","non-essential","non-essential","non-essential"
"1107","putP","non-essential","non-essential","non-essential","non-essential","non-essential"
"1108","unnamed_gene_472","non-essential","non-essential","essential","non-essential","non-essential"
"1109","unnamed_gene_473","non-essential","non-essential","essential","non-essential","non-essential"
"1110","unnamed_gene_474","non-essential","non-essential","non-essential","non-essential","non-essential"
"1111","unnamed_gene_475","non-essential","non-essential","non-essential","non-essential","non-essential"
"1112","unnamed_gene_477","non-essential","non-essential","non-essential","non-essential","non-essential"
"1113","unnamed_gene_479","non-essential","non-essential","non-essential","non-essential","non-essential"
"1114","unnamed_gene_480","non-essential","non-essential","non-essential","non-essential","non-essential"
"1115","unnamed_gene_481","non-essential","non-essential","non-essential","non-essential","non-essential"
"1116","unnamed_gene_482","non-essential","non-essential","non-essential","non-essential","non-essential"
"1117","unnamed_gene_483","essential","non-essential","non-essential","non-essential","non-essential"
"1118","unnamed_gene_485","non-essential","non-essential","non-essential","non-essential","non-essential"
"1119","serX","non-essential","non-essential","non-essential","non-essential","non-essential"
"1120","unnamed_gene_486","non-essential","non-essential","non-essential","non-essential","non-essential"
"1121","ycdW","non-essential","non-essential","non-essential","non-essential","non-essential"
"1122","ycdX","non-essential","non-essential","non-essential","non-essential","non-essential"
"1123","ycdY","non-essential","non-essential","non-essential","non-essential","non-essential"
"1124","ycdZ","non-essential","non-essential","non-essential","non-essential","non-essential"
"1125","csgG","non-essential","non-essential","non-essential","non-essential","non-essential"
"1126","csgF","non-essential","non-essential","non-essential","non-essential","non-essential"
"1127","csgD","non-essential","non-essential","non-essential","non-essential","non-essential"
"1128","unnamed_gene_487","non-essential","non-essential","non-essential","non-essential","non-essential"
"1129","csgB","non-essential","non-essential","non-essential","non-essential","non-essential"
"1130","ymdA","non-essential","non-essential","non-essential","non-essential","non-essential"
"1131","unnamed_gene_489","non-essential","non-essential","non-essential","non-essential","non-essential"
"1132","ymdC","non-essential","non-essential","non-essential","non-essential","non-essential"
"1133","mdoC","non-essential","non-essential","non-essential","non-essential","non-essential"
"1134","unnamed_gene_490","non-essential","non-essential","non-essential","non-essential","non-essential"
"1135","mdoG","non-essential","non-essential","non-essential","non-essential","non-essential"
"1136","mdoH","non-essential","non-essential","non-essential","non-essential","non-essential"
"1137","yceK","non-essential","non-essential","non-essential","non-essential","non-essential"
"1138","msyB","non-essential","non-essential","non-essential","non-essential","non-essential"
"1139","yceE","non-essential","non-essential","non-essential","non-essential","non-essential"
"1140","unnamed_gene_491","non-essential","non-essential","non-essential","non-essential","essential"
"1141","htrB","essential","essential","essential","essential","essential"
"1142","yceA","non-essential","non-essential","non-essential","non-essential","non-essential"
"1143","yceI","non-essential","non-essential","non-essential","non-essential","non-essential"
"1144","unnamed_gene_492","non-essential","non-essential","non-essential","non-essential","non-essential"
"1145","unnamed_gene_493","non-essential","non-essential","non-essential","non-essential","non-essential"
"1146","solA","non-essential","non-essential","non-essential","non-essential","non-essential"
"1147","dinI","non-essential","non-essential","non-essential","non-essential","non-essential"
"1148","pyrC","non-essential","non-essential","non-essential","non-essential","non-essential"
"1149","yceB","non-essential","non-essential","non-essential","non-essential","non-essential"
"1150","grxB","non-essential","non-essential","non-essential","non-essential","non-essential"
"1151","yceL","non-essential","non-essential","non-essential","non-essential","non-essential"
"1152","rimJ","non-essential","non-essential","non-essential","non-essential","non-essential"
"1153","yceH","non-essential","non-essential","non-essential","non-essential","non-essential"
"1154","mviM","non-essential","non-essential","non-essential","non-essential","non-essential"
"1155","unnamed_gene_494","non-essential","non-essential","non-essential","non-essential","non-essential"
"1156","mviN","essential","essential","essential","essential","essential"
"1157","flgN","non-essential","non-essential","non-essential","non-essential","non-essential"
"1158","flgM","non-essential","non-essential","non-essential","non-essential","non-essential"
"1159","flgA","non-essential","non-essential","non-essential","non-essential","non-essential"
"1160","unnamed_gene_495","non-essential","non-essential","non-essential","non-essential","non-essential"
"1161","flgB","non-essential","non-essential","non-essential","non-essential","non-essential"
"1162","flgC","essential","essential","essential","non-essential","essential"
"1163","flgD","non-essential","non-essential","non-essential","non-essential","essential"
"1164","flgE","non-essential","non-essential","non-essential","non-essential","non-essential"
"1165","flgF","non-essential","non-essential","non-essential","non-essential","non-essential"
"1166","flgG","non-essential","non-essential","non-essential","non-essential","non-essential"
"1167","flgH","non-essential","non-essential","non-essential","non-essential","non-essential"
"1168","flgI","non-essential","non-essential","non-essential","non-essential","non-essential"
"1169","flgJ","non-essential","non-essential","non-essential","non-essential","non-essential"
"1170","flgK","non-essential","non-essential","non-essential","non-essential","non-essential"
"1171","flgL","non-essential","non-essential","non-essential","non-essential","non-essential"
"1172","unnamed_gene_496","non-essential","non-essential","non-essential","non-essential","non-essential"
"1173","rne","essential","essential","non-essential","essential","essential"
"1174","unnamed_gene_497","non-essential","essential","essential","non-essential","essential"
"1175","rluC","non-essential","non-essential","non-essential","non-essential","essential"
"1176","unnamed_gene_498","non-essential","non-essential","non-essential","non-essential","non-essential"
"1177","unnamed_gene_499","non-essential","non-essential","non-essential","non-essential","non-essential"
"1178","maf_1","non-essential","non-essential","non-essential","non-essential","non-essential"
"1179","yceD","non-essential","non-essential","non-essential","non-essential","non-essential"
"1180","rpmF","non-essential","non-essential","non-essential","non-essential","non-essential"
"1181","plsX","non-essential","non-essential","non-essential","non-essential","non-essential"
"1182","fabH","essential","essential","essential","essential","essential"
"1183","fabD","essential","non-essential","non-essential","essential","essential"
"1184","fabG","essential","essential","essential","essential","essential"
"1185","acpP","non-essential","non-essential","essential","non-essential","essential"
"1186","fabF","non-essential","non-essential","non-essential","non-essential","non-essential"
"1187","pabC","non-essential","non-essential","non-essential","non-essential","non-essential"
"1188","yceG","non-essential","non-essential","non-essential","non-essential","non-essential"
"1189","tdk_1","essential","essential","essential","essential","essential"
"1190","holB","essential","essential","non-essential","essential","essential"
"1191","ycfH","non-essential","non-essential","non-essential","non-essential","non-essential"
"1192","unnamed_gene_500","non-essential","non-essential","essential","non-essential","non-essential"
"1193","ptsG","non-essential","non-essential","non-essential","non-essential","non-essential"
"1194","fhuE","non-essential","non-essential","non-essential","non-essential","non-essential"
"1195","ycfF","non-essential","essential","essential","non-essential","essential"
"1196","ycfL","non-essential","non-essential","non-essential","non-essential","essential"
"1197","ycfM","non-essential","non-essential","non-essential","non-essential","non-essential"
"1198","thiK","non-essential","non-essential","non-essential","non-essential","non-essential"
"1199","nagZ","essential","non-essential","non-essential","non-essential","non-essential"
"1200","ycfP","non-essential","non-essential","non-essential","non-essential","non-essential"
"1201","ndh","non-essential","non-essential","non-essential","non-essential","non-essential"
"1202","ycfJ","non-essential","non-essential","non-essential","non-essential","non-essential"
"1203","ycfQ","non-essential","non-essential","non-essential","non-essential","non-essential"
"1204","ycfR","non-essential","non-essential","non-essential","non-essential","non-essential"
"1205","ycfS","non-essential","non-essential","non-essential","non-essential","non-essential"
"1206","unnamed_gene_501","non-essential","non-essential","essential","non-essential","non-essential"
"1207","mfd","essential","non-essential","non-essential","essential","essential"
"1208","ycfU","essential","essential","essential","essential","essential"
"1209","lolD","essential","essential","essential","essential","essential"
"1210","ycfW","essential","essential","non-essential","essential","essential"
"1211","ycfX","non-essential","non-essential","non-essential","non-essential","non-essential"
"1212","cobB","non-essential","non-essential","non-essential","non-essential","non-essential"
"1213","potD","essential","non-essential","non-essential","essential","non-essential"
"1214","potC","non-essential","non-essential","non-essential","non-essential","non-essential"
"1215","unnamed_gene_502","non-essential","non-essential","non-essential","non-essential","non-essential"
"1216","sifA","non-essential","non-essential","non-essential","non-essential","non-essential"
"1217","unnamed_gene_503","non-essential","non-essential","non-essential","non-essential","non-essential"
"1218","potB","non-essential","non-essential","non-essential","non-essential","non-essential"
"1219","potA","non-essential","non-essential","non-essential","non-essential","non-essential"
"1220","pepT","non-essential","non-essential","non-essential","non-essential","non-essential"
"1221","unnamed_gene_504","non-essential","non-essential","non-essential","non-essential","non-essential"
"1222","ycfD","non-essential","non-essential","non-essential","non-essential","non-essential"
"1223","phoQ","non-essential","non-essential","non-essential","non-essential","non-essential"
"1224","phoP","non-essential","non-essential","non-essential","non-essential","non-essential"
"1225","purB","essential","essential","essential","essential","essential"
"1226","ycfC","non-essential","non-essential","non-essential","non-essential","essential"
"1227","trmU","essential","essential","non-essential","essential","essential"
"1228","ymfB","non-essential","non-essential","non-essential","non-essential","non-essential"
"1229","unnamed_gene_505","non-essential","non-essential","non-essential","non-essential","non-essential"
"1230","ymfC","non-essential","non-essential","non-essential","non-essential","non-essential"
"1231","icdA","non-essential","non-essential","non-essential","essential","non-essential"
"1232","unnamed_gene_507","non-essential","non-essential","non-essential","non-essential","non-essential"
"1233","unnamed_gene_508","non-essential","non-essential","non-essential","non-essential","non-essential"
"1234","unnamed_gene_509","non-essential","non-essential","non-essential","non-essential","non-essential"
"1235","unnamed_gene_510","non-essential","non-essential","non-essential","non-essential","non-essential"
"1236","unnamed_gene_511","essential","non-essential","non-essential","non-essential","non-essential"
"1237","unnamed_gene_512","non-essential","non-essential","non-essential","non-essential","non-essential"
"1238","unnamed_gene_513","non-essential","non-essential","non-essential","non-essential","non-essential"
"1239","unnamed_gene_514","non-essential","non-essential","non-essential","non-essential","non-essential"
"1240","unnamed_gene_515","non-essential","non-essential","non-essential","non-essential","non-essential"
"1241","unnamed_gene_516","non-essential","non-essential","non-essential","non-essential","non-essential"
"1242","unnamed_gene_518","essential","essential","essential","non-essential","essential"
"1243","unnamed_gene_519","non-essential","non-essential","non-essential","non-essential","essential"
"1244","unnamed_gene_520","non-essential","non-essential","non-essential","non-essential","non-essential"
"1245","unnamed_gene_521","non-essential","non-essential","non-essential","non-essential","non-essential"
"1246","unnamed_gene_522","non-essential","non-essential","non-essential","non-essential","non-essential"
"1247","unnamed_gene_523","non-essential","non-essential","non-essential","non-essential","non-essential"
"1248","unnamed_gene_524","non-essential","non-essential","non-essential","non-essential","non-essential"
"1249","unnamed_gene_525","non-essential","non-essential","non-essential","non-essential","non-essential"
"1250","unnamed_gene_530","non-essential","non-essential","non-essential","non-essential","non-essential"
"1251","unnamed_gene_531","non-essential","non-essential","non-essential","non-essential","non-essential"
"1252","unnamed_gene_532","non-essential","non-essential","non-essential","non-essential","non-essential"
"1253","unnamed_gene_533","non-essential","non-essential","non-essential","non-essential","non-essential"
"1254","unnamed_gene_534","non-essential","non-essential","non-essential","non-essential","non-essential"
"1255","unnamed_gene_535","non-essential","non-essential","non-essential","non-essential","non-essential"
"1256","unnamed_gene_536","non-essential","non-essential","non-essential","non-essential","non-essential"
"1257","unnamed_gene_539","non-essential","non-essential","non-essential","non-essential","non-essential"
"1258","unnamed_gene_540","non-essential","non-essential","non-essential","non-essential","non-essential"
"1259","unnamed_gene_541","non-essential","non-essential","non-essential","non-essential","non-essential"
"1260","unnamed_gene_542","non-essential","non-essential","non-essential","non-essential","non-essential"
"1261","unnamed_gene_544","non-essential","non-essential","non-essential","non-essential","non-essential"
"1262","unnamed_gene_545","non-essential","non-essential","non-essential","non-essential","non-essential"
"1263","unnamed_gene_546","non-essential","non-essential","non-essential","non-essential","non-essential"
"1264","unnamed_gene_547","non-essential","non-essential","non-essential","non-essential","non-essential"
"1265","unnamed_gene_548","non-essential","non-essential","non-essential","non-essential","non-essential"
"1266","unnamed_gene_549","non-essential","non-essential","non-essential","non-essential","non-essential"
"1267","unnamed_gene_550","non-essential","non-essential","non-essential","non-essential","non-essential"
"1268","unnamed_gene_551","non-essential","non-essential","non-essential","non-essential","non-essential"
"1269","unnamed_gene_552","non-essential","non-essential","non-essential","non-essential","non-essential"
"1270","unnamed_gene_553","non-essential","non-essential","non-essential","non-essential","non-essential"
"1271","unnamed_gene_554","non-essential","non-essential","non-essential","non-essential","non-essential"
"1272","unnamed_gene_555","non-essential","non-essential","non-essential","non-essential","non-essential"
"1273","unnamed_gene_556","non-essential","non-essential","non-essential","non-essential","non-essential"
"1274","unnamed_gene_557","non-essential","non-essential","non-essential","non-essential","non-essential"
"1275","unnamed_gene_558","non-essential","non-essential","non-essential","non-essential","non-essential"
"1276","unnamed_gene_559","non-essential","non-essential","non-essential","non-essential","non-essential"
"1277","unnamed_gene_560","non-essential","non-essential","non-essential","non-essential","non-essential"
"1278","unnamed_gene_561","non-essential","non-essential","non-essential","non-essential","non-essential"
"1279","unnamed_gene_562","non-essential","non-essential","non-essential","non-essential","non-essential"
"1280","unnamed_gene_563","non-essential","non-essential","non-essential","non-essential","non-essential"
"1281","unnamed_gene_564","non-essential","non-essential","non-essential","non-essential","non-essential"
"1282","unnamed_gene_565","non-essential","non-essential","non-essential","non-essential","non-essential"
"1283","unnamed_gene_566","non-essential","non-essential","non-essential","non-essential","non-essential"
"1284","unnamed_gene_567","non-essential","non-essential","non-essential","non-essential","non-essential"
"1285","unnamed_gene_570","non-essential","non-essential","non-essential","non-essential","non-essential"
"1286","unnamed_gene_571","non-essential","non-essential","non-essential","non-essential","non-essential"
"1287","unnamed_gene_572","non-essential","non-essential","non-essential","non-essential","non-essential"
"1288","unnamed_gene_573","non-essential","non-essential","non-essential","non-essential","non-essential"
"1289","unnamed_gene_574","non-essential","non-essential","non-essential","non-essential","non-essential"
"1290","unnamed_gene_575","non-essential","non-essential","non-essential","non-essential","non-essential"
"1291","unnamed_gene_576","non-essential","non-essential","non-essential","non-essential","non-essential"
"1292","envF","non-essential","non-essential","non-essential","non-essential","non-essential"
"1293","msgA","non-essential","non-essential","non-essential","non-essential","non-essential"
"1294","unnamed_gene_581","non-essential","non-essential","non-essential","non-essential","non-essential"
"1295","pagD","non-essential","non-essential","non-essential","non-essential","non-essential"
"1296","unnamed_gene_582","non-essential","non-essential","essential","non-essential","non-essential"
"1297","unnamed_gene_583","non-essential","non-essential","non-essential","non-essential","non-essential"
"1298","unnamed_gene_584","non-essential","non-essential","non-essential","non-essential","non-essential"
"1299","unnamed_gene_585","non-essential","non-essential","non-essential","non-essential","non-essential"
"1300","unnamed_gene_589","non-essential","non-essential","non-essential","non-essential","non-essential"
"1301","unnamed_gene_590","non-essential","non-essential","non-essential","non-essential","non-essential"
"1302","unnamed_gene_591","non-essential","non-essential","non-essential","non-essential","non-essential"
"1303","unnamed_gene_592","non-essential","non-essential","non-essential","non-essential","non-essential"
"1304","unnamed_gene_593","non-essential","non-essential","non-essential","non-essential","non-essential"
"1305","unnamed_gene_597","non-essential","non-essential","non-essential","non-essential","non-essential"
"1306","unnamed_gene_598","non-essential","non-essential","non-essential","non-essential","non-essential"
"1307","unnamed_gene_599","non-essential","non-essential","non-essential","non-essential","non-essential"
"1308","unnamed_gene_600","non-essential","non-essential","non-essential","non-essential","non-essential"
"1309","unnamed_gene_601","non-essential","non-essential","non-essential","non-essential","non-essential"
"1310","unnamed_gene_602","non-essential","non-essential","non-essential","non-essential","non-essential"
"1311","unnamed_gene_603","non-essential","non-essential","non-essential","non-essential","non-essential"
"1312","unnamed_gene_604","non-essential","non-essential","non-essential","non-essential","non-essential"
"1313","unnamed_gene_605","non-essential","non-essential","non-essential","non-essential","non-essential"
"1314","unnamed_gene_606","non-essential","non-essential","non-essential","non-essential","non-essential"
"1315","aadA","non-essential","non-essential","non-essential","non-essential","non-essential"
"1316","unnamed_gene_607","non-essential","non-essential","non-essential","non-essential","non-essential"
"1317","unnamed_gene_610","non-essential","non-essential","non-essential","non-essential","non-essential"
"1318","unnamed_gene_611","non-essential","non-essential","non-essential","non-essential","non-essential"
"1319","unnamed_gene_612","non-essential","non-essential","non-essential","non-essential","non-essential"
"1320","yeaS","non-essential","non-essential","non-essential","non-essential","non-essential"
"1321","unnamed_gene_613","non-essential","non-essential","non-essential","non-essential","non-essential"
"1322","yeaR","non-essential","non-essential","non-essential","non-essential","non-essential"
"1323","yoaG","non-essential","non-essential","non-essential","non-essential","non-essential"
"1324","unnamed_gene_614","non-essential","non-essential","non-essential","non-essential","non-essential"
"1325","unnamed_gene_615","non-essential","non-essential","non-essential","non-essential","non-essential"
"1326","unnamed_gene_616","non-essential","non-essential","non-essential","non-essential","non-essential"
"1327","yeaQ","non-essential","non-essential","non-essential","non-essential","non-essential"
"1328","unnamed_gene_617","non-essential","non-essential","non-essential","non-essential","non-essential"
"1329","unnamed_gene_618","non-essential","non-essential","non-essential","non-essential","non-essential"
"1330","yaoF","non-essential","non-essential","non-essential","non-essential","non-essential"
"1331","unnamed_gene_619","non-essential","non-essential","non-essential","non-essential","non-essential"
"1332","yeaO","non-essential","non-essential","non-essential","non-essential","non-essential"
"1333","unnamed_gene_620","non-essential","non-essential","non-essential","non-essential","non-essential"
"1334","unnamed_gene_621","non-essential","non-essential","non-essential","non-essential","non-essential"
"1335","yeaN","non-essential","non-essential","non-essential","non-essential","non-essential"
"1336","yeaM","non-essential","non-essential","non-essential","non-essential","non-essential"
"1337","yeaL","non-essential","non-essential","non-essential","non-essential","non-essential"
"1338","unnamed_gene_622","non-essential","non-essential","essential","non-essential","non-essential"
"1339","unnamed_gene_623","non-essential","non-essential","essential","non-essential","non-essential"
"1340","yeaK","non-essential","non-essential","non-essential","non-essential","non-essential"
"1341","unnamed_gene_625","non-essential","non-essential","non-essential","non-essential","non-essential"
"1342","yeaH","non-essential","non-essential","non-essential","non-essential","non-essential"
"1343","unnamed_gene_626","non-essential","non-essential","non-essential","non-essential","non-essential"
"1344","yeaG","non-essential","non-essential","non-essential","non-essential","non-essential"
"1345","unnamed_gene_627","non-essential","non-essential","non-essential","non-essential","non-essential"
"1346","mipA","non-essential","non-essential","non-essential","non-essential","non-essential"
"1347","unnamed_gene_628","non-essential","non-essential","non-essential","non-essential","non-essential"
"1348","unnamed_gene_629","non-essential","non-essential","non-essential","non-essential","non-essential"
"1349","yeaD","non-essential","non-essential","non-essential","non-essential","non-essential"
"1350","unnamed_gene_630","non-essential","non-essential","non-essential","non-essential","non-essential"
"1351","gapA","essential","essential","essential","essential","essential"
"1352","unnamed_gene_631","non-essential","non-essential","essential","non-essential","essential"
"1353","yeaA","non-essential","non-essential","non-essential","non-essential","non-essential"
"1354","yeaC","non-essential","non-essential","non-essential","non-essential","non-essential"
"1355","unnamed_gene_632","non-essential","non-essential","non-essential","non-essential","non-essential"
"1356","pncA","non-essential","non-essential","non-essential","non-essential","non-essential"
"1357","ansA","non-essential","non-essential","non-essential","non-essential","non-essential"
"1358","unnamed_gene_633","non-essential","non-essential","non-essential","non-essential","non-essential"
"1359","sppA","non-essential","non-essential","non-essential","non-essential","non-essential"
"1360","ydjA","non-essential","non-essential","non-essential","non-essential","non-essential"
"1361","selD","non-essential","non-essential","non-essential","non-essential","non-essential"
"1362","topB","essential","non-essential","non-essential","non-essential","non-essential"
"1363","gdhA","non-essential","non-essential","non-essential","non-essential","non-essential"
"1364","unnamed_gene_634","non-essential","non-essential","non-essential","non-essential","non-essential"
"1365","unnamed_gene_635","non-essential","non-essential","non-essential","non-essential","non-essential"
"1366","xthA","essential","non-essential","non-essential","non-essential","non-essential"
"1367","unnamed_gene_636","non-essential","non-essential","essential","non-essential","non-essential"
"1368","argD_1","non-essential","non-essential","non-essential","non-essential","non-essential"
"1369","astA","non-essential","non-essential","non-essential","non-essential","non-essential"
"1370","astD","essential","non-essential","non-essential","non-essential","non-essential"
"1371","astB","essential","non-essential","non-essential","non-essential","essential"
"1372","astE","non-essential","non-essential","non-essential","non-essential","essential"
"1373","unnamed_gene_637","non-essential","non-essential","non-essential","non-essential","non-essential"
"1374","spy","non-essential","non-essential","non-essential","non-essential","non-essential"
"1375","unnamed_gene_638","non-essential","non-essential","non-essential","non-essential","non-essential"
"1376","nadE","essential","essential","essential","essential","essential"
"1377","unnamed_gene_639","non-essential","non-essential","non-essential","non-essential","non-essential"
"1378","osmE","non-essential","non-essential","non-essential","non-essential","non-essential"
"1379","unnamed_gene_640","non-essential","non-essential","non-essential","non-essential","non-essential"
"1380","celA","non-essential","non-essential","non-essential","non-essential","non-essential"
"1381","celB","non-essential","non-essential","non-essential","non-essential","non-essential"
"1382","celC","non-essential","non-essential","non-essential","non-essential","non-essential"
"1383","celD","non-essential","non-essential","non-essential","non-essential","non-essential"
"1384","celF","non-essential","non-essential","non-essential","non-essential","non-essential"
"1385","celG","non-essential","non-essential","non-essential","non-essential","non-essential"
"1386","katE","essential","non-essential","non-essential","essential","non-essential"
"1387","unnamed_gene_641","non-essential","non-essential","essential","non-essential","non-essential"
"1388","cedA","non-essential","non-essential","non-essential","non-essential","non-essential"
"1389","ydjN","non-essential","non-essential","non-essential","non-essential","non-essential"
"1390","ydjM","non-essential","non-essential","non-essential","non-essential","non-essential"
"1391","yniC","non-essential","non-essential","non-essential","non-essential","non-essential"
"1392","yniB","non-essential","non-essential","non-essential","non-essential","non-essential"
"1393","unnamed_gene_643","non-essential","non-essential","non-essential","non-essential","non-essential"
"1394","ydiZ","non-essential","non-essential","non-essential","non-essential","non-essential"
"1395","pfkB","non-essential","non-essential","non-essential","non-essential","non-essential"
"1396","ydiY","non-essential","non-essential","non-essential","non-essential","non-essential"
"1397","unnamed_gene_645","non-essential","non-essential","non-essential","non-essential","non-essential"
"1398","unnamed_gene_646","non-essential","non-essential","non-essential","non-essential","non-essential"
"1399","unnamed_gene_647","non-essential","non-essential","non-essential","non-essential","non-essential"
"1400","rfc","non-essential","non-essential","non-essential","non-essential","non-essential"
"1401","unnamed_gene_648","non-essential","non-essential","non-essential","non-essential","non-essential"
"1402","unnamed_gene_649","non-essential","non-essential","non-essential","non-essential","non-essential"
"1403","thrS","essential","essential","essential","essential","essential"
"1404","infC","essential","essential","essential","essential","essential"
"1405","rpmI","non-essential","non-essential","essential","non-essential","essential"
"1406","rplT","non-essential","essential","essential","non-essential","essential"
"1407","unnamed_gene_650","non-essential","non-essential","non-essential","non-essential","essential"
"1408","pheS","essential","essential","essential","essential","essential"
"1409","pheT","essential","essential","non-essential","essential","essential"
"1410","ihfA","non-essential","non-essential","non-essential","non-essential","non-essential"
"1411","btuC","non-essential","non-essential","non-essential","non-essential","non-essential"
"1412","btuE","non-essential","non-essential","non-essential","non-essential","non-essential"
"1413","btuD","non-essential","non-essential","non-essential","non-essential","non-essential"
"1414","nlpC","non-essential","non-essential","non-essential","non-essential","non-essential"
"1415","unnamed_gene_651","non-essential","non-essential","non-essential","non-essential","non-essential"
"1416","ydiV","non-essential","non-essential","non-essential","non-essential","non-essential"
"1417","ydiU","non-essential","non-essential","non-essential","non-essential","non-essential"
"1418","ydiE","non-essential","non-essential","non-essential","non-essential","non-essential"
"1419","aroH","non-essential","non-essential","non-essential","non-essential","non-essential"
"1420","unnamed_gene_652","non-essential","non-essential","non-essential","non-essential","non-essential"
"1421","ydiA","non-essential","non-essential","non-essential","non-essential","non-essential"
"1422","unnamed_gene_653","non-essential","non-essential","non-essential","non-essential","non-essential"
"1423","pps","essential","non-essential","non-essential","non-essential","non-essential"
"1424","ydiD","non-essential","non-essential","non-essential","non-essential","non-essential"
"1425","ydiT","non-essential","non-essential","non-essential","non-essential","non-essential"
"1426","ydiS","non-essential","non-essential","non-essential","non-essential","non-essential"
"1427","ydiR","non-essential","non-essential","non-essential","non-essential","non-essential"
"1428","ydiQ","non-essential","non-essential","non-essential","non-essential","non-essential"
"1429","unnamed_gene_654","non-essential","non-essential","non-essential","non-essential","non-essential"
"1430","ydiP","non-essential","non-essential","non-essential","non-essential","non-essential"
"1431","ydiO","non-essential","non-essential","non-essential","non-essential","non-essential"
"1432","ydiF","non-essential","non-essential","non-essential","non-essential","non-essential"
"1433","aroD","non-essential","non-essential","non-essential","non-essential","non-essential"
"1434","aroE_1","non-essential","non-essential","non-essential","non-essential","non-essential"
"1435","unnamed_gene_655","non-essential","non-essential","essential","non-essential","non-essential"
"1436","unnamed_gene_656","non-essential","non-essential","essential","non-essential","non-essential"
"1437","ydiK","non-essential","non-essential","non-essential","non-essential","non-essential"
"1438","unnamed_gene_657","non-essential","non-essential","non-essential","non-essential","non-essential"
"1439","ydiJ","non-essential","non-essential","non-essential","essential","essential"
"1440","unnamed_gene_658","non-essential","non-essential","non-essential","non-essential","non-essential"
"1441","ydiH","non-essential","non-essential","non-essential","non-essential","non-essential"
"1442","unnamed_gene_659","non-essential","non-essential","non-essential","non-essential","non-essential"
"1443","sufA","non-essential","non-essential","non-essential","non-essential","non-essential"
"1444","sufB","non-essential","non-essential","non-essential","non-essential","non-essential"
"1445","sufC","non-essential","non-essential","non-essential","non-essential","non-essential"
"1446","sufD","non-essential","non-essential","non-essential","non-essential","non-essential"
"1447","sufS","non-essential","non-essential","non-essential","non-essential","non-essential"
"1448","ynhA","non-essential","non-essential","non-essential","non-essential","non-essential"
"1449","ynhG","non-essential","non-essential","non-essential","non-essential","non-essential"
"1450","lppB","non-essential","non-essential","non-essential","non-essential","non-essential"
"1451","lpp","non-essential","non-essential","non-essential","non-essential","non-essential"
"1452","pykF","essential","essential","non-essential","essential","essential"
"1453","orf48","non-essential","non-essential","non-essential","non-essential","non-essential"
"1454","orf32","non-essential","non-essential","non-essential","non-essential","non-essential"
"1455","orf245","non-essential","non-essential","non-essential","non-essential","non-essential"
"1456","orf408","non-essential","non-essential","non-essential","non-essential","non-essential"
"1457","ttrA","essential","non-essential","non-essential","essential","essential"
"1458","ttrC","non-essential","non-essential","non-essential","non-essential","non-essential"
"1459","ttrB","non-essential","non-essential","non-essential","non-essential","non-essential"
"1460","ttrS","non-essential","non-essential","non-essential","non-essential","non-essential"
"1461","ttrR","non-essential","non-essential","non-essential","non-essential","non-essential"
"1462","orf70","non-essential","non-essential","non-essential","non-essential","non-essential"
"1463","orf319","non-essential","non-essential","non-essential","non-essential","non-essential"
"1464","orf242","non-essential","non-essential","non-essential","non-essential","non-essential"
"1465","ssrA","non-essential","non-essential","non-essential","non-essential","non-essential"
"1466","ssaB","non-essential","non-essential","non-essential","non-essential","non-essential"
"1467","ssaC","non-essential","non-essential","non-essential","non-essential","non-essential"
"1468","ssaE","non-essential","non-essential","non-essential","non-essential","non-essential"
"1469","unnamed_gene_662","non-essential","non-essential","non-essential","non-essential","non-essential"
"1470","sscA","non-essential","non-essential","non-essential","non-essential","non-essential"
"1471","sseC","non-essential","non-essential","non-essential","non-essential","non-essential"
"1472","ssaG","non-essential","non-essential","non-essential","non-essential","non-essential"
"1473","ssaH","non-essential","non-essential","non-essential","non-essential","non-essential"
"1474","ssaI","non-essential","non-essential","non-essential","non-essential","non-essential"
"1475","ssaJ","non-essential","non-essential","non-essential","non-essential","non-essential"
"1476","unnamed_gene_664","non-essential","non-essential","non-essential","non-essential","non-essential"
"1477","ssaK","non-essential","non-essential","non-essential","non-essential","non-essential"
"1478","ssaN","non-essential","non-essential","non-essential","non-essential","non-essential"
"1479","ssaO","non-essential","non-essential","non-essential","non-essential","non-essential"
"1480","ssaR","non-essential","non-essential","non-essential","non-essential","non-essential"
"1481","ssaS","non-essential","non-essential","non-essential","non-essential","non-essential"
"1482","ssaT","non-essential","non-essential","non-essential","non-essential","non-essential"
"1483","ssaU","non-essential","non-essential","non-essential","non-essential","non-essential"
"1484","valW","non-essential","non-essential","non-essential","non-essential","non-essential"
"1485","valV","non-essential","non-essential","non-essential","non-essential","non-essential"
"1486","ydhE","non-essential","non-essential","non-essential","non-essential","non-essential"
"1487","ribE","essential","essential","essential","essential","essential"
"1488","cfa","non-essential","non-essential","non-essential","non-essential","non-essential"
"1489","ydhC","non-essential","non-essential","non-essential","non-essential","non-essential"
"1490","ydhB","non-essential","non-essential","non-essential","non-essential","non-essential"
"1491","purR","essential","non-essential","non-essential","non-essential","non-essential"
"1492","unnamed_gene_666","non-essential","non-essential","non-essential","non-essential","non-essential"
"1493","sodB","non-essential","non-essential","non-essential","non-essential","non-essential"
"1494","ydhO","essential","non-essential","non-essential","non-essential","essential"
"1495","ydhD","non-essential","non-essential","non-essential","non-essential","non-essential"
"1496","rnt","non-essential","non-essential","non-essential","essential","essential"
"1497","gloA","non-essential","non-essential","non-essential","non-essential","non-essential"
"1498","nemA","non-essential","non-essential","non-essential","non-essential","non-essential"
"1499","ydhM","non-essential","non-essential","non-essential","non-essential","non-essential"
"1500","ydhL","non-essential","non-essential","non-essential","non-essential","non-essential"
"1501","ydhF","non-essential","non-essential","non-essential","non-essential","non-essential"
"1502","sodC_2","non-essential","non-essential","non-essential","non-essential","non-essential"
"1503","unnamed_gene_667","non-essential","non-essential","non-essential","non-essential","non-essential"
"1504","ydhJ","non-essential","non-essential","non-essential","non-essential","non-essential"
"1505","ydhI","non-essential","non-essential","non-essential","non-essential","non-essential"
"1506","slyA","non-essential","non-essential","non-essential","non-essential","non-essential"
"1507","slyB","non-essential","non-essential","non-essential","non-essential","non-essential"
"1508","anmK","non-essential","non-essential","non-essential","non-essential","non-essential"
"1509","mliC","non-essential","non-essential","non-essential","non-essential","non-essential"
"1510","pdxH","non-essential","non-essential","non-essential","non-essential","non-essential"
"1511","tyrS","essential","essential","essential","essential","essential"
"1512","pdxY","non-essential","non-essential","non-essential","non-essential","non-essential"
"1513","gst","non-essential","non-essential","non-essential","non-essential","non-essential"
"1514","tppB","non-essential","non-essential","non-essential","non-essential","non-essential"
"1515","unnamed_gene_668","non-essential","non-essential","essential","non-essential","non-essential"
"1516","nth","non-essential","non-essential","non-essential","non-essential","non-essential"
"1517","ydgQ","non-essential","non-essential","non-essential","non-essential","non-essential"
"1518","ydgP","non-essential","non-essential","non-essential","non-essential","non-essential"
"1519","rnfD","non-essential","non-essential","non-essential","non-essential","non-essential"
"1520","unnamed_gene_669","essential","non-essential","non-essential","non-essential","non-essential"
"1521","ydgM","non-essential","non-essential","non-essential","non-essential","non-essential"
"1522","unnamed_gene_670","non-essential","non-essential","non-essential","non-essential","non-essential"
"1523","ydgK","non-essential","non-essential","non-essential","non-essential","non-essential"
"1524","ydgT","non-essential","non-essential","non-essential","non-essential","non-essential"
"1525","unnamed_gene_671","non-essential","non-essential","non-essential","non-essential","non-essential"
"1526","ydgJ","non-essential","non-essential","non-essential","non-essential","non-essential"
"1527","add","non-essential","non-essential","non-essential","non-essential","non-essential"
"1528","unnamed_gene_672","non-essential","non-essential","non-essential","non-essential","non-essential"
"1529","malY","non-essential","non-essential","essential","non-essential","non-essential"
"1530","malX","non-essential","non-essential","non-essential","non-essential","non-essential"
"1531","unnamed_gene_673","non-essential","non-essential","non-essential","non-essential","non-essential"
"1532","ydgA","essential","essential","non-essential","essential","essential"
"1533","manA","non-essential","non-essential","non-essential","non-essential","non-essential"
"1534","fumA","non-essential","non-essential","non-essential","non-essential","non-essential"
"1535","unnamed_gene_674","non-essential","non-essential","non-essential","non-essential","non-essential"
"1536","fumC","essential","non-essential","non-essential","essential","non-essential"
"1537","tus","essential","essential","essential","essential","essential"
"1538","rstB","non-essential","non-essential","non-essential","non-essential","non-essential"
"1539","unnamed_gene_675","non-essential","non-essential","non-essential","non-essential","non-essential"
"1540","unnamed_gene_676","non-essential","non-essential","non-essential","non-essential","non-essential"
"1541","rstA","non-essential","non-essential","non-essential","non-essential","non-essential"
"1542","ydgC","non-essential","non-essential","non-essential","non-essential","non-essential"
"1543","ydgI","essential","non-essential","non-essential","non-essential","non-essential"
"1544","unnamed_gene_678","non-essential","non-essential","essential","non-essential","non-essential"
"1545","unnamed_gene_679","non-essential","non-essential","essential","non-essential","non-essential"
"1546","unnamed_gene_680","non-essential","non-essential","essential","non-essential","non-essential"
"1547","ydgH","non-essential","non-essential","non-essential","non-essential","non-essential"
"1548","unnamed_gene_681","non-essential","non-essential","non-essential","non-essential","non-essential"
"1549","pntA","non-essential","non-essential","non-essential","non-essential","non-essential"
"1550","pntB","essential","non-essential","non-essential","non-essential","non-essential"
"1551","tqsA","non-essential","non-essential","non-essential","non-essential","non-essential"
"1552","unnamed_gene_682","non-essential","non-essential","non-essential","non-essential","non-essential"
"1553","ydgF","non-essential","non-essential","non-essential","non-essential","non-essential"
"1554","ydgE","non-essential","non-essential","non-essential","non-essential","non-essential"
"1555","unnamed_gene_683","essential","non-essential","non-essential","non-essential","non-essential"
"1556","unnamed_gene_684","non-essential","non-essential","non-essential","non-essential","non-essential"
"1557","unnamed_gene_685","non-essential","non-essential","non-essential","non-essential","non-essential"
"1558","unnamed_gene_686","non-essential","non-essential","non-essential","non-essential","non-essential"
"1559","ynfM","non-essential","non-essential","non-essential","non-essential","non-essential"
"1560","ynfL","non-essential","non-essential","non-essential","non-essential","non-essential"
"1561","mlc","non-essential","non-essential","non-essential","non-essential","non-essential"
"1562","bioD_2","non-essential","non-essential","non-essential","non-essential","non-essential"
"1563","unnamed_gene_687","non-essential","non-essential","non-essential","non-essential","non-essential"
"1564","unnamed_gene_688","essential","non-essential","non-essential","non-essential","non-essential"
"1565","unnamed_gene_689","non-essential","non-essential","non-essential","non-essential","non-essential"
"1566","unnamed_gene_690","non-essential","non-essential","non-essential","non-essential","non-essential"
"1567","unnamed_gene_691","non-essential","non-essential","non-essential","non-essential","non-essential"
"1568","ynfI","non-essential","non-essential","non-essential","non-essential","non-essential"
"1569","unnamed_gene_692","non-essential","non-essential","non-essential","non-essential","non-essential"
"1570","unnamed_gene_693","non-essential","non-essential","non-essential","non-essential","non-essential"
"1571","unnamed_gene_694","essential","non-essential","non-essential","non-essential","non-essential"
"1572","unnamed_gene_695","non-essential","non-essential","non-essential","non-essential","non-essential"
"1573","unnamed_gene_696","non-essential","non-essential","non-essential","non-essential","non-essential"
"1574","ynfD","non-essential","non-essential","non-essential","non-essential","non-essential"
"1575","ynfC","non-essential","non-essential","non-essential","non-essential","non-essential"
"1576","speG","non-essential","non-essential","non-essential","non-essential","non-essential"
"1577","ynfB","non-essential","essential","non-essential","non-essential","non-essential"
"1578","unnamed_gene_697","non-essential","non-essential","non-essential","non-essential","non-essential"
"1579","ynfA","non-essential","non-essential","non-essential","non-essential","non-essential"
"1580","rspA","non-essential","non-essential","non-essential","non-essential","non-essential"
"1581","rspB","non-essential","non-essential","non-essential","non-essential","non-essential"
"1582","unnamed_gene_698","non-essential","non-essential","non-essential","non-essential","non-essential"
"1583","ydfI","non-essential","non-essential","non-essential","non-essential","non-essential"
"1584","ydfZ","non-essential","non-essential","essential","non-essential","essential"
"1585","ydfH","non-essential","non-essential","non-essential","non-essential","essential"
"1586","ydfG","non-essential","non-essential","non-essential","non-essential","non-essential"
"1587","dcp","non-essential","non-essential","non-essential","non-essential","non-essential"
"1588","unnamed_gene_699","non-essential","non-essential","non-essential","non-essential","non-essential"
"1589","unnamed_gene_700","non-essential","non-essential","essential","non-essential","non-essential"
"1590","unnamed_gene_701","non-essential","non-essential","non-essential","non-essential","non-essential"
"1591","ydeJ","non-essential","non-essential","non-essential","non-essential","non-essential"
"1592","unnamed_gene_702","non-essential","non-essential","non-essential","non-essential","non-essential"
"1593","ydeI","non-essential","non-essential","non-essential","non-essential","non-essential"
"1594","ydeE","non-essential","non-essential","non-essential","non-essential","non-essential"
"1595","ydeD","non-essential","non-essential","non-essential","non-essential","non-essential"
"1596","marB","non-essential","non-essential","non-essential","non-essential","non-essential"
"1597","marA","non-essential","non-essential","non-essential","non-essential","non-essential"
"1598","marR","non-essential","non-essential","non-essential","non-essential","non-essential"
"1599","marC","non-essential","non-essential","non-essential","non-essential","non-essential"
"1600","ydeA","essential","essential","non-essential","essential","essential"
"1601","yneJ","non-essential","non-essential","non-essential","non-essential","non-essential"
"1602","yneI","non-essential","non-essential","non-essential","non-essential","non-essential"
"1603","yneH","non-essential","non-essential","non-essential","non-essential","non-essential"
"1604","yneG","non-essential","non-essential","non-essential","non-essential","non-essential"
"1605","unnamed_gene_704","non-essential","non-essential","non-essential","non-essential","non-essential"
"1606","unnamed_gene_705","non-essential","non-essential","non-essential","non-essential","non-essential"
"1607","unnamed_gene_706","non-essential","non-essential","non-essential","non-essential","non-essential"
"1608","unnamed_gene_709","non-essential","non-essential","non-essential","non-essential","non-essential"
"1609","unnamed_gene_710","non-essential","non-essential","non-essential","non-essential","non-essential"
"1610","unnamed_gene_711","non-essential","non-essential","non-essential","non-essential","non-essential"
"1611","unnamed_gene_712","non-essential","non-essential","non-essential","non-essential","non-essential"
"1612","unnamed_gene_713","non-essential","non-essential","non-essential","non-essential","non-essential"
"1613","unnamed_gene_714","non-essential","non-essential","non-essential","non-essential","non-essential"
"1614","unnamed_gene_715","non-essential","non-essential","non-essential","essential","non-essential"
"1615","unnamed_gene_716","non-essential","non-essential","non-essential","non-essential","non-essential"
"1616","unnamed_gene_717","non-essential","non-essential","non-essential","non-essential","non-essential"
"1617","unnamed_gene_718","non-essential","non-essential","non-essential","non-essential","non-essential"
"1618","unnamed_gene_719","non-essential","non-essential","non-essential","non-essential","non-essential"
"1619","unnamed_gene_720","non-essential","non-essential","non-essential","non-essential","non-essential"
"1620","pqaA","non-essential","non-essential","non-essential","non-essential","non-essential"
"1621","unnamed_gene_722","non-essential","non-essential","non-essential","non-essential","non-essential"
"1622","unnamed_gene_723","non-essential","non-essential","non-essential","non-essential","non-essential"
"1623","unnamed_gene_724","non-essential","non-essential","non-essential","non-essential","non-essential"
"1624","unnamed_gene_725","non-essential","non-essential","non-essential","non-essential","non-essential"
"1625","unnamed_gene_726","non-essential","non-essential","non-essential","non-essential","non-essential"
"1626","unnamed_gene_727","non-essential","non-essential","non-essential","non-essential","non-essential"
"1627","unnamed_gene_728","non-essential","non-essential","non-essential","non-essential","non-essential"
"1628","unnamed_gene_729","non-essential","non-essential","non-essential","non-essential","non-essential"
"1629","unnamed_gene_730","non-essential","non-essential","non-essential","non-essential","non-essential"
"1630","unnamed_gene_731","non-essential","non-essential","non-essential","non-essential","non-essential"
"1631","unnamed_gene_732","non-essential","non-essential","non-essential","non-essential","non-essential"
"1632","unnamed_gene_733","non-essential","non-essential","non-essential","non-essential","non-essential"
"1633","unnamed_gene_734","non-essential","non-essential","non-essential","non-essential","non-essential"
"1634","unnamed_gene_735","essential","non-essential","non-essential","essential","essential"
"1635","unnamed_gene_736","non-essential","non-essential","non-essential","non-essential","non-essential"
"1636","unnamed_gene_737","non-essential","non-essential","non-essential","non-essential","non-essential"
"1637","unnamed_gene_738","non-essential","non-essential","non-essential","non-essential","non-essential"
"1638","unnamed_gene_739","non-essential","non-essential","non-essential","non-essential","non-essential"
"1639","unnamed_gene_740","essential","non-essential","non-essential","essential","non-essential"
"1640","unnamed_gene_741","non-essential","non-essential","non-essential","non-essential","non-essential"
"1641","unnamed_gene_742","non-essential","non-essential","non-essential","non-essential","non-essential"
"1642","hdeB","non-essential","non-essential","non-essential","non-essential","non-essential"
"1643","osmC","non-essential","non-essential","non-essential","non-essential","non-essential"
"1644","rpsV","non-essential","non-essential","non-essential","non-essential","non-essential"
"1645","sfcA","non-essential","non-essential","non-essential","non-essential","non-essential"
"1646","unnamed_gene_743","non-essential","non-essential","non-essential","non-essential","non-essential"
"1647","adhP","non-essential","non-essential","non-essential","non-essential","non-essential"
"1648","fdnI","non-essential","non-essential","non-essential","non-essential","non-essential"
"1649","fdnH","non-essential","non-essential","non-essential","non-essential","non-essential"
"1650","fdnG","non-essential","non-essential","non-essential","essential","non-essential"
"1651","unnamed_gene_744","non-essential","non-essential","non-essential","non-essential","non-essential"
"1652","unnamed_gene_745","non-essential","non-essential","non-essential","non-essential","non-essential"
"1653","nmpC","non-essential","non-essential","non-essential","non-essential","non-essential"
"1654","unnamed_gene_746","non-essential","non-essential","non-essential","non-essential","non-essential"
"1655","smvA","non-essential","non-essential","non-essential","non-essential","non-essential"
"1656","unnamed_gene_747","non-essential","non-essential","non-essential","non-essential","non-essential"
"1657","unnamed_gene_748","non-essential","non-essential","essential","non-essential","non-essential"
"1658","narU","non-essential","non-essential","non-essential","non-essential","non-essential"
"1659","unnamed_gene_749","non-essential","non-essential","essential","non-essential","non-essential"
"1660","narZ","essential","non-essential","non-essential","non-essential","non-essential"
"1661","narY","non-essential","non-essential","non-essential","non-essential","non-essential"
"1662","narW","non-essential","non-essential","non-essential","non-essential","non-essential"
"1663","narV","non-essential","non-essential","non-essential","non-essential","non-essential"
"1664","yddE","non-essential","non-essential","non-essential","non-essential","non-essential"
"1665","nhoA","non-essential","non-essential","non-essential","non-essential","non-essential"
"1666","unnamed_gene_750","non-essential","non-essential","non-essential","non-essential","non-essential"
"1667","unnamed_gene_751","non-essential","non-essential","non-essential","non-essential","non-essential"
"1668","unnamed_gene_752","non-essential","non-essential","non-essential","non-essential","non-essential"
"1669","unnamed_gene_753","non-essential","non-essential","non-essential","non-essential","non-essential"
"1670","unnamed_gene_754","non-essential","non-essential","non-essential","non-essential","non-essential"
"1671","ansP","non-essential","non-essential","non-essential","non-essential","non-essential"
"1672","unnamed_gene_755","non-essential","non-essential","non-essential","non-essential","non-essential"
"1673","unnamed_gene_756","non-essential","non-essential","non-essential","non-essential","non-essential"
"1674","unnamed_gene_757","non-essential","non-essential","essential","non-essential","non-essential"
"1675","yncD","non-essential","non-essential","non-essential","non-essential","non-essential"
"1676","yncC","non-essential","non-essential","non-essential","non-essential","non-essential"
"1677","unnamed_gene_758","non-essential","non-essential","non-essential","non-essential","non-essential"
"1678","unnamed_gene_759","non-essential","non-essential","non-essential","non-essential","non-essential"
"1679","yncB","non-essential","non-essential","non-essential","non-essential","non-essential"
"1680","yncA","non-essential","non-essential","non-essential","non-essential","non-essential"
"1681","ydcZ","non-essential","non-essential","non-essential","non-essential","non-essential"
"1682","ydcY","non-essential","non-essential","non-essential","non-essential","non-essential"
"1683","srfA","non-essential","non-essential","non-essential","non-essential","non-essential"
"1684","srfB","non-essential","non-essential","non-essential","non-essential","non-essential"
"1685","srfC","non-essential","non-essential","non-essential","essential","non-essential"
"1686","ydcX","non-essential","non-essential","non-essential","non-essential","non-essential"
"1687","unnamed_gene_760","non-essential","non-essential","essential","non-essential","non-essential"
"1688","unnamed_gene_761","non-essential","non-essential","essential","non-essential","non-essential"
"1689","ydcW","non-essential","non-essential","non-essential","non-essential","non-essential"
"1690","ydcR","non-essential","non-essential","non-essential","non-essential","non-essential"
"1691","pdgL","non-essential","non-essential","non-essential","non-essential","non-essential"
"1692","ugtL","non-essential","non-essential","non-essential","non-essential","non-essential"
"1693","unnamed_gene_763","non-essential","non-essential","essential","non-essential","non-essential"
"1694","sifB","non-essential","non-essential","non-essential","non-essential","non-essential"
"1695","yncJ","non-essential","non-essential","non-essential","non-essential","non-essential"
"1696","ydcP","non-essential","non-essential","non-essential","essential","non-essential"
"1697","ydcN","non-essential","non-essential","non-essential","non-essential","non-essential"
"1698","unnamed_gene_764","essential","non-essential","non-essential","essential","non-essential"
"1699","unnamed_gene_765","non-essential","non-essential","non-essential","non-essential","non-essential"
"1700","tehB","non-essential","non-essential","non-essential","non-essential","non-essential"
"1701","tehA","non-essential","non-essential","non-essential","non-essential","non-essential"
"1702","ydcK","non-essential","non-essential","non-essential","non-essential","non-essential"
"1703","rimL","non-essential","non-essential","non-essential","non-essential","non-essential"
"1704","unnamed_gene_766","non-essential","non-essential","essential","non-essential","non-essential"
"1705","unnamed_gene_767","non-essential","non-essential","non-essential","non-essential","non-essential"
"1706","unnamed_gene_768","non-essential","non-essential","non-essential","non-essential","non-essential"
"1707","unnamed_gene_769","non-essential","non-essential","non-essential","non-essential","non-essential"
"1708","unnamed_gene_770","non-essential","non-essential","non-essential","non-essential","non-essential"
"1709","unnamed_gene_771","non-essential","non-essential","non-essential","non-essential","non-essential"
"1710","unnamed_gene_772","non-essential","non-essential","non-essential","non-essential","non-essential"
"1711","unnamed_gene_773","non-essential","non-essential","non-essential","non-essential","non-essential"
"1712","unnamed_gene_774","non-essential","non-essential","non-essential","non-essential","non-essential"
"1713","unnamed_gene_777","non-essential","non-essential","non-essential","non-essential","non-essential"
"1714","mdoD","non-essential","non-essential","non-essential","non-essential","non-essential"
"1715","unnamed_gene_778","non-essential","non-essential","non-essential","non-essential","non-essential"
"1716","unnamed_gene_779","non-essential","non-essential","non-essential","non-essential","non-essential"
"1717","ydcI","non-essential","non-essential","non-essential","non-essential","non-essential"
"1718","trg","non-essential","non-essential","non-essential","essential","non-essential"
"1719","unnamed_gene_780","non-essential","non-essential","non-essential","non-essential","non-essential"
"1720","unnamed_gene_781","non-essential","non-essential","non-essential","non-essential","non-essential"
"1721","unnamed_gene_782","non-essential","non-essential","non-essential","non-essential","non-essential"
"1722","unnamed_gene_783","non-essential","non-essential","non-essential","non-essential","non-essential"
"1723","unnamed_gene_784","essential","non-essential","non-essential","essential","non-essential"
"1724","unnamed_gene_785","non-essential","non-essential","essential","non-essential","non-essential"
"1725","unnamed_gene_786","non-essential","non-essential","essential","non-essential","non-essential"
"1726","sseJ","non-essential","non-essential","non-essential","essential","non-essential"
"1727","unnamed_gene_788","non-essential","non-essential","essential","non-essential","non-essential"
"1728","unnamed_gene_789","non-essential","non-essential","non-essential","non-essential","non-essential"
"1729","unnamed_gene_790","non-essential","non-essential","non-essential","non-essential","non-essential"
"1730","unnamed_gene_791","non-essential","non-essential","non-essential","non-essential","non-essential"
"1731","unnamed_gene_792","non-essential","non-essential","non-essential","non-essential","non-essential"
"1732","unnamed_gene_793","non-essential","non-essential","non-essential","non-essential","non-essential"
"1733","unnamed_gene_794","non-essential","non-essential","non-essential","non-essential","non-essential"
"1734","cybB","non-essential","non-essential","non-essential","non-essential","non-essential"
"1735","ydcF","non-essential","non-essential","non-essential","non-essential","non-essential"
"1736","hrpA","non-essential","non-essential","non-essential","non-essential","non-essential"
"1737","acpD","non-essential","non-essential","non-essential","non-essential","non-essential"
"1738","unnamed_gene_795","non-essential","non-essential","non-essential","non-essential","non-essential"
"1739","ydbL","non-essential","non-essential","non-essential","non-essential","non-essential"
"1740","ynbE","non-essential","non-essential","non-essential","non-essential","non-essential"
"1741","ydbH","non-essential","non-essential","non-essential","non-essential","non-essential"
"1742","ldhA","non-essential","non-essential","non-essential","non-essential","non-essential"
"1743","hslJ","non-essential","non-essential","non-essential","non-essential","non-essential"
"1744","unnamed_gene_796","non-essential","non-essential","non-essential","non-essential","non-essential"
"1745","unnamed_gene_797","non-essential","non-essential","non-essential","non-essential","non-essential"
"1746","nifJ","non-essential","non-essential","non-essential","non-essential","non-essential"
"1747","unnamed_gene_798","non-essential","non-essential","non-essential","non-essential","non-essential"
"1748","ynaF","non-essential","non-essential","non-essential","non-essential","non-essential"
"1749","unnamed_gene_799","non-essential","non-essential","non-essential","non-essential","non-essential"
"1750","unnamed_gene_800","non-essential","non-essential","non-essential","non-essential","non-essential"
"1751","ydaO","non-essential","non-essential","non-essential","non-essential","non-essential"
"1752","dbpA","non-essential","non-essential","non-essential","non-essential","non-essential"
"1753","zntB","non-essential","non-essential","non-essential","non-essential","non-essential"
"1754","unnamed_gene_801","non-essential","non-essential","non-essential","non-essential","non-essential"
"1755","unnamed_gene_802","non-essential","non-essential","non-essential","non-essential","non-essential"
"1756","ydaL","non-essential","non-essential","non-essential","non-essential","non-essential"
"1757","ogt","non-essential","non-essential","non-essential","non-essential","non-essential"
"1758","fnr","non-essential","non-essential","non-essential","non-essential","non-essential"
"1759","ydaA","non-essential","non-essential","non-essential","non-essential","non-essential"
"1760","ynaJ","non-essential","non-essential","non-essential","non-essential","non-essential"
"1761","unnamed_gene_803","non-essential","non-essential","non-essential","non-essential","non-essential"
"1762","unnamed_gene_804","non-essential","non-essential","non-essential","non-essential","non-essential"
"1763","unnamed_gene_805","non-essential","non-essential","non-essential","non-essential","non-essential"
"1764","unnamed_gene_806","non-essential","non-essential","non-essential","non-essential","non-essential"
"1765","unnamed_gene_807","non-essential","non-essential","non-essential","non-essential","non-essential"
"1766","unnamed_gene_808","non-essential","non-essential","non-essential","non-essential","non-essential"
"1767","unnamed_gene_809","non-essential","non-essential","non-essential","non-essential","non-essential"
"1768","unnamed_gene_810","non-essential","non-essential","non-essential","non-essential","non-essential"
"1769","unnamed_gene_811","non-essential","non-essential","non-essential","non-essential","non-essential"
"1770","unnamed_gene_812","essential","non-essential","non-essential","essential","non-essential"
"1771","unnamed_gene_813","non-essential","non-essential","non-essential","non-essential","non-essential"
"1772","unnamed_gene_814","non-essential","non-essential","non-essential","non-essential","non-essential"
"1773","unnamed_gene_816","non-essential","non-essential","non-essential","non-essential","non-essential"
"1774","unnamed_gene_817","non-essential","non-essential","non-essential","non-essential","non-essential"
"1775","mppA","non-essential","non-essential","non-essential","non-essential","non-essential"
"1776","ycjI","non-essential","non-essential","non-essential","non-essential","non-essential"
"1777","ycjG","non-essential","non-essential","non-essential","non-essential","non-essential"
"1778","tpx","non-essential","non-essential","non-essential","non-essential","non-essential"
"1779","tyrR","non-essential","non-essential","non-essential","non-essential","non-essential"
"1780","ycjF","non-essential","non-essential","non-essential","non-essential","non-essential"
"1781","ycjX","non-essential","non-essential","non-essential","non-essential","non-essential"
"1782","pspE","non-essential","non-essential","non-essential","non-essential","non-essential"
"1783","pspD","non-essential","non-essential","non-essential","non-essential","non-essential"
"1784","pspC","non-essential","non-essential","non-essential","non-essential","non-essential"
"1785","pspB","non-essential","non-essential","non-essential","non-essential","non-essential"
"1786","pspA","non-essential","non-essential","non-essential","non-essential","non-essential"
"1787","pspF","non-essential","non-essential","non-essential","non-essential","non-essential"
"1788","sapA","essential","non-essential","non-essential","non-essential","non-essential"
"1789","sapB","essential","non-essential","non-essential","non-essential","non-essential"
"1790","sapC","non-essential","non-essential","non-essential","non-essential","non-essential"
"1791","sapD","essential","non-essential","non-essential","essential","essential"
"1792","sapF","non-essential","non-essential","non-essential","non-essential","non-essential"
"1793","unnamed_gene_819","non-essential","non-essential","non-essential","non-essential","non-essential"
"1794","unnamed_gene_820","non-essential","non-essential","non-essential","non-essential","non-essential"
"1795","unnamed_gene_822","non-essential","non-essential","non-essential","non-essential","non-essential"
"1796","unnamed_gene_823","non-essential","non-essential","non-essential","non-essential","non-essential"
"1797","ycjE","non-essential","non-essential","non-essential","non-essential","essential"
"1798","fabI","essential","essential","essential","essential","essential"
"1799","unnamed_gene_824","non-essential","non-essential","essential","non-essential","essential"
"1800","yciW","non-essential","non-essential","non-essential","non-essential","non-essential"
"1801","rnb","essential","non-essential","non-essential","non-essential","non-essential"
"1802","unnamed_gene_825","non-essential","non-essential","essential","non-essential","non-essential"
"1803","yciR","non-essential","non-essential","non-essential","non-essential","non-essential"
"1804","unnamed_gene_826","non-essential","non-essential","non-essential","non-essential","non-essential"
"1805","yciT","non-essential","non-essential","non-essential","non-essential","non-essential"
"1806","unnamed_gene_827","non-essential","non-essential","non-essential","non-essential","non-essential"
"1807","yciH","non-essential","non-essential","non-essential","non-essential","non-essential"
"1808","pyrF","non-essential","non-essential","non-essential","essential","non-essential"
"1809","unnamed_gene_828","non-essential","non-essential","non-essential","non-essential","non-essential"
"1810","yciM","essential","non-essential","non-essential","essential","non-essential"
"1811","yciS","non-essential","non-essential","non-essential","non-essential","non-essential"
"1812","pgpB","non-essential","non-essential","non-essential","non-essential","non-essential"
"1813","ribA","essential","essential","essential","essential","non-essential"
"1814","acnA","non-essential","non-essential","non-essential","non-essential","non-essential"
"1815","unnamed_gene_829","non-essential","non-essential","non-essential","non-essential","non-essential"
"1816","cysB","non-essential","non-essential","non-essential","essential","non-essential"
"1817","unnamed_gene_830","non-essential","non-essential","essential","non-essential","non-essential"
"1818","topA","essential","essential","essential","essential","essential"
"1819","unnamed_gene_832","non-essential","non-essential","non-essential","non-essential","essential"
"1820","yciN","non-essential","non-essential","non-essential","non-essential","non-essential"
"1821","sohB","essential","non-essential","non-essential","non-essential","non-essential"
"1822","unnamed_gene_833","non-essential","non-essential","non-essential","non-essential","non-essential"
"1823","yciK","non-essential","non-essential","non-essential","non-essential","non-essential"
"1824","btuR","non-essential","non-essential","non-essential","non-essential","non-essential"
"1825","yciL","non-essential","non-essential","non-essential","non-essential","non-essential"
"1826","yciO","non-essential","non-essential","non-essential","non-essential","non-essential"
"1827","trpH","non-essential","non-essential","non-essential","non-essential","non-essential"
"1828","trpL","non-essential","non-essential","essential","non-essential","non-essential"
"1829","trpE","non-essential","non-essential","non-essential","non-essential","non-essential"
"1830","trpD","non-essential","non-essential","non-essential","non-essential","non-essential"
"1831","trpC","non-essential","non-essential","non-essential","essential","non-essential"
"1832","trpB","non-essential","non-essential","non-essential","non-essential","non-essential"
"1833","trpA","non-essential","non-essential","non-essential","non-essential","non-essential"
"1834","yciG","non-essential","non-essential","non-essential","non-essential","non-essential"
"1835","yciF","non-essential","non-essential","non-essential","non-essential","non-essential"
"1836","yciE","non-essential","non-essential","non-essential","non-essential","non-essential"
"1837","unnamed_gene_834","non-essential","non-essential","non-essential","non-essential","non-essential"
"1838","ompW","non-essential","non-essential","non-essential","non-essential","non-essential"
"1839","unnamed_gene_835","non-essential","non-essential","non-essential","non-essential","non-essential"
"1840","yciC","non-essential","non-essential","non-essential","non-essential","non-essential"
"1841","yciB","non-essential","non-essential","non-essential","non-essential","non-essential"
"1842","yciA","non-essential","non-essential","non-essential","non-essential","non-essential"
"1843","tonB","essential","non-essential","non-essential","essential","non-essential"
"1844","yciI","non-essential","non-essential","non-essential","non-essential","non-essential"
"1845","unnamed_gene_836","non-essential","non-essential","non-essential","non-essential","non-essential"
"1846","cls","non-essential","non-essential","non-essential","non-essential","non-essential"
"1847","unnamed_gene_837","non-essential","non-essential","non-essential","non-essential","non-essential"
"1848","oppF","non-essential","non-essential","non-essential","non-essential","non-essential"
"1849","oppD","non-essential","non-essential","non-essential","non-essential","non-essential"
"1850","oppC","non-essential","non-essential","non-essential","non-essential","non-essential"
"1851","oppB","non-essential","non-essential","non-essential","non-essential","non-essential"
"1852","oppA","non-essential","non-essential","non-essential","non-essential","non-essential"
"1853","unnamed_gene_838","non-essential","non-essential","non-essential","non-essential","non-essential"
"1854","ychE","non-essential","non-essential","non-essential","non-essential","non-essential"
"1855","adhE","essential","non-essential","non-essential","non-essential","non-essential"
"1856","tdk_2","non-essential","non-essential","non-essential","non-essential","non-essential"
"1857","unnamed_gene_840","non-essential","non-essential","non-essential","non-essential","non-essential"
"1858","galU","essential","essential","essential","essential","essential"
"1859","hnr","essential","essential","non-essential","essential","essential"
"1860","ychK","essential","non-essential","non-essential","non-essential","non-essential"
"1861","ychJ","non-essential","non-essential","non-essential","non-essential","non-essential"
"1862","purU","non-essential","non-essential","non-essential","non-essential","non-essential"
"1863","unnamed_gene_841","non-essential","non-essential","essential","non-essential","non-essential"
"1864","tyrT","non-essential","non-essential","non-essential","non-essential","non-essential"
"1865","rtT","non-essential","non-essential","non-essential","non-essential","non-essential"
"1866","tyrV","non-essential","non-essential","non-essential","non-essential","non-essential"
"1867","unnamed_gene_842","non-essential","non-essential","non-essential","non-essential","non-essential"
"1868","unnamed_gene_843","non-essential","non-essential","non-essential","non-essential","non-essential"
"1869","narI","non-essential","non-essential","non-essential","non-essential","non-essential"
"1870","narJ","essential","non-essential","non-essential","non-essential","non-essential"
"1871","narH","non-essential","non-essential","non-essential","non-essential","non-essential"
"1872","narG","essential","non-essential","non-essential","essential","essential"
"1873","unnamed_gene_844","non-essential","non-essential","non-essential","non-essential","non-essential"
"1874","narK","non-essential","non-essential","non-essential","non-essential","non-essential"
"1875","unnamed_gene_845","non-essential","non-essential","non-essential","non-essential","non-essential"
"1876","narX","non-essential","non-essential","non-essential","non-essential","non-essential"
"1877","narL","non-essential","non-essential","non-essential","non-essential","non-essential"
"1878","ychP","non-essential","non-essential","non-essential","non-essential","non-essential"
"1879","ychN","non-essential","non-essential","non-essential","non-essential","non-essential"
"1880","chaB","non-essential","non-essential","non-essential","non-essential","non-essential"
"1881","chaA","non-essential","non-essential","non-essential","non-essential","non-essential"
"1882","kdsA","essential","essential","essential","essential","essential"
"1883","ychA","essential","essential","non-essential","essential","essential"
"1884","sirC","non-essential","non-essential","non-essential","non-essential","non-essential"
"1885","hemK","non-essential","non-essential","non-essential","non-essential","essential"
"1886","prfA","essential","essential","essential","essential","essential"
"1887","hemA","essential","essential","essential","essential","essential"
"1888","unnamed_gene_846","non-essential","non-essential","non-essential","non-essential","non-essential"
"1889","lolB","essential","essential","essential","essential","essential"
"1890","ipk","essential","essential","essential","essential","essential"
"1891","unnamed_gene_847","non-essential","non-essential","essential","non-essential","essential"
"1892","unnamed_gene_848","non-essential","non-essential","essential","non-essential","essential"
"1893","prsA","essential","non-essential","non-essential","essential","essential"
"1894","ychM","essential","non-essential","non-essential","non-essential","non-essential"
"1895","ychH","non-essential","non-essential","essential","non-essential","non-essential"
"1896","pth","essential","essential","essential","essential","essential"
"1897","ychF","non-essential","non-essential","non-essential","non-essential","non-essential"
"1898","unnamed_gene_849","non-essential","non-essential","non-essential","non-essential","non-essential"
"1899","unnamed_gene_850","non-essential","non-essential","non-essential","non-essential","non-essential"
"1900","unnamed_gene_851","non-essential","non-essential","non-essential","non-essential","non-essential"
"1901","unnamed_gene_852","non-essential","non-essential","non-essential","non-essential","non-essential"
"1902","unnamed_gene_853","non-essential","non-essential","non-essential","non-essential","non-essential"
"1903","unnamed_gene_854","non-essential","non-essential","non-essential","non-essential","non-essential"
"1904","unnamed_gene_855","non-essential","non-essential","non-essential","non-essential","non-essential"
"1905","unnamed_gene_856","non-essential","non-essential","non-essential","non-essential","non-essential"
"1906","unnamed_gene_857","non-essential","non-essential","non-essential","non-essential","non-essential"
"1907","unnamed_gene_858","non-essential","non-essential","non-essential","non-essential","non-essential"
"1908","unnamed_gene_859","non-essential","non-essential","non-essential","non-essential","non-essential"
"1909","unnamed_gene_860","non-essential","non-essential","essential","non-essential","essential"
"1910","unnamed_gene_861","non-essential","non-essential","non-essential","non-essential","non-essential"
"1911","unnamed_gene_862","non-essential","non-essential","essential","non-essential","non-essential"
"1912","treA","essential","non-essential","non-essential","non-essential","non-essential"
"1913","ymgE","non-essential","non-essential","non-essential","non-essential","non-essential"
"1914","ycgR","essential","non-essential","non-essential","non-essential","non-essential"
"1915","emtA","non-essential","non-essential","non-essential","non-essential","non-essential"
"1916","ldcA","non-essential","non-essential","non-essential","non-essential","non-essential"
"1917","ycgO","essential","non-essential","non-essential","non-essential","non-essential"
"1918","dadX","non-essential","non-essential","non-essential","non-essential","non-essential"
"1919","dadA","non-essential","non-essential","non-essential","non-essential","non-essential"
"1920","unnamed_gene_863","non-essential","non-essential","non-essential","non-essential","non-essential"
"1921","ycgB","non-essential","non-essential","non-essential","non-essential","non-essential"
"1922","fadR","non-essential","non-essential","non-essential","non-essential","non-essential"
"1923","nhaB","non-essential","non-essential","non-essential","non-essential","non-essential"
"1924","dsbB","non-essential","non-essential","non-essential","non-essential","non-essential"
"1925","unnamed_gene_864","non-essential","non-essential","non-essential","non-essential","non-essential"
"1926","unnamed_gene_865","non-essential","non-essential","non-essential","non-essential","non-essential"
"1927","unnamed_gene_866","non-essential","non-essential","non-essential","non-essential","non-essential"
"1928","unnamed_gene_867","non-essential","non-essential","non-essential","non-essential","non-essential"
"1929","unnamed_gene_868","non-essential","non-essential","essential","non-essential","non-essential"
"1930","ycgM","non-essential","non-essential","non-essential","non-essential","non-essential"
"1931","ycgL","non-essential","non-essential","non-essential","non-essential","non-essential"
"1932","minC","non-essential","non-essential","non-essential","non-essential","essential"
"1933","minD","non-essential","non-essential","non-essential","non-essential","essential"
"1934","minE","non-essential","non-essential","non-essential","non-essential","non-essential"
"1935","rnd","non-essential","non-essential","non-essential","non-essential","non-essential"
"1936","fadD","non-essential","non-essential","non-essential","non-essential","non-essential"
"1937","unnamed_gene_870","non-essential","non-essential","essential","non-essential","non-essential"
"1938","slp","non-essential","non-essential","non-essential","non-essential","non-essential"
"1939","yeaZ","essential","essential","essential","essential","essential"
"1940","yoaA","essential","non-essential","non-essential","non-essential","non-essential"
"1941","yoaB","non-essential","non-essential","non-essential","non-essential","non-essential"
"1942","yoaH","non-essential","non-essential","essential","non-essential","non-essential"
"1943","pabB","non-essential","non-essential","non-essential","essential","non-essential"
"1944","yeaB","non-essential","non-essential","non-essential","non-essential","non-essential"
"1945","sdaA","non-essential","non-essential","non-essential","non-essential","non-essential"
"1946","unnamed_gene_871","non-essential","non-essential","non-essential","non-essential","non-essential"
"1947","yoaE","non-essential","non-essential","non-essential","non-essential","non-essential"
"1948","unnamed_gene_872","non-essential","non-essential","non-essential","non-essential","non-essential"
"1949","manX","non-essential","non-essential","non-essential","non-essential","non-essential"
"1950","manY","non-essential","non-essential","non-essential","non-essential","non-essential"
"1951","manZ","non-essential","non-essential","non-essential","non-essential","non-essential"
"1952","unnamed_gene_873","non-essential","non-essential","non-essential","non-essential","non-essential"
"1953","yebN","non-essential","non-essential","non-essential","non-essential","non-essential"
"1954","rrmA","non-essential","non-essential","non-essential","non-essential","non-essential"
"1955","unnamed_gene_874","essential","non-essential","non-essential","essential","non-essential"
"1956","unnamed_gene_875","non-essential","non-essential","essential","non-essential","non-essential"
"1957","cspC","non-essential","non-essential","non-essential","non-essential","non-essential"
"1958","yobF","non-essential","non-essential","non-essential","non-essential","non-essential"
"1959","unnamed_gene_876","non-essential","non-essential","non-essential","non-essential","non-essential"
"1960","unnamed_gene_877","non-essential","non-essential","non-essential","non-essential","non-essential"
"1961","unnamed_gene_878","non-essential","non-essential","non-essential","non-essential","non-essential"
"1962","unnamed_gene_879","non-essential","non-essential","non-essential","non-essential","non-essential"
"1963","yobG","non-essential","non-essential","non-essential","non-essential","non-essential"
"1964","kdgR","non-essential","non-essential","non-essential","non-essential","non-essential"
"1965","unnamed_gene_881","non-essential","non-essential","essential","non-essential","non-essential"
"1966","unnamed_gene_882","non-essential","non-essential","non-essential","non-essential","non-essential"
"1967","htpX","non-essential","non-essential","non-essential","non-essential","non-essential"
"1968","prc","non-essential","non-essential","non-essential","non-essential","non-essential"
"1969","proQ","non-essential","non-essential","non-essential","non-essential","non-essential"
"1970","yebR","non-essential","non-essential","non-essential","non-essential","non-essential"
"1971","yebS","non-essential","non-essential","non-essential","non-essential","non-essential"
"1972","unnamed_gene_883","essential","non-essential","non-essential","non-essential","non-essential"
"1973","yebU","non-essential","non-essential","non-essential","non-essential","non-essential"
"1974","unnamed_gene_884","non-essential","non-essential","non-essential","non-essential","non-essential"
"1975","unnamed_gene_885","non-essential","non-essential","non-essential","non-essential","non-essential"
"1976","yebW","non-essential","non-essential","non-essential","non-essential","non-essential"
"1977","pphA","non-essential","non-essential","non-essential","non-essential","non-essential"
"1978","unnamed_gene_887","non-essential","non-essential","non-essential","non-essential","non-essential"
"1979","sopE2","non-essential","non-essential","non-essential","non-essential","non-essential"
"1980","unnamed_gene_888","non-essential","non-essential","essential","non-essential","non-essential"
"1981","unnamed_gene_889","non-essential","non-essential","non-essential","non-essential","non-essential"
"1982","unnamed_gene_890","non-essential","non-essential","non-essential","non-essential","non-essential"
"1983","unnamed_gene_891","non-essential","non-essential","non-essential","non-essential","non-essential"
"1984","unnamed_gene_892","non-essential","non-essential","non-essential","non-essential","non-essential"
"1985","unnamed_gene_893","non-essential","non-essential","non-essential","non-essential","non-essential"
"1986","unnamed_gene_894","non-essential","non-essential","non-essential","non-essential","non-essential"
"1987","pagO","non-essential","non-essential","non-essential","non-essential","non-essential"
"1988","unnamed_gene_897","non-essential","non-essential","non-essential","non-essential","non-essential"
"1989","unnamed_gene_898","non-essential","non-essential","non-essential","non-essential","non-essential"
"1990","unnamed_gene_902","non-essential","non-essential","non-essential","non-essential","non-essential"
"1991","pagK","non-essential","non-essential","non-essential","non-essential","non-essential"
"1992","unnamed_gene_904","non-essential","non-essential","non-essential","non-essential","non-essential"
"1993","unnamed_gene_905","non-essential","non-essential","essential","non-essential","non-essential"
"1994","unnamed_gene_907","non-essential","non-essential","non-essential","non-essential","non-essential"
"1995","unnamed_gene_908","non-essential","non-essential","non-essential","non-essential","non-essential"
"1996","unnamed_gene_909","non-essential","non-essential","non-essential","non-essential","non-essential"
"1997","unnamed_gene_910","non-essential","non-essential","non-essential","non-essential","non-essential"
"1998","unnamed_gene_911","non-essential","non-essential","non-essential","non-essential","non-essential"
"1999","unnamed_gene_912","non-essential","non-essential","essential","non-essential","non-essential"
"2000","unnamed_gene_913","non-essential","non-essential","essential","non-essential","non-essential"
"2001","unnamed_gene_915","non-essential","non-essential","non-essential","non-essential","non-essential"
"2002","yobA","non-essential","non-essential","non-essential","non-essential","non-essential"
"2003","holE","non-essential","non-essential","non-essential","non-essential","non-essential"
"2004","unnamed_gene_916","non-essential","non-essential","non-essential","non-essential","non-essential"
"2005","exoX","non-essential","non-essential","non-essential","non-essential","non-essential"
"2006","ptrB","non-essential","non-essential","non-essential","non-essential","non-essential"
"2007","yebE","non-essential","non-essential","non-essential","non-essential","non-essential"
"2008","yebF","non-essential","non-essential","non-essential","non-essential","non-essential"
"2009","yebG","non-essential","non-essential","non-essential","non-essential","non-essential"
"2010","purT","essential","non-essential","non-essential","essential","non-essential"
"2011","eda","non-essential","non-essential","non-essential","non-essential","non-essential"
"2012","edd","non-essential","non-essential","non-essential","non-essential","non-essential"
"2013","unnamed_gene_917","non-essential","non-essential","non-essential","non-essential","non-essential"
"2014","zwf","essential","non-essential","non-essential","essential","non-essential"
"2015","unnamed_gene_918","non-essential","non-essential","essential","non-essential","non-essential"
"2016","unnamed_gene_919","non-essential","non-essential","essential","non-essential","non-essential"
"2017","yebK","non-essential","non-essential","non-essential","non-essential","non-essential"
"2018","pykA","essential","non-essential","non-essential","non-essential","non-essential"
"2019","msbB","essential","essential","essential","essential","essential"
"2020","unnamed_gene_920","non-essential","non-essential","non-essential","non-essential","non-essential"
"2021","yebA","non-essential","non-essential","non-essential","non-essential","non-essential"
"2022","znuA","non-essential","non-essential","non-essential","non-essential","non-essential"
"2023","znuC","non-essential","non-essential","non-essential","non-essential","non-essential"
"2024","znuB","non-essential","non-essential","non-essential","non-essential","non-essential"
"2025","ruvB","essential","essential","essential","essential","essential"
"2026","ruvA","non-essential","non-essential","non-essential","non-essential","non-essential"
"2027","unnamed_gene_922","non-essential","non-essential","non-essential","non-essential","non-essential"
"2028","unnamed_gene_923","non-essential","non-essential","non-essential","non-essential","non-essential"
"2029","yebC","non-essential","non-essential","non-essential","non-essential","non-essential"
"2030","ntpA","non-essential","non-essential","non-essential","non-essential","non-essential"
"2031","aspS","essential","essential","essential","essential","essential"
"2032","unnamed_gene_924","non-essential","non-essential","essential","non-essential","essential"
"2033","yecD","non-essential","non-essential","non-essential","non-essential","non-essential"
"2034","yecE","non-essential","non-essential","non-essential","non-essential","non-essential"
"2035","yecN","non-essential","non-essential","non-essential","non-essential","non-essential"
"2036","yecO","non-essential","non-essential","non-essential","non-essential","non-essential"
"2037","yecP","non-essential","non-essential","non-essential","non-essential","non-essential"
"2038","cutC","non-essential","non-essential","non-essential","non-essential","non-essential"
"2039","yecM","non-essential","non-essential","non-essential","non-essential","non-essential"
"2040","unnamed_gene_925","non-essential","non-essential","essential","non-essential","essential"
"2041","argS","essential","essential","essential","essential","essential"
"2042","unnamed_gene_926","non-essential","non-essential","non-essential","non-essential","non-essential"
"2043","unnamed_gene_927","non-essential","non-essential","non-essential","non-essential","non-essential"
"2044","unnamed_gene_928","non-essential","non-essential","non-essential","non-essential","non-essential"
"2045","flhE","non-essential","non-essential","non-essential","non-essential","non-essential"
"2046","flhA","essential","non-essential","non-essential","non-essential","non-essential"
"2047","flhB","non-essential","non-essential","non-essential","non-essential","non-essential"
"2048","unnamed_gene_929","non-essential","non-essential","non-essential","non-essential","non-essential"
"2049","cheZ","non-essential","non-essential","non-essential","non-essential","non-essential"
"2050","cheY","non-essential","non-essential","non-essential","non-essential","non-essential"
"2051","cheB","non-essential","non-essential","non-essential","non-essential","non-essential"
"2052","cheR","non-essential","non-essential","non-essential","non-essential","non-essential"
"2053","cheM","non-essential","non-essential","non-essential","non-essential","non-essential"
"2054","cheW","non-essential","non-essential","non-essential","non-essential","non-essential"
"2055","cheA","non-essential","non-essential","non-essential","non-essential","non-essential"
"2056","motB","non-essential","non-essential","non-essential","non-essential","non-essential"
"2057","motA","non-essential","non-essential","non-essential","non-essential","non-essential"
"2058","unnamed_gene_930","non-essential","non-essential","non-essential","non-essential","non-essential"
"2059","flhC","non-essential","non-essential","non-essential","non-essential","non-essential"
"2060","unnamed_gene_931","non-essential","non-essential","non-essential","non-essential","non-essential"
"2061","unnamed_gene_932","non-essential","non-essential","non-essential","non-essential","non-essential"
"2062","otsA","non-essential","non-essential","non-essential","non-essential","non-essential"
"2063","otsB","non-essential","non-essential","non-essential","non-essential","non-essential"
"2064","unnamed_gene_933","non-essential","non-essential","non-essential","non-essential","non-essential"
"2065","araH","non-essential","non-essential","non-essential","non-essential","non-essential"
"2066","unnamed_gene_934","non-essential","non-essential","non-essential","non-essential","non-essential"
"2067","ftnB","non-essential","non-essential","non-essential","non-essential","non-essential"
"2068","unnamed_gene_935","non-essential","non-essential","non-essential","non-essential","non-essential"
"2069","unnamed_gene_936","non-essential","non-essential","non-essential","non-essential","non-essential"
"2070","yecH","non-essential","non-essential","non-essential","non-essential","non-essential"
"2071","tyrP","non-essential","non-essential","non-essential","non-essential","non-essential"
"2072","yecA","non-essential","non-essential","non-essential","non-essential","non-essential"
"2073","unnamed_gene_939","non-essential","non-essential","non-essential","non-essential","non-essential"
"2074","leuZ","non-essential","non-essential","essential","non-essential","non-essential"
"2075","cysT","non-essential","non-essential","essential","non-essential","non-essential"
"2076","glyW","non-essential","non-essential","non-essential","non-essential","non-essential"
"2077","pgsA","essential","essential","essential","essential","essential"
"2078","uvrC","essential","non-essential","non-essential","essential","essential"
"2079","uvrY","non-essential","non-essential","non-essential","non-essential","non-essential"
"2080","unnamed_gene_940","non-essential","non-essential","non-essential","non-essential","non-essential"
"2081","yecF","non-essential","non-essential","non-essential","non-essential","non-essential"
"2082","sdiA","non-essential","non-essential","non-essential","non-essential","non-essential"
"2083","yecC","non-essential","non-essential","non-essential","non-essential","non-essential"
"2084","yecS","non-essential","non-essential","non-essential","non-essential","non-essential"
"2085","yedO","non-essential","non-essential","non-essential","non-essential","non-essential"
"2086","fliY","non-essential","non-essential","non-essential","non-essential","non-essential"
"2087","fliZ","non-essential","non-essential","non-essential","non-essential","non-essential"
"2088","fliA","non-essential","non-essential","non-essential","non-essential","non-essential"
"2089","fliB","non-essential","non-essential","non-essential","non-essential","non-essential"
"2090","fliC","non-essential","non-essential","non-essential","non-essential","non-essential"
"2091","unnamed_gene_942","non-essential","non-essential","non-essential","non-essential","non-essential"
"2092","fliD","non-essential","non-essential","non-essential","non-essential","non-essential"
"2093","fliS","non-essential","non-essential","non-essential","non-essential","non-essential"
"2094","fliT","non-essential","non-essential","non-essential","non-essential","non-essential"
"2095","amyA","non-essential","non-essential","non-essential","non-essential","non-essential"
"2096","yedD","non-essential","non-essential","non-essential","non-essential","non-essential"
"2097","yedE","non-essential","non-essential","non-essential","non-essential","non-essential"
"2098","yedF","non-essential","non-essential","non-essential","non-essential","non-essential"
"2099","fliE","non-essential","non-essential","non-essential","non-essential","non-essential"
"2100","unnamed_gene_944","non-essential","non-essential","non-essential","non-essential","non-essential"
"2101","fliF","non-essential","non-essential","non-essential","non-essential","non-essential"
"2102","fliG","non-essential","non-essential","non-essential","non-essential","non-essential"
"2103","fliH","non-essential","non-essential","non-essential","non-essential","non-essential"
"2104","fliI","non-essential","non-essential","non-essential","non-essential","non-essential"
"2105","fliK","non-essential","non-essential","non-essential","non-essential","non-essential"
"2106","fliL","non-essential","non-essential","non-essential","non-essential","non-essential"
"2107","fliM","non-essential","non-essential","non-essential","non-essential","non-essential"
"2108","fliN","non-essential","non-essential","non-essential","non-essential","non-essential"
"2109","fliO","non-essential","non-essential","non-essential","non-essential","non-essential"
"2110","fliP","non-essential","non-essential","non-essential","non-essential","non-essential"
"2111","fliQ","non-essential","non-essential","non-essential","non-essential","non-essential"
"2112","fliR","non-essential","non-essential","non-essential","non-essential","non-essential"
"2113","rcsA","non-essential","non-essential","non-essential","non-essential","non-essential"
"2114","dsrB","non-essential","non-essential","non-essential","non-essential","non-essential"
"2115","yodD","non-essential","non-essential","non-essential","non-essential","non-essential"
"2116","dsrA","non-essential","non-essential","non-essential","non-essential","non-essential"
"2117","yedP","non-essential","non-essential","non-essential","non-essential","non-essential"
"2118","unnamed_gene_945","non-essential","non-essential","non-essential","non-essential","non-essential"
"2119","unnamed_gene_946","non-essential","non-essential","non-essential","non-essential","non-essential"
"2120","yedI","non-essential","non-essential","non-essential","non-essential","non-essential"
"2121","unnamed_gene_947","non-essential","non-essential","non-essential","non-essential","non-essential"
"2122","yedA","non-essential","non-essential","non-essential","non-essential","non-essential"
"2123","dcm","essential","non-essential","non-essential","essential","non-essential"
"2124","yedJ","non-essential","non-essential","non-essential","non-essential","non-essential"
"2125","unnamed_gene_948","non-essential","non-essential","non-essential","non-essential","non-essential"
"2126","unnamed_gene_949","non-essential","non-essential","non-essential","non-essential","non-essential"
"2127","ompS","non-essential","non-essential","non-essential","non-essential","non-essential"
"2128","unnamed_gene_950","non-essential","non-essential","non-essential","non-essential","non-essential"
"2129","cspB","non-essential","non-essential","non-essential","non-essential","non-essential"
"2130","unnamed_gene_951","non-essential","non-essential","non-essential","non-essential","non-essential"
"2131","umuC","non-essential","non-essential","non-essential","non-essential","non-essential"
"2132","umuD","non-essential","non-essential","non-essential","non-essential","non-essential"
"2133","unnamed_gene_952","non-essential","non-essential","non-essential","non-essential","non-essential"
"2134","unnamed_gene_953","non-essential","non-essential","non-essential","non-essential","non-essential"
"2135","serU","non-essential","non-essential","non-essential","non-essential","non-essential"
"2136","unnamed_gene_955","non-essential","non-essential","non-essential","essential","non-essential"
"2137","unnamed_gene_959","non-essential","non-essential","non-essential","non-essential","non-essential"
"2138","unnamed_gene_960","non-essential","non-essential","non-essential","non-essential","non-essential"
"2139","unnamed_gene_961","non-essential","non-essential","non-essential","non-essential","non-essential"
"2140","unnamed_gene_962","non-essential","non-essential","non-essential","non-essential","non-essential"
"2141","unnamed_gene_963","non-essential","non-essential","non-essential","non-essential","non-essential"
"2142","unnamed_gene_964","non-essential","non-essential","non-essential","non-essential","non-essential"
"2143","unnamed_gene_965","non-essential","non-essential","non-essential","non-essential","non-essential"
"2144","unnamed_gene_966","non-essential","non-essential","non-essential","non-essential","non-essential"
"2145","unnamed_gene_967","non-essential","non-essential","non-essential","non-essential","non-essential"
"2146","unnamed_gene_968","non-essential","non-essential","non-essential","non-essential","non-essential"
"2147","unnamed_gene_969","non-essential","non-essential","non-essential","non-essential","non-essential"
"2148","unnamed_gene_970","non-essential","non-essential","non-essential","non-essential","non-essential"
"2149","unnamed_gene_971","non-essential","non-essential","non-essential","non-essential","non-essential"
"2150","unnamed_gene_972","non-essential","non-essential","non-essential","non-essential","non-essential"
"2151","unnamed_gene_973","non-essential","non-essential","non-essential","non-essential","non-essential"
"2152","unnamed_gene_974","non-essential","non-essential","essential","non-essential","non-essential"
"2153","unnamed_gene_975","non-essential","non-essential","non-essential","essential","non-essential"
"2154","unnamed_gene_976","non-essential","non-essential","non-essential","non-essential","non-essential"
"2155","unnamed_gene_977","non-essential","non-essential","non-essential","non-essential","non-essential"
"2156","unnamed_gene_978","non-essential","non-essential","non-essential","non-essential","non-essential"
"2157","unnamed_gene_979","non-essential","non-essential","non-essential","non-essential","non-essential"
"2158","unnamed_gene_980","non-essential","non-essential","non-essential","non-essential","non-essential"
"2159","unnamed_gene_981","non-essential","non-essential","non-essential","non-essential","non-essential"
"2160","unnamed_gene_982","non-essential","non-essential","non-essential","non-essential","non-essential"
"2161","unnamed_gene_983","non-essential","non-essential","non-essential","non-essential","non-essential"
"2162","unnamed_gene_984","non-essential","non-essential","non-essential","non-essential","non-essential"
"2163","unnamed_gene_985","non-essential","non-essential","non-essential","non-essential","non-essential"
"2164","unnamed_gene_986","non-essential","non-essential","non-essential","non-essential","non-essential"
"2165","unnamed_gene_988","non-essential","non-essential","non-essential","non-essential","non-essential"
"2166","unnamed_gene_989","non-essential","non-essential","non-essential","non-essential","non-essential"
"2167","unnamed_gene_990","non-essential","non-essential","non-essential","non-essential","non-essential"
"2168","unnamed_gene_991","non-essential","non-essential","non-essential","non-essential","non-essential"
"2169","unnamed_gene_992","non-essential","non-essential","non-essential","non-essential","non-essential"
"2170","unnamed_gene_994","non-essential","non-essential","non-essential","non-essential","non-essential"
"2171","unnamed_gene_995","non-essential","non-essential","non-essential","non-essential","non-essential"
"2172","unnamed_gene_996","non-essential","non-essential","non-essential","non-essential","non-essential"
"2173","unnamed_gene_997","non-essential","non-essential","non-essential","non-essential","non-essential"
"2174","unnamed_gene_998","non-essential","non-essential","non-essential","non-essential","non-essential"
"2175","unnamed_gene_999","essential","non-essential","non-essential","non-essential","non-essential"
"2176","unnamed_gene_1000","non-essential","non-essential","non-essential","non-essential","essential"
"2177","unnamed_gene_1001","essential","essential","non-essential","essential","essential"
"2178","unnamed_gene_1002","non-essential","non-essential","non-essential","non-essential","non-essential"
"2179","unnamed_gene_1003","non-essential","non-essential","non-essential","non-essential","non-essential"
"2180","unnamed_gene_1004","non-essential","non-essential","non-essential","non-essential","non-essential"
"2181","unnamed_gene_1005","non-essential","non-essential","non-essential","non-essential","non-essential"
"2182","unnamed_gene_1006","non-essential","non-essential","non-essential","non-essential","non-essential"
"2183","unnamed_gene_1007","non-essential","non-essential","non-essential","non-essential","non-essential"
"2184","unnamed_gene_1008","non-essential","non-essential","non-essential","non-essential","non-essential"
"2185","unnamed_gene_1009","non-essential","non-essential","non-essential","non-essential","non-essential"
"2186","yeeI","non-essential","non-essential","non-essential","non-essential","non-essential"
"2187","asnT_1","non-essential","non-essential","non-essential","non-essential","non-essential"
"2188","unnamed_gene_1012","non-essential","non-essential","non-essential","non-essential","non-essential"
"2189","asnT_2","non-essential","non-essential","non-essential","non-essential","non-essential"
"2190","unnamed_gene_1013","non-essential","non-essential","non-essential","non-essential","non-essential"
"2191","unnamed_gene_1014","non-essential","non-essential","non-essential","non-essential","non-essential"
"2192","unnamed_gene_1017","non-essential","non-essential","non-essential","non-essential","non-essential"
"2193","unnamed_gene_1018","non-essential","non-essential","non-essential","non-essential","non-essential"
"2194","amn","non-essential","non-essential","non-essential","non-essential","non-essential"
"2195","unnamed_gene_1019","non-essential","non-essential","non-essential","non-essential","non-essential"
"2196","unnamed_gene_1020","non-essential","non-essential","non-essential","non-essential","non-essential"
"2197","unnamed_gene_1021","non-essential","non-essential","non-essential","non-essential","non-essential"
"2198","asnW","non-essential","non-essential","non-essential","non-essential","non-essential"
"2199","yeeO","non-essential","non-essential","non-essential","non-essential","non-essential"
"2200","unnamed_gene_1022","non-essential","non-essential","non-essential","non-essential","non-essential"
"2201","asnU","non-essential","non-essential","non-essential","non-essential","non-essential"
"2202","erfK","non-essential","non-essential","non-essential","non-essential","non-essential"
"2203","cobT","essential","non-essential","non-essential","essential","non-essential"
"2204","cobS","non-essential","non-essential","non-essential","non-essential","non-essential"
"2205","cobU","non-essential","non-essential","non-essential","non-essential","non-essential"
"2206","cbiP","non-essential","non-essential","non-essential","non-essential","non-essential"
"2207","cbiO","essential","essential","essential","essential","essential"
"2208","cbiQ","non-essential","non-essential","non-essential","non-essential","non-essential"
"2209","cbiN","non-essential","non-essential","non-essential","non-essential","non-essential"
"2210","cbiM","non-essential","non-essential","non-essential","non-essential","non-essential"
"2211","cbiL","non-essential","non-essential","non-essential","non-essential","non-essential"
"2212","cbiK","essential","non-essential","non-essential","essential","non-essential"
"2213","cbiJ","non-essential","non-essential","non-essential","non-essential","non-essential"
"2214","cbiH","non-essential","non-essential","non-essential","non-essential","non-essential"
"2215","cbiG","non-essential","non-essential","non-essential","essential","non-essential"
"2216","cbiF","non-essential","non-essential","non-essential","non-essential","non-essential"
"2217","cbiT","non-essential","non-essential","non-essential","non-essential","non-essential"
"2218","cbiE","non-essential","non-essential","non-essential","non-essential","non-essential"
"2219","cbiD","non-essential","non-essential","non-essential","non-essential","non-essential"
"2220","cbiC","non-essential","non-essential","non-essential","non-essential","non-essential"
"2221","cbiB","non-essential","non-essential","non-essential","non-essential","non-essential"
"2222","cbiA","non-essential","non-essential","non-essential","non-essential","non-essential"
"2223","pduF","non-essential","non-essential","non-essential","non-essential","non-essential"
"2224","pduA","non-essential","non-essential","non-essential","non-essential","non-essential"
"2225","pudB","non-essential","non-essential","non-essential","non-essential","non-essential"
"2226","pduC","non-essential","non-essential","non-essential","non-essential","non-essential"
"2227","pduD","non-essential","non-essential","non-essential","non-essential","non-essential"
"2228","pduE","non-essential","non-essential","non-essential","non-essential","non-essential"
"2229","pduG","non-essential","non-essential","non-essential","non-essential","non-essential"
"2230","pduJ","non-essential","non-essential","non-essential","non-essential","non-essential"
"2231","pduK","non-essential","non-essential","non-essential","non-essential","non-essential"
"2232","pduL","non-essential","non-essential","non-essential","non-essential","non-essential"
"2233","pduM","non-essential","non-essential","non-essential","non-essential","non-essential"
"2234","pduN","non-essential","non-essential","non-essential","non-essential","non-essential"
"2235","pduO","non-essential","non-essential","non-essential","non-essential","non-essential"
"2236","pduP","non-essential","non-essential","non-essential","non-essential","non-essential"
"2237","pduQ","non-essential","non-essential","non-essential","non-essential","non-essential"
"2238","pduS","non-essential","non-essential","non-essential","non-essential","non-essential"
"2239","pduT","non-essential","non-essential","non-essential","non-essential","non-essential"
"2240","pduV","non-essential","non-essential","non-essential","non-essential","non-essential"
"2241","pduW","non-essential","non-essential","non-essential","non-essential","non-essential"
"2242","pduX","non-essential","non-essential","non-essential","non-essential","non-essential"
"2243","yeeX","non-essential","non-essential","non-essential","non-essential","non-essential"
"2244","unnamed_gene_1024","non-essential","non-essential","non-essential","non-essential","non-essential"
"2245","yeeA","non-essential","non-essential","non-essential","essential","non-essential"
"2246","sbmC","non-essential","non-essential","non-essential","non-essential","non-essential"
"2247","dacD","non-essential","non-essential","non-essential","non-essential","non-essential"
"2248","phsC","non-essential","non-essential","non-essential","non-essential","non-essential"
"2249","phsB","non-essential","non-essential","non-essential","non-essential","non-essential"
"2250","phsA","non-essential","non-essential","non-essential","non-essential","non-essential"
"2251","unnamed_gene_1025","non-essential","non-essential","non-essential","non-essential","non-essential"
"2252","sopA","non-essential","non-essential","non-essential","non-essential","non-essential"
"2253","unnamed_gene_1026","non-essential","non-essential","essential","non-essential","non-essential"
"2254","sbcB","non-essential","non-essential","non-essential","non-essential","non-essential"
"2255","yeeF","non-essential","non-essential","non-essential","non-essential","non-essential"
"2256","unnamed_gene_1027","non-essential","non-essential","non-essential","non-essential","non-essential"
"2257","unnamed_gene_1028","non-essential","non-essential","non-essential","non-essential","non-essential"
"2258","yeeY","non-essential","non-essential","non-essential","non-essential","non-essential"
"2259","yeeZ","non-essential","non-essential","non-essential","non-essential","non-essential"
"2260","hisG","non-essential","non-essential","non-essential","non-essential","non-essential"
"2261","hisD","non-essential","non-essential","non-essential","non-essential","non-essential"
"2262","hisC","non-essential","non-essential","non-essential","non-essential","non-essential"
"2263","hisB","non-essential","non-essential","non-essential","non-essential","non-essential"
"2264","hisH","non-essential","non-essential","non-essential","non-essential","non-essential"
"2265","hisA","non-essential","non-essential","non-essential","non-essential","non-essential"
"2266","hisF","non-essential","non-essential","non-essential","non-essential","non-essential"
"2267","hisI","non-essential","non-essential","non-essential","non-essential","non-essential"
"2268","wzzB","non-essential","non-essential","non-essential","non-essential","non-essential"
"2269","gnd","non-essential","non-essential","non-essential","non-essential","non-essential"
"2270","rfbP","non-essential","non-essential","non-essential","non-essential","non-essential"
"2271","rfbN","non-essential","non-essential","non-essential","non-essential","non-essential"
"2272","rfbU","non-essential","non-essential","non-essential","non-essential","non-essential"
"2273","rfbV","essential","non-essential","non-essential","non-essential","non-essential"
"2274","rfbX","essential","essential","non-essential","essential","essential"
"2275","rfbJ","essential","essential","non-essential","essential","essential"
"2276","rfbH","essential","non-essential","non-essential","essential","non-essential"
"2277","rfbG","non-essential","non-essential","non-essential","non-essential","non-essential"
"2278","rfbF","essential","non-essential","non-essential","non-essential","essential"
"2279","rfbI","non-essential","non-essential","non-essential","non-essential","non-essential"
"2280","rfbC","non-essential","non-essential","non-essential","non-essential","non-essential"
"2281","rfbA","non-essential","non-essential","non-essential","non-essential","non-essential"
"2282","rfbD","non-essential","non-essential","non-essential","non-essential","non-essential"
"2283","galF","non-essential","non-essential","non-essential","non-essential","non-essential"
"2284","wcaM","non-essential","non-essential","non-essential","non-essential","non-essential"
"2285","wcaL","non-essential","non-essential","non-essential","non-essential","non-essential"
"2286","wcaK","non-essential","non-essential","non-essential","non-essential","non-essential"
"2287","wzxC","non-essential","non-essential","non-essential","non-essential","non-essential"
"2288","wcaJ","non-essential","non-essential","non-essential","non-essential","non-essential"
"2289","cpsG","non-essential","non-essential","non-essential","non-essential","non-essential"
"2290","unnamed_gene_1029","non-essential","non-essential","non-essential","non-essential","non-essential"
"2291","manC","non-essential","non-essential","non-essential","non-essential","non-essential"
"2292","wcaI","non-essential","non-essential","non-essential","non-essential","non-essential"
"2293","wcaH","non-essential","non-essential","non-essential","non-essential","non-essential"
"2294","wcaG","non-essential","non-essential","non-essential","non-essential","non-essential"
"2295","gmd","non-essential","non-essential","non-essential","non-essential","non-essential"
"2296","wcaC","non-essential","non-essential","non-essential","non-essential","non-essential"
"2297","wcaB","non-essential","non-essential","non-essential","non-essential","non-essential"
"2298","wcaA","non-essential","non-essential","non-essential","non-essential","non-essential"
"2299","wzc","non-essential","non-essential","non-essential","non-essential","non-essential"
"2300","wzb","non-essential","non-essential","non-essential","non-essential","non-essential"
"2301","wza","non-essential","non-essential","non-essential","non-essential","non-essential"
"2302","unnamed_gene_1030","non-essential","non-essential","non-essential","non-essential","non-essential"
"2303","yegH","non-essential","non-essential","non-essential","non-essential","non-essential"
"2304","asmA","non-essential","non-essential","non-essential","non-essential","non-essential"
"2305","dcd","non-essential","non-essential","non-essential","non-essential","non-essential"
"2306","udk","non-essential","non-essential","non-essential","non-essential","non-essential"
"2307","unnamed_gene_1031","non-essential","non-essential","non-essential","non-essential","non-essential"
"2308","yegE","non-essential","non-essential","non-essential","non-essential","non-essential"
"2309","alkA","non-essential","non-essential","non-essential","non-essential","non-essential"
"2310","yegD","non-essential","non-essential","non-essential","non-essential","non-essential"
"2311","unnamed_gene_1032","non-essential","non-essential","non-essential","non-essential","non-essential"
"2312","unnamed_gene_1033","non-essential","non-essential","non-essential","non-essential","non-essential"
"2313","yegN","essential","non-essential","non-essential","essential","non-essential"
"2314","yegO","non-essential","non-essential","non-essential","non-essential","non-essential"
"2315","yegB","non-essential","non-essential","non-essential","non-essential","non-essential"
"2316","baeS","non-essential","non-essential","non-essential","non-essential","non-essential"
"2317","baeR","non-essential","non-essential","non-essential","non-essential","non-essential"
"2318","unnamed_gene_1034","non-essential","non-essential","non-essential","non-essential","non-essential"
"2319","unnamed_gene_1036","non-essential","non-essential","non-essential","non-essential","non-essential"
"2320","unnamed_gene_1037","non-essential","non-essential","non-essential","non-essential","non-essential"
"2321","yegQ","non-essential","non-essential","non-essential","non-essential","non-essential"
"2322","unnamed_gene_1038","non-essential","non-essential","non-essential","non-essential","non-essential"
"2323","unnamed_gene_1039","non-essential","non-essential","non-essential","non-essential","non-essential"
"2324","unnamed_gene_1040","non-essential","non-essential","non-essential","non-essential","non-essential"
"2325","unnamed_gene_1042","non-essential","non-essential","non-essential","non-essential","non-essential"
"2326","yegS","non-essential","non-essential","non-essential","non-essential","non-essential"
"2327","fbaB","non-essential","non-essential","non-essential","non-essential","non-essential"
"2328","yegT","non-essential","non-essential","non-essential","non-essential","non-essential"
"2329","yegU","non-essential","non-essential","non-essential","non-essential","non-essential"
"2330","yegV","non-essential","non-essential","non-essential","non-essential","non-essential"
"2331","yegW","non-essential","non-essential","non-essential","non-essential","non-essential"
"2332","thiD","non-essential","non-essential","non-essential","non-essential","non-essential"
"2333","thiM","non-essential","non-essential","non-essential","non-essential","non-essential"
"2334","unnamed_gene_1044","non-essential","non-essential","essential","non-essential","non-essential"
"2335","unnamed_gene_1046","non-essential","non-essential","non-essential","non-essential","non-essential"
"2336","stcD","non-essential","non-essential","non-essential","non-essential","non-essential"
"2337","stcB","non-essential","non-essential","non-essential","non-essential","non-essential"
"2338","stcA","non-essential","non-essential","non-essential","non-essential","non-essential"
"2339","mrp","non-essential","non-essential","non-essential","non-essential","non-essential"
"2340","metG","essential","essential","essential","essential","essential"
"2341","yehS","non-essential","non-essential","non-essential","non-essential","non-essential"
"2342","yehT","non-essential","non-essential","non-essential","non-essential","non-essential"
"2343","yehU","non-essential","non-essential","non-essential","non-essential","non-essential"
"2344","yehV","non-essential","non-essential","non-essential","non-essential","non-essential"
"2345","unnamed_gene_1048","non-essential","non-essential","non-essential","non-essential","non-essential"
"2346","yehW","non-essential","non-essential","non-essential","non-essential","non-essential"
"2347","yehX","essential","non-essential","non-essential","essential","non-essential"
"2348","yehY","non-essential","non-essential","non-essential","non-essential","non-essential"
"2349","yehZ","non-essential","non-essential","non-essential","non-essential","non-essential"
"2350","bglX","non-essential","non-essential","non-essential","non-essential","non-essential"
"2351","unnamed_gene_1049","non-essential","non-essential","essential","non-essential","non-essential"
"2352","dld","non-essential","non-essential","non-essential","non-essential","non-essential"
"2353","pbpG","non-essential","non-essential","non-essential","non-essential","non-essential"
"2354","unnamed_gene_1050","non-essential","non-essential","non-essential","non-essential","non-essential"
"2355","yohC","non-essential","non-essential","non-essential","non-essential","non-essential"
"2356","unnamed_gene_1051","non-essential","non-essential","essential","non-essential","non-essential"
"2357","yohD","non-essential","non-essential","non-essential","non-essential","non-essential"
"2358","yohF","non-essential","non-essential","non-essential","non-essential","non-essential"
"2359","yohG","non-essential","non-essential","non-essential","essential","essential"
"2360","unnamed_gene_1052","non-essential","non-essential","non-essential","non-essential","non-essential"
"2361","yohI","non-essential","non-essential","non-essential","non-essential","non-essential"
"2362","unnamed_gene_1053","non-essential","non-essential","non-essential","non-essential","non-essential"
"2363","unnamed_gene_1054","non-essential","non-essential","non-essential","non-essential","non-essential"
"2364","unnamed_gene_1055","non-essential","non-essential","non-essential","non-essential","non-essential"
"2365","unnamed_gene_1056","non-essential","non-essential","non-essential","non-essential","non-essential"
"2366","unnamed_gene_1057","non-essential","non-essential","non-essential","non-essential","non-essential"
"2367","unnamed_gene_1058","non-essential","non-essential","non-essential","non-essential","non-essential"
"2368","yohJ","non-essential","non-essential","non-essential","non-essential","non-essential"
"2369","yohK","non-essential","non-essential","non-essential","non-essential","non-essential"
"2370","cdd","non-essential","non-essential","non-essential","non-essential","non-essential"
"2371","sanA","non-essential","non-essential","non-essential","non-essential","non-essential"
"2372","unnamed_gene_1059","non-essential","non-essential","non-essential","non-essential","non-essential"
"2373","yeiA","non-essential","non-essential","non-essential","non-essential","non-essential"
"2374","mglC","non-essential","non-essential","non-essential","non-essential","non-essential"
"2375","unnamed_gene_1061","non-essential","non-essential","non-essential","non-essential","non-essential"
"2376","mglB","non-essential","non-essential","non-essential","non-essential","non-essential"
"2377","galS","non-essential","non-essential","non-essential","non-essential","non-essential"
"2378","unnamed_gene_1063","non-essential","non-essential","essential","non-essential","non-essential"
"2379","yeiB","non-essential","non-essential","non-essential","non-essential","non-essential"
"2380","folE","essential","essential","essential","essential","non-essential"
"2381","unnamed_gene_1064","non-essential","non-essential","non-essential","non-essential","non-essential"
"2382","unnamed_gene_1065","non-essential","non-essential","essential","non-essential","non-essential"
"2383","unnamed_gene_1066","non-essential","non-essential","non-essential","non-essential","non-essential"
"2384","fghA","non-essential","non-essential","non-essential","non-essential","non-essential"
"2385","unnamed_gene_1067","non-essential","non-essential","non-essential","non-essential","non-essential"
"2386","unnamed_gene_1068","non-essential","non-essential","non-essential","non-essential","non-essential"
"2387","unnamed_gene_1070","non-essential","non-essential","non-essential","non-essential","non-essential"
"2388","unnamed_gene_1071","non-essential","non-essential","non-essential","non-essential","non-essential"
"2389","cirA","non-essential","non-essential","non-essential","non-essential","non-essential"
"2390","unnamed_gene_1072","non-essential","non-essential","non-essential","non-essential","non-essential"
"2391","lysP","non-essential","non-essential","non-essential","non-essential","non-essential"
"2392","unnamed_gene_1073","non-essential","non-essential","non-essential","non-essential","non-essential"
"2393","yeiE","non-essential","non-essential","non-essential","non-essential","non-essential"
"2394","unnamed_gene_1074","non-essential","non-essential","non-essential","non-essential","non-essential"
"2395","yeiH","non-essential","non-essential","non-essential","non-essential","non-essential"
"2396","nfo","non-essential","non-essential","non-essential","non-essential","non-essential"
"2397","fruA","essential","non-essential","non-essential","non-essential","non-essential"
"2398","fruK","non-essential","non-essential","non-essential","non-essential","non-essential"
"2399","fruF","non-essential","non-essential","non-essential","non-essential","non-essential"
"2400","unnamed_gene_1075","non-essential","non-essential","essential","non-essential","non-essential"
"2401","unnamed_gene_1076","non-essential","non-essential","essential","non-essential","non-essential"
"2402","unnamed_gene_1077","non-essential","non-essential","non-essential","non-essential","non-essential"
"2403","setB","non-essential","non-essential","non-essential","non-essential","non-essential"
"2404","unnamed_gene_1078","non-essential","non-essential","non-essential","non-essential","non-essential"
"2405","unnamed_gene_1079","non-essential","non-essential","non-essential","non-essential","non-essential"
"2406","unnamed_gene_1080","non-essential","non-essential","non-essential","non-essential","non-essential"
"2407","unnamed_gene_1081","non-essential","non-essential","non-essential","non-essential","non-essential"
"2408","unnamed_gene_1082","non-essential","non-essential","non-essential","non-essential","non-essential"
"2409","yeiP","non-essential","non-essential","non-essential","non-essential","non-essential"
"2410","yeiR","non-essential","non-essential","non-essential","non-essential","non-essential"
"2411","yeiU","non-essential","non-essential","non-essential","non-essential","non-essential"
"2412","unnamed_gene_1083","non-essential","non-essential","non-essential","non-essential","non-essential"
"2413","spr","non-essential","non-essential","non-essential","non-essential","non-essential"
"2414","unnamed_gene_1084","non-essential","non-essential","essential","non-essential","non-essential"
"2415","rtn","non-essential","non-essential","non-essential","non-essential","non-essential"
"2416","yejA","non-essential","non-essential","non-essential","non-essential","non-essential"
"2417","yejB","non-essential","non-essential","non-essential","non-essential","non-essential"
"2418","yejE","non-essential","non-essential","non-essential","non-essential","non-essential"
"2419","yejF","non-essential","non-essential","non-essential","non-essential","non-essential"
"2420","yejG","non-essential","non-essential","non-essential","non-essential","non-essential"
"2421","unnamed_gene_1085","non-essential","non-essential","non-essential","non-essential","non-essential"
"2422","bcr","non-essential","non-essential","non-essential","non-essential","non-essential"
"2423","rsuA","non-essential","non-essential","non-essential","non-essential","non-essential"
"2424","yejH","non-essential","non-essential","non-essential","non-essential","non-essential"
"2425","rplY","non-essential","non-essential","essential","non-essential","essential"
"2426","unnamed_gene_1086","non-essential","non-essential","essential","non-essential","essential"
"2427","unnamed_gene_1087","non-essential","non-essential","non-essential","non-essential","non-essential"
"2428","yejK","non-essential","non-essential","non-essential","non-essential","non-essential"
"2429","yejL","non-essential","non-essential","non-essential","non-essential","essential"
"2430","yejM","non-essential","non-essential","non-essential","essential","essential"
"2431","proL","non-essential","non-essential","non-essential","non-essential","non-essential"
"2432","unnamed_gene_1088","non-essential","non-essential","non-essential","non-essential","non-essential"
"2433","unnamed_gene_1089","non-essential","non-essential","non-essential","non-essential","non-essential"
"2434","unnamed_gene_1092","non-essential","non-essential","non-essential","non-essential","non-essential"
"2435","unnamed_gene_1093","non-essential","non-essential","non-essential","non-essential","non-essential"
"2436","unnamed_gene_1094","non-essential","non-essential","non-essential","non-essential","non-essential"
"2437","unnamed_gene_1095","non-essential","non-essential","non-essential","non-essential","non-essential"
"2438","unnamed_gene_1096","non-essential","non-essential","non-essential","non-essential","non-essential"
"2439","unnamed_gene_1098","non-essential","non-essential","non-essential","non-essential","non-essential"
"2440","unnamed_gene_1099","non-essential","non-essential","essential","non-essential","non-essential"
"2441","sspH2","non-essential","non-essential","non-essential","non-essential","non-essential"
"2442","unnamed_gene_1100","non-essential","non-essential","non-essential","non-essential","non-essential"
"2443","unnamed_gene_1101","non-essential","non-essential","non-essential","non-essential","non-essential"
"2444","unnamed_gene_1102","non-essential","non-essential","non-essential","non-essential","non-essential"
"2445","unnamed_gene_1103","non-essential","non-essential","non-essential","non-essential","non-essential"
"2446","unnamed_gene_1104","non-essential","non-essential","essential","non-essential","non-essential"
"2447","narP","non-essential","non-essential","non-essential","non-essential","non-essential"
"2448","ccmH_1","non-essential","non-essential","non-essential","non-essential","non-essential"
"2449","ccmG_1","non-essential","non-essential","non-essential","non-essential","non-essential"
"2450","ccmF_1","non-essential","non-essential","non-essential","non-essential","non-essential"
"2451","ccmE_1","non-essential","non-essential","non-essential","non-essential","non-essential"
"2452","ccmD_1","non-essential","non-essential","non-essential","non-essential","non-essential"
"2453","ccmC_1","non-essential","non-essential","non-essential","non-essential","non-essential"
"2454","ccmB_1","non-essential","non-essential","non-essential","non-essential","non-essential"
"2455","ccmA_1","non-essential","non-essential","non-essential","non-essential","non-essential"
"2456","napC","non-essential","non-essential","non-essential","non-essential","non-essential"
"2457","napB","non-essential","non-essential","non-essential","non-essential","non-essential"
"2458","napH","non-essential","non-essential","non-essential","non-essential","non-essential"
"2459","napG","non-essential","non-essential","non-essential","non-essential","non-essential"
"2460","napA","non-essential","non-essential","non-essential","non-essential","non-essential"
"2461","napD","non-essential","non-essential","non-essential","non-essential","non-essential"
"2462","napF","non-essential","non-essential","non-essential","non-essential","non-essential"
"2463","unnamed_gene_1105","non-essential","non-essential","non-essential","non-essential","non-essential"
"2464","eco","non-essential","non-essential","non-essential","non-essential","non-essential"
"2465","yojI","non-essential","non-essential","non-essential","non-essential","non-essential"
"2466","alkB","non-essential","non-essential","non-essential","non-essential","non-essential"
"2467","ada","non-essential","non-essential","non-essential","non-essential","non-essential"
"2468","apbE","non-essential","non-essential","non-essential","non-essential","non-essential"
"2469","ompC","non-essential","non-essential","non-essential","non-essential","non-essential"
"2470","unnamed_gene_1106","non-essential","non-essential","non-essential","non-essential","non-essential"
"2471","micF","non-essential","non-essential","non-essential","non-essential","non-essential"
"2472","yojN","essential","non-essential","non-essential","non-essential","non-essential"
"2473","rcsB","non-essential","non-essential","non-essential","non-essential","non-essential"
"2474","rcsC","non-essential","non-essential","non-essential","non-essential","non-essential"
"2475","unnamed_gene_1107","non-essential","non-essential","non-essential","non-essential","non-essential"
"2476","gyrA","essential","essential","essential","essential","essential"
"2477","unnamed_gene_1108","non-essential","non-essential","non-essential","non-essential","non-essential"
"2478","unnamed_gene_1112","non-essential","non-essential","non-essential","non-essential","non-essential"
"2479","ubiG","essential","essential","essential","essential","essential"
"2480","unnamed_gene_1113","non-essential","non-essential","essential","non-essential","essential"
"2481","nrdA","essential","essential","essential","essential","essential"
"2482","nrdB","essential","essential","essential","essential","essential"
"2483","yfaE","non-essential","non-essential","non-essential","non-essential","essential"
"2484","unnamed_gene_1114","non-essential","non-essential","non-essential","non-essential","non-essential"
"2485","unnamed_gene_1115","non-essential","non-essential","non-essential","non-essential","non-essential"
"2486","glpQ","non-essential","non-essential","non-essential","non-essential","non-essential"
"2487","glpT","non-essential","non-essential","non-essential","non-essential","non-essential"
"2488","glpA","non-essential","non-essential","non-essential","non-essential","non-essential"
"2489","glpB","non-essential","non-essential","non-essential","non-essential","non-essential"
"2490","glpC","non-essential","non-essential","non-essential","non-essential","non-essential"
"2491","unnamed_gene_1117","non-essential","non-essential","non-essential","non-essential","non-essential"
"2492","sseL","non-essential","non-essential","non-essential","non-essential","non-essential"
"2493","unnamed_gene_1119","non-essential","non-essential","non-essential","non-essential","non-essential"
"2494","yfaV","non-essential","non-essential","non-essential","non-essential","non-essential"
"2495","yfaW","non-essential","non-essential","non-essential","non-essential","non-essential"
"2496","yfaX","non-essential","non-essential","non-essential","non-essential","non-essential"
"2497","unnamed_gene_1120","non-essential","non-essential","non-essential","non-essential","non-essential"
"2498","yfaZ","non-essential","non-essential","non-essential","non-essential","non-essential"
"2499","unnamed_gene_1121","non-essential","non-essential","essential","non-essential","non-essential"
"2500","yfbE","non-essential","non-essential","non-essential","non-essential","non-essential"
"2501","pmrF","non-essential","non-essential","non-essential","non-essential","non-essential"
"2502","yfbG","non-essential","non-essential","non-essential","non-essential","non-essential"
"2503","unnamed_gene_1122","non-essential","non-essential","non-essential","non-essential","non-essential"
"2504","arnT","non-essential","non-essential","non-essential","non-essential","non-essential"
"2505","unnamed_gene_1123","non-essential","non-essential","non-essential","non-essential","non-essential"
"2506","unnamed_gene_1124","non-essential","non-essential","non-essential","non-essential","non-essential"
"2507","pmrD","non-essential","non-essential","non-essential","non-essential","non-essential"
"2508","menE","non-essential","non-essential","non-essential","non-essential","non-essential"
"2509","menC","non-essential","non-essential","non-essential","non-essential","non-essential"
"2510","menB","non-essential","non-essential","non-essential","non-essential","non-essential"
"2511","yfbB","non-essential","non-essential","non-essential","non-essential","non-essential"
"2512","menD","non-essential","non-essential","non-essential","non-essential","non-essential"
"2513","menF","non-essential","non-essential","non-essential","non-essential","non-essential"
"2514","elaB","non-essential","non-essential","non-essential","non-essential","non-essential"
"2515","elaA","non-essential","non-essential","non-essential","non-essential","non-essential"
"2516","elaC","non-essential","non-essential","non-essential","non-essential","non-essential"
"2517","unnamed_gene_1125","non-essential","non-essential","non-essential","non-essential","non-essential"
"2518","yfbK","non-essential","non-essential","non-essential","non-essential","non-essential"
"2519","unnamed_gene_1126","non-essential","non-essential","non-essential","non-essential","non-essential"
"2520","unnamed_gene_1127","non-essential","non-essential","non-essential","non-essential","non-essential"
"2521","unnamed_gene_1128","non-essential","non-essential","non-essential","non-essential","non-essential"
"2522","nuoN","non-essential","non-essential","non-essential","non-essential","non-essential"
"2523","nuoM","non-essential","non-essential","non-essential","non-essential","non-essential"
"2524","nuoL","non-essential","non-essential","non-essential","non-essential","non-essential"
"2525","nuoK","non-essential","non-essential","non-essential","non-essential","non-essential"
"2526","nuoJ","non-essential","non-essential","non-essential","non-essential","non-essential"
"2527","nuoI","non-essential","non-essential","non-essential","non-essential","non-essential"
"2528","nuoH","non-essential","non-essential","non-essential","non-essential","non-essential"
"2529","nuoG","non-essential","non-essential","non-essential","essential","non-essential"
"2530","nuoF","non-essential","non-essential","non-essential","non-essential","non-essential"
"2531","nuoE","non-essential","non-essential","non-essential","non-essential","non-essential"
"2532","nuoC","non-essential","non-essential","non-essential","non-essential","non-essential"
"2533","nuoB","non-essential","non-essential","non-essential","non-essential","non-essential"
"2534","nuoA","non-essential","non-essential","non-essential","non-essential","non-essential"
"2535","unnamed_gene_1129","non-essential","non-essential","non-essential","non-essential","non-essential"
"2536","unnamed_gene_1130","non-essential","non-essential","non-essential","non-essential","non-essential"
"2537","unnamed_gene_1131","non-essential","non-essential","non-essential","non-essential","non-essential"
"2538","lrhA","non-essential","non-essential","non-essential","non-essential","non-essential"
"2539","yfbQ","non-essential","non-essential","non-essential","non-essential","non-essential"
"2540","unnamed_gene_1132","non-essential","non-essential","non-essential","non-essential","non-essential"
"2541","yfbS","non-essential","non-essential","non-essential","non-essential","non-essential"
"2542","yfbT","non-essential","non-essential","non-essential","non-essential","non-essential"
"2543","yfbU","non-essential","non-essential","non-essential","non-essential","non-essential"
"2544","unnamed_gene_1133","non-essential","non-essential","non-essential","non-essential","non-essential"
"2545","unnamed_gene_1134","non-essential","non-essential","non-essential","non-essential","non-essential"
"2546","unnamed_gene_1135","non-essential","non-essential","non-essential","non-essential","non-essential"
"2547","ackA","non-essential","non-essential","non-essential","non-essential","non-essential"
"2548","pta","essential","non-essential","non-essential","non-essential","non-essential"
"2549","yfcC","non-essential","non-essential","non-essential","non-essential","non-essential"
"2550","unnamed_gene_1136","non-essential","non-essential","non-essential","non-essential","non-essential"
"2551","unnamed_gene_1137","non-essential","non-essential","non-essential","non-essential","non-essential"
"2552","ulaA_2","non-essential","non-essential","non-essential","non-essential","non-essential"
"2553","unnamed_gene_1140","non-essential","non-essential","non-essential","non-essential","non-essential"
"2554","unnamed_gene_1141","non-essential","non-essential","non-essential","non-essential","non-essential"
"2555","unnamed_gene_1142","non-essential","non-essential","non-essential","non-essential","non-essential"
"2556","yfcE","non-essential","non-essential","non-essential","non-essential","non-essential"
"2557","yfcF","non-essential","non-essential","non-essential","non-essential","non-essential"
"2558","yfcG","non-essential","non-essential","non-essential","non-essential","non-essential"
"2559","yfcH","non-essential","non-essential","non-essential","non-essential","non-essential"
"2560","hisP","non-essential","non-essential","non-essential","non-essential","non-essential"
"2561","hisM","non-essential","non-essential","non-essential","non-essential","non-essential"
"2562","hisQ","non-essential","non-essential","non-essential","non-essential","non-essential"
"2563","hisJ","non-essential","non-essential","non-essential","non-essential","non-essential"
"2564","argT","non-essential","non-essential","non-essential","non-essential","non-essential"
"2565","unnamed_gene_1143","non-essential","non-essential","essential","non-essential","non-essential"
"2566","ubiX","non-essential","non-essential","non-essential","non-essential","non-essential"
"2567","unnamed_gene_1144","non-essential","non-essential","non-essential","non-essential","non-essential"
"2568","unnamed_gene_1145","non-essential","non-essential","non-essential","non-essential","non-essential"
"2569","unnamed_gene_1147","non-essential","non-essential","non-essential","non-essential","non-essential"
"2570","unnamed_gene_1148","non-essential","non-essential","non-essential","non-essential","non-essential"
"2571","purF","non-essential","non-essential","non-essential","non-essential","non-essential"
"2572","cvpA","non-essential","non-essential","non-essential","non-essential","non-essential"
"2573","unnamed_gene_1149","non-essential","non-essential","non-essential","non-essential","non-essential"
"2574","dedD","non-essential","non-essential","non-essential","non-essential","non-essential"
"2575","folC","essential","essential","essential","essential","essential"
"2576","accD","essential","essential","essential","essential","essential"
"2577","dedA","non-essential","non-essential","non-essential","non-essential","non-essential"
"2578","truA","non-essential","non-essential","non-essential","non-essential","non-essential"
"2579","usg","non-essential","non-essential","non-essential","non-essential","non-essential"
"2580","pdxB","non-essential","non-essential","non-essential","non-essential","non-essential"
"2581","flk","non-essential","non-essential","non-essential","non-essential","non-essential"
"2582","unnamed_gene_1150","non-essential","non-essential","non-essential","non-essential","non-essential"
"2583","unnamed_gene_1151","non-essential","non-essential","non-essential","non-essential","non-essential"
"2584","fabB","essential","essential","non-essential","essential","essential"
"2585","mnmC","non-essential","non-essential","non-essential","non-essential","non-essential"
"2586","yfcL","non-essential","non-essential","non-essential","non-essential","non-essential"
"2587","yfcM","non-essential","non-essential","non-essential","non-essential","non-essential"
"2588","yfcA","non-essential","non-essential","non-essential","non-essential","non-essential"
"2589","mepA","non-essential","non-essential","non-essential","non-essential","non-essential"
"2590","aroC","essential","non-essential","non-essential","essential","essential"
"2591","yfcB","non-essential","non-essential","non-essential","non-essential","non-essential"
"2592","yfcN","non-essential","essential","non-essential","essential","non-essential"
"2593","sixA","non-essential","non-essential","non-essential","non-essential","non-essential"
"2594","fadJ","non-essential","non-essential","non-essential","non-essential","non-essential"
"2595","fadI","non-essential","non-essential","non-essential","non-essential","non-essential"
"2596","yfcZ","non-essential","non-essential","non-essential","non-essential","non-essential"
"2597","unnamed_gene_1157","non-essential","non-essential","non-essential","non-essential","non-essential"
"2598","unnamed_gene_1158","non-essential","non-essential","non-essential","non-essential","non-essential"
"2599","fadL","non-essential","non-essential","non-essential","non-essential","non-essential"
"2600","unnamed_gene_1159","non-essential","non-essential","non-essential","non-essential","non-essential"
"2601","yfdC","non-essential","non-essential","non-essential","non-essential","non-essential"
"2602","pgtA","non-essential","non-essential","non-essential","non-essential","non-essential"
"2603","pgtB","non-essential","non-essential","non-essential","non-essential","non-essential"
"2604","pgtC","non-essential","non-essential","non-essential","non-essential","non-essential"
"2605","pgtP","non-essential","non-essential","non-essential","non-essential","non-essential"
"2606","unnamed_gene_1161","non-essential","non-essential","non-essential","non-essential","non-essential"
"2607","ddg","non-essential","non-essential","non-essential","non-essential","non-essential"
"2608","yfdZ","non-essential","non-essential","non-essential","non-essential","non-essential"
"2609","unnamed_gene_1162","non-essential","non-essential","non-essential","non-essential","non-essential"
"2610","glk","non-essential","non-essential","non-essential","essential","non-essential"
"2611","unnamed_gene_1163","non-essential","non-essential","non-essential","non-essential","non-essential"
"2612","unnamed_gene_1164","non-essential","non-essential","non-essential","non-essential","non-essential"
"2613","unnamed_gene_1165","non-essential","non-essential","non-essential","non-essential","non-essential"
"2614","unnamed_gene_1166","non-essential","non-essential","non-essential","non-essential","non-essential"
"2615","ypeC","non-essential","non-essential","non-essential","non-essential","non-essential"
"2616","mntH","non-essential","non-essential","non-essential","non-essential","non-essential"
"2617","nupC","non-essential","non-essential","non-essential","non-essential","non-essential"
"2618","yfeA","non-essential","non-essential","non-essential","non-essential","non-essential"
"2619","alaX","non-essential","non-essential","non-essential","non-essential","non-essential"
"2620","alaW","non-essential","non-essential","non-essential","non-essential","non-essential"
"2621","yfeC","non-essential","non-essential","non-essential","non-essential","non-essential"
"2622","yfeD","non-essential","non-essential","non-essential","non-essential","non-essential"
"2623","gltX","essential","essential","essential","essential","essential"
"2624","valU","non-essential","non-essential","non-essential","non-essential","non-essential"
"2625","valX","non-essential","non-essential","non-essential","non-essential","non-essential"
"2626","valY","non-essential","non-essential","non-essential","non-essential","non-essential"
"2627","lysV","non-essential","non-essential","non-essential","non-essential","non-essential"
"2628","xapR","non-essential","non-essential","non-essential","non-essential","non-essential"
"2629","unnamed_gene_1167","non-essential","non-essential","non-essential","non-essential","non-essential"
"2630","xapB","non-essential","non-essential","non-essential","non-essential","non-essential"
"2631","unnamed_gene_1168","non-essential","non-essential","non-essential","non-essential","non-essential"
"2632","yfeR","non-essential","non-essential","non-essential","non-essential","non-essential"
"2633","yfeH","non-essential","non-essential","non-essential","non-essential","non-essential"
"2634","unnamed_gene_1169","non-essential","non-essential","non-essential","non-essential","non-essential"
"2635","ligA","essential","essential","essential","essential","essential"
"2636","zipA","essential","essential","essential","essential","essential"
"2637","cysZ","non-essential","non-essential","non-essential","non-essential","non-essential"
"2638","cysK","non-essential","non-essential","non-essential","non-essential","non-essential"
"2639","unnamed_gene_1170","non-essential","non-essential","non-essential","non-essential","non-essential"
"2640","unnamed_gene_1171","non-essential","non-essential","non-essential","non-essential","non-essential"
"2641","unnamed_gene_1172","non-essential","non-essential","non-essential","non-essential","non-essential"
"2642","ptsH","non-essential","non-essential","non-essential","non-essential","non-essential"
"2643","ptsI","non-essential","non-essential","non-essential","non-essential","non-essential"
"2644","crr","non-essential","non-essential","non-essential","non-essential","non-essential"
"2645","unnamed_gene_1173","non-essential","non-essential","non-essential","non-essential","non-essential"
"2646","pdxK","non-essential","non-essential","non-essential","non-essential","non-essential"
"2647","ptsJ","non-essential","non-essential","non-essential","non-essential","non-essential"
"2648","yfeJ","non-essential","non-essential","non-essential","non-essential","non-essential"
"2649","yfeK","non-essential","non-essential","non-essential","non-essential","non-essential"
"2650","yfeL","non-essential","non-essential","non-essential","non-essential","non-essential"
"2651","cysM","non-essential","non-essential","non-essential","non-essential","non-essential"
"2652","cysA","non-essential","non-essential","non-essential","non-essential","non-essential"
"2653","cysW","non-essential","non-essential","non-essential","non-essential","non-essential"
"2654","cysU","non-essential","non-essential","non-essential","non-essential","non-essential"
"2655","cysP","non-essential","non-essential","non-essential","non-essential","non-essential"
"2656","ucpA","non-essential","non-essential","non-essential","non-essential","non-essential"
"2657","unnamed_gene_1174","non-essential","non-essential","non-essential","non-essential","non-essential"
"2658","unnamed_gene_1175","non-essential","non-essential","non-essential","non-essential","non-essential"
"2659","unnamed_gene_1176","non-essential","non-essential","non-essential","non-essential","non-essential"
"2660","amiA","non-essential","non-essential","non-essential","non-essential","non-essential"
"2661","hemF","non-essential","non-essential","non-essential","non-essential","non-essential"
"2662","unnamed_gene_1178","non-essential","non-essential","non-essential","non-essential","non-essential"
"2663","eutR","non-essential","non-essential","non-essential","non-essential","non-essential"
"2664","eutK","non-essential","non-essential","non-essential","non-essential","non-essential"
"2665","eutL","non-essential","non-essential","non-essential","non-essential","non-essential"
"2666","eutC","non-essential","non-essential","non-essential","non-essential","non-essential"
"2667","eutB","non-essential","non-essential","non-essential","non-essential","non-essential"
"2668","eutA","non-essential","non-essential","non-essential","non-essential","non-essential"
"2669","eutH","non-essential","non-essential","non-essential","non-essential","non-essential"
"2670","eutG","non-essential","non-essential","non-essential","non-essential","non-essential"
"2671","eutJ","non-essential","non-essential","non-essential","non-essential","non-essential"
"2672","eutE","non-essential","non-essential","non-essential","non-essential","non-essential"
"2673","eutN","non-essential","non-essential","non-essential","non-essential","non-essential"
"2674","eutM","non-essential","non-essential","non-essential","non-essential","non-essential"
"2675","eutD","non-essential","non-essential","non-essential","non-essential","non-essential"
"2676","eutT","non-essential","non-essential","non-essential","non-essential","non-essential"
"2677","eutQ","non-essential","non-essential","non-essential","non-essential","non-essential"
"2678","eutP","non-essential","non-essential","non-essential","non-essential","non-essential"
"2679","maeB","non-essential","non-essential","non-essential","non-essential","non-essential"
"2680","unnamed_gene_1180","non-essential","non-essential","non-essential","non-essential","non-essential"
"2681","talA","non-essential","non-essential","non-essential","non-essential","non-essential"
"2682","tktB","non-essential","non-essential","non-essential","non-essential","non-essential"
"2683","unnamed_gene_1181","non-essential","non-essential","non-essential","non-essential","non-essential"
"2684","ypfG","non-essential","non-essential","non-essential","non-essential","non-essential"
"2685","yffH","non-essential","non-essential","non-essential","non-essential","non-essential"
"2686","aegA","non-essential","non-essential","non-essential","non-essential","non-essential"
"2687","narQ","non-essential","non-essential","non-essential","non-essential","non-essential"
"2688","unnamed_gene_1185","non-essential","non-essential","non-essential","non-essential","non-essential"
"2689","acrD","non-essential","non-essential","non-essential","non-essential","non-essential"
"2690","yffB","non-essential","non-essential","non-essential","non-essential","non-essential"
"2691","dapE","essential","essential","essential","essential","essential"
"2692","unnamed_gene_1186","non-essential","non-essential","essential","non-essential","essential"
"2693","ypfI","non-essential","non-essential","non-essential","non-essential","non-essential"
"2694","unnamed_gene_1187","non-essential","non-essential","non-essential","non-essential","non-essential"
"2695","purC","non-essential","non-essential","non-essential","non-essential","non-essential"
"2696","nlpB","non-essential","non-essential","non-essential","non-essential","non-essential"
"2697","dapA","essential","essential","essential","essential","essential"
"2698","gcvR","non-essential","non-essential","non-essential","non-essential","non-essential"
"2699","bcp","non-essential","non-essential","non-essential","non-essential","non-essential"
"2700","unnamed_gene_1188","non-essential","non-essential","non-essential","non-essential","non-essential"
"2701","unnamed_gene_1189","non-essential","non-essential","non-essential","non-essential","non-essential"
"2702","perM","non-essential","non-essential","non-essential","non-essential","non-essential"
"2703","unnamed_gene_1190","non-essential","non-essential","non-essential","non-essential","non-essential"
"2704","yfgD","non-essential","non-essential","non-essential","non-essential","non-essential"
"2705","yfgE","non-essential","non-essential","non-essential","non-essential","non-essential"
"2706","uraA","non-essential","non-essential","non-essential","essential","non-essential"
"2707","upp","non-essential","non-essential","non-essential","non-essential","non-essential"
"2708","unnamed_gene_1191","non-essential","non-essential","non-essential","non-essential","non-essential"
"2709","purM","non-essential","non-essential","non-essential","non-essential","non-essential"
"2710","purN","non-essential","non-essential","non-essential","non-essential","non-essential"
"2711","ppk","non-essential","non-essential","non-essential","non-essential","non-essential"
"2712","ppx","non-essential","non-essential","non-essential","non-essential","non-essential"
"2713","unnamed_gene_1193","non-essential","non-essential","non-essential","non-essential","non-essential"
"2714","unnamed_gene_1195","non-essential","non-essential","non-essential","non-essential","non-essential"
"2715","guaA","non-essential","non-essential","non-essential","non-essential","non-essential"
"2716","guaB","non-essential","non-essential","non-essential","non-essential","non-essential"
"2717","xseA","non-essential","non-essential","non-essential","non-essential","non-essential"
"2718","shdA","non-essential","non-essential","non-essential","non-essential","non-essential"
"2719","unnamed_gene_1201","non-essential","non-essential","non-essential","non-essential","non-essential"
"2720","ratB","non-essential","non-essential","non-essential","non-essential","non-essential"
"2721","ratA","non-essential","non-essential","non-essential","non-essential","non-essential"
"2722","sinI","non-essential","non-essential","non-essential","non-essential","non-essential"
"2723","sinH","non-essential","non-essential","non-essential","non-essential","non-essential"
"2724","unnamed_gene_1202","non-essential","non-essential","non-essential","non-essential","non-essential"
"2725","yfgJ","non-essential","non-essential","non-essential","non-essential","non-essential"
"2726","engA","essential","essential","non-essential","essential","essential"
"2727","unnamed_gene_1204","non-essential","non-essential","essential","non-essential","essential"
"2728","yfgL","essential","essential","non-essential","essential","essential"
"2729","yfgM","non-essential","non-essential","non-essential","non-essential","non-essential"
"2730","hisS","essential","essential","essential","essential","essential"
"2731","ispG","essential","essential","essential","essential","essential"
"2732","yfgA","non-essential","non-essential","non-essential","non-essential","non-essential"
"2733","unnamed_gene_1205","non-essential","non-essential","non-essential","non-essential","non-essential"
"2734","yfgB","non-essential","non-essential","non-essential","non-essential","non-essential"
"2735","ndk","non-essential","non-essential","non-essential","non-essential","non-essential"
"2736","unnamed_gene_1206","non-essential","non-essential","non-essential","non-essential","non-essential"
"2737","unnamed_gene_1207","non-essential","non-essential","non-essential","non-essential","non-essential"
"2738","unnamed_gene_1208","non-essential","non-essential","non-essential","non-essential","non-essential"
"2739","unnamed_gene_1209","non-essential","non-essential","non-essential","non-essential","non-essential"
"2740","unnamed_gene_1210","non-essential","non-essential","non-essential","non-essential","non-essential"
"2741","pbpC","non-essential","non-essential","non-essential","non-essential","non-essential"
"2742","unnamed_gene_1211","non-essential","non-essential","non-essential","non-essential","non-essential"
"2743","sseA","non-essential","non-essential","non-essential","non-essential","non-essential"
"2744","unnamed_gene_1214","non-essential","non-essential","non-essential","non-essential","non-essential"
"2745","sseB","non-essential","non-essential","non-essential","non-essential","non-essential"
"2746","pepB","non-essential","non-essential","non-essential","non-essential","non-essential"
"2747","yfhJ","non-essential","non-essential","non-essential","non-essential","non-essential"
"2748","fdx","non-essential","non-essential","non-essential","non-essential","non-essential"
"2749","hscA","non-essential","non-essential","non-essential","non-essential","non-essential"
"2750","hscB","non-essential","non-essential","non-essential","non-essential","non-essential"
"2751","iscA","non-essential","non-essential","non-essential","non-essential","non-essential"
"2752","nifS","essential","non-essential","non-essential","essential","non-essential"
"2753","unnamed_gene_1215","non-essential","non-essential","non-essential","non-essential","non-essential"
"2754","yfhP","non-essential","non-essential","non-essential","non-essential","non-essential"
"2755","unnamed_gene_1216","non-essential","non-essential","non-essential","non-essential","non-essential"
"2756","unnamed_gene_1217","non-essential","non-essential","non-essential","non-essential","non-essential"
"2757","unnamed_gene_1218","non-essential","non-essential","non-essential","non-essential","essential"
"2758","suhB","essential","essential","non-essential","essential","essential"
"2759","unnamed_gene_1219","non-essential","non-essential","non-essential","non-essential","non-essential"
"2760","asrA","non-essential","non-essential","non-essential","non-essential","non-essential"
"2761","asrB","non-essential","non-essential","non-essential","non-essential","non-essential"
"2762","asrC","non-essential","non-essential","non-essential","non-essential","non-essential"
"2763","unnamed_gene_1220","non-essential","non-essential","non-essential","non-essential","non-essential"
"2764","unnamed_gene_1221","non-essential","non-essential","non-essential","non-essential","non-essential"
"2765","csiE","non-essential","non-essential","non-essential","non-essential","non-essential"
"2766","hcaT","non-essential","non-essential","non-essential","non-essential","non-essential"
"2767","glyA","essential","essential","essential","essential","essential"
"2768","unnamed_gene_1222","non-essential","non-essential","essential","non-essential","non-essential"
"2769","hmpA","non-essential","non-essential","non-essential","non-essential","non-essential"
"2770","cadA","non-essential","non-essential","non-essential","non-essential","non-essential"
"2771","yjdL","non-essential","non-essential","non-essential","non-essential","non-essential"
"2772","glnB","non-essential","essential","essential","non-essential","non-essential"
"2773","yfhA","non-essential","non-essential","non-essential","non-essential","non-essential"
"2774","yfhG","non-essential","non-essential","non-essential","non-essential","non-essential"
"2775","yfhK","non-essential","non-essential","non-essential","non-essential","non-essential"
"2776","unnamed_gene_1223","non-essential","non-essential","essential","non-essential","non-essential"
"2777","purG","non-essential","non-essential","non-essential","non-essential","non-essential"
"2778","unnamed_gene_1224","non-essential","non-essential","essential","non-essential","non-essential"
"2779","yfhD","non-essential","non-essential","non-essential","non-essential","non-essential"
"2780","yfhC","non-essential","non-essential","non-essential","non-essential","non-essential"
"2781","yfhB","non-essential","non-essential","non-essential","non-essential","non-essential"
"2782","unnamed_gene_1225","non-essential","non-essential","non-essential","non-essential","non-essential"
"2783","murQ","non-essential","non-essential","non-essential","non-essential","non-essential"
"2784","yfhH","non-essential","non-essential","non-essential","non-essential","non-essential"
"2785","yfhL","non-essential","non-essential","non-essential","non-essential","non-essential"
"2786","acpS","non-essential","essential","essential","non-essential","non-essential"
"2787","pdxJ","essential","non-essential","non-essential","non-essential","non-essential"
"2788","recO","non-essential","non-essential","non-essential","non-essential","non-essential"
"2789","era","essential","essential","essential","essential","essential"
"2790","rnc","essential","non-essential","non-essential","non-essential","essential"
"2791","lepB","essential","essential","essential","essential","essential"
"2792","lepA","non-essential","non-essential","non-essential","non-essential","non-essential"
"2793","gogB","non-essential","non-essential","non-essential","non-essential","non-essential"
"2794","unnamed_gene_1229","non-essential","non-essential","essential","non-essential","non-essential"
"2795","unnamed_gene_1231","non-essential","non-essential","non-essential","non-essential","non-essential"
"2796","unnamed_gene_1234","non-essential","non-essential","non-essential","non-essential","non-essential"
"2797","unnamed_gene_1235","non-essential","non-essential","non-essential","non-essential","non-essential"
"2798","unnamed_gene_1236","non-essential","non-essential","non-essential","non-essential","non-essential"
"2799","unnamed_gene_1237","non-essential","non-essential","non-essential","non-essential","non-essential"
"2800","unnamed_gene_1238","non-essential","non-essential","non-essential","non-essential","non-essential"
"2801","unnamed_gene_1239","non-essential","non-essential","non-essential","non-essential","non-essential"
"2802","unnamed_gene_1240","non-essential","non-essential","non-essential","non-essential","non-essential"
"2803","unnamed_gene_1241","non-essential","non-essential","non-essential","non-essential","non-essential"
"2804","unnamed_gene_1242","non-essential","non-essential","non-essential","non-essential","non-essential"
"2805","unnamed_gene_1243","non-essential","non-essential","non-essential","non-essential","non-essential"
"2806","unnamed_gene_1244","non-essential","non-essential","non-essential","non-essential","non-essential"
"2807","unnamed_gene_1245","non-essential","non-essential","non-essential","non-essential","non-essential"
"2808","unnamed_gene_1246","non-essential","non-essential","non-essential","non-essential","non-essential"
"2809","unnamed_gene_1247","non-essential","non-essential","non-essential","non-essential","non-essential"
"2810","unnamed_gene_1248","non-essential","non-essential","non-essential","non-essential","non-essential"
"2811","unnamed_gene_1249","non-essential","non-essential","non-essential","non-essential","non-essential"
"2812","unnamed_gene_1250","non-essential","non-essential","non-essential","non-essential","non-essential"
"2813","unnamed_gene_1251","non-essential","non-essential","non-essential","non-essential","non-essential"
"2814","unnamed_gene_1252","non-essential","non-essential","non-essential","non-essential","non-essential"
"2815","unnamed_gene_1253","non-essential","non-essential","non-essential","non-essential","non-essential"
"2816","unnamed_gene_1254","non-essential","non-essential","non-essential","non-essential","non-essential"
"2817","unnamed_gene_1255","non-essential","non-essential","non-essential","non-essential","non-essential"
"2818","unnamed_gene_1256","non-essential","non-essential","non-essential","non-essential","non-essential"
"2819","unnamed_gene_1258","non-essential","non-essential","non-essential","non-essential","non-essential"
"2820","unnamed_gene_1259","non-essential","non-essential","non-essential","non-essential","non-essential"
"2821","unnamed_gene_1263","non-essential","non-essential","non-essential","non-essential","non-essential"
"2822","unnamed_gene_1264","non-essential","non-essential","non-essential","non-essential","non-essential"
"2823","unnamed_gene_1265","non-essential","non-essential","non-essential","non-essential","non-essential"
"2824","unnamed_gene_1266","non-essential","non-essential","non-essential","non-essential","non-essential"
"2825","unnamed_gene_1267","non-essential","non-essential","non-essential","non-essential","non-essential"
"2826","unnamed_gene_1268","non-essential","non-essential","non-essential","non-essential","non-essential"
"2827","unnamed_gene_1269","non-essential","non-essential","non-essential","non-essential","non-essential"
"2828","unnamed_gene_1270","non-essential","non-essential","non-essential","non-essential","non-essential"
"2829","unnamed_gene_1271","non-essential","non-essential","non-essential","non-essential","non-essential"
"2830","unnamed_gene_1276","non-essential","non-essential","non-essential","non-essential","non-essential"
"2831","unnamed_gene_1277","non-essential","non-essential","non-essential","non-essential","non-essential"
"2832","unnamed_gene_1278","non-essential","non-essential","non-essential","non-essential","non-essential"
"2833","unnamed_gene_1279","non-essential","non-essential","non-essential","non-essential","non-essential"
"2834","unnamed_gene_1280","non-essential","non-essential","non-essential","non-essential","non-essential"
"2835","unnamed_gene_1281","non-essential","essential","essential","non-essential","non-essential"
"2836","unnamed_gene_1283","non-essential","non-essential","non-essential","non-essential","non-essential"
"2837","unnamed_gene_1284","non-essential","non-essential","non-essential","non-essential","non-essential"
"2838","unnamed_gene_1285","non-essential","non-essential","non-essential","non-essential","non-essential"
"2839","unnamed_gene_1288","non-essential","non-essential","non-essential","non-essential","non-essential"
"2840","unnamed_gene_1289","non-essential","non-essential","non-essential","non-essential","non-essential"
"2841","unnamed_gene_1290","non-essential","non-essential","non-essential","non-essential","non-essential"
"2842","unnamed_gene_1291","non-essential","non-essential","non-essential","non-essential","non-essential"
"2843","unnamed_gene_1292","non-essential","non-essential","non-essential","non-essential","non-essential"
"2844","unnamed_gene_1293","non-essential","non-essential","non-essential","non-essential","non-essential"
"2845","unnamed_gene_1294","non-essential","non-essential","non-essential","non-essential","non-essential"
"2846","rseC","non-essential","non-essential","non-essential","non-essential","non-essential"
"2847","rseB","non-essential","non-essential","non-essential","non-essential","non-essential"
"2848","rseA","non-essential","non-essential","non-essential","non-essential","non-essential"
"2849","rpoE","non-essential","non-essential","non-essential","non-essential","non-essential"
"2850","unnamed_gene_1295","non-essential","non-essential","non-essential","non-essential","non-essential"
"2851","unnamed_gene_1296","non-essential","non-essential","non-essential","non-essential","non-essential"
"2852","nadB","non-essential","non-essential","non-essential","non-essential","non-essential"
"2853","yfiC","non-essential","non-essential","non-essential","non-essential","non-essential"
"2854","unnamed_gene_1297","non-essential","non-essential","essential","non-essential","non-essential"
"2855","srmB","non-essential","non-essential","non-essential","non-essential","non-essential"
"2856","yfiE","non-essential","non-essential","non-essential","non-essential","non-essential"
"2857","yfiK","non-essential","non-essential","non-essential","non-essential","non-essential"
"2858","ung","non-essential","non-essential","non-essential","non-essential","non-essential"
"2859","yfiF","non-essential","non-essential","non-essential","non-essential","non-essential"
"2860","trxC","non-essential","non-essential","non-essential","non-essential","non-essential"
"2861","yfiP","non-essential","non-essential","non-essential","non-essential","non-essential"
"2862","yfiQ","non-essential","non-essential","non-essential","non-essential","non-essential"
"2863","unnamed_gene_1298","non-essential","non-essential","non-essential","non-essential","essential"
"2864","pssA","essential","essential","essential","essential","essential"
"2865","yfiM","non-essential","non-essential","non-essential","non-essential","non-essential"
"2866","kgtP","non-essential","non-essential","non-essential","non-essential","non-essential"
"2867","unnamed_gene_1299","non-essential","non-essential","non-essential","non-essential","non-essential"
"2868","unnamed_gene_1300","non-essential","non-essential","non-essential","non-essential","non-essential"
"2869","rrlG","non-essential","non-essential","non-essential","non-essential","non-essential"
"2870","rrsG","non-essential","non-essential","non-essential","non-essential","non-essential"
"2871","unnamed_gene_1301","non-essential","non-essential","non-essential","non-essential","non-essential"
"2872","unnamed_gene_1302","non-essential","non-essential","essential","non-essential","non-essential"
"2873","clpB","non-essential","non-essential","non-essential","non-essential","non-essential"
"2874","yfiH","non-essential","non-essential","non-essential","non-essential","non-essential"
"2875","rluD","non-essential","non-essential","non-essential","non-essential","non-essential"
"2876","yfiO","essential","essential","essential","essential","essential"
"2877","unnamed_gene_1303","non-essential","non-essential","essential","non-essential","essential"
"2878","yfiA","non-essential","non-essential","non-essential","non-essential","essential"
"2879","unnamed_gene_1304","non-essential","non-essential","essential","non-essential","non-essential"
"2880","pheA","non-essential","non-essential","non-essential","non-essential","non-essential"
"2881","unnamed_gene_1305","non-essential","non-essential","non-essential","non-essential","non-essential"
"2882","tyrA","non-essential","non-essential","non-essential","non-essential","non-essential"
"2883","aroF","non-essential","non-essential","non-essential","non-essential","non-essential"
"2884","unnamed_gene_1306","non-essential","non-essential","non-essential","non-essential","non-essential"
"2885","yfiN","non-essential","non-essential","non-essential","non-essential","non-essential"
"2886","trmD","essential","essential","essential","essential","essential"
"2887","rimM","essential","essential","essential","essential","essential"
"2888","rpsP","non-essential","non-essential","essential","non-essential","essential"
"2889","unnamed_gene_1308","non-essential","non-essential","non-essential","non-essential","essential"
"2890","ffh","essential","non-essential","non-essential","essential","essential"
"2891","unnamed_gene_1309","non-essential","non-essential","non-essential","non-essential","essential"
"2892","corE","non-essential","non-essential","non-essential","non-essential","non-essential"
"2893","yfjD","non-essential","non-essential","non-essential","non-essential","non-essential"
"2894","unnamed_gene_1310","non-essential","non-essential","non-essential","non-essential","non-essential"
"2895","grpE","essential","essential","essential","essential","essential"
"2896","ppnK","essential","essential","non-essential","essential","essential"
"2897","recN","non-essential","non-essential","non-essential","non-essential","non-essential"
"2898","smpA","non-essential","non-essential","non-essential","non-essential","non-essential"
"2899","unnamed_gene_1311","non-essential","non-essential","non-essential","non-essential","non-essential"
"2900","yfjF","non-essential","non-essential","non-essential","non-essential","non-essential"
"2901","yfjG","non-essential","non-essential","non-essential","non-essential","non-essential"
"2902","smpB","non-essential","non-essential","non-essential","non-essential","non-essential"
"2903","unnamed_gene_1312","non-essential","non-essential","non-essential","non-essential","non-essential"
"2904","unnamed_gene_1314","non-essential","non-essential","non-essential","non-essential","non-essential"
"2905","unnamed_gene_1315","non-essential","non-essential","non-essential","non-essential","non-essential"
"2906","unnamed_gene_1316","non-essential","non-essential","non-essential","non-essential","non-essential"
"2907","unnamed_gene_1317","non-essential","non-essential","non-essential","non-essential","non-essential"
"2908","unnamed_gene_1318","non-essential","non-essential","non-essential","non-essential","non-essential"
"2909","unnamed_gene_1319","non-essential","non-essential","non-essential","non-essential","non-essential"
"2910","unnamed_gene_1320","non-essential","non-essential","non-essential","non-essential","non-essential"
"2911","unnamed_gene_1321","non-essential","non-essential","non-essential","non-essential","non-essential"
"2912","unnamed_gene_1324","non-essential","non-essential","non-essential","non-essential","non-essential"
"2913","unnamed_gene_1325","non-essential","non-essential","non-essential","non-essential","non-essential"
"2914","unnamed_gene_1326","non-essential","non-essential","non-essential","non-essential","non-essential"
"2915","unnamed_gene_1327","non-essential","non-essential","non-essential","non-essential","non-essential"
"2916","unnamed_gene_1328","non-essential","non-essential","non-essential","non-essential","non-essential"
"2917","unnamed_gene_1329","non-essential","non-essential","essential","non-essential","non-essential"
"2918","unnamed_gene_1330","non-essential","non-essential","non-essential","non-essential","non-essential"
"2919","unnamed_gene_1331","non-essential","non-essential","non-essential","non-essential","non-essential"
"2920","unnamed_gene_1332","non-essential","non-essential","non-essential","non-essential","non-essential"
"2921","unnamed_gene_1333","non-essential","non-essential","non-essential","non-essential","non-essential"
"2922","unnamed_gene_1334","non-essential","non-essential","non-essential","non-essential","non-essential"
"2923","unnamed_gene_1335","non-essential","non-essential","non-essential","non-essential","non-essential"
"2924","unnamed_gene_1336","non-essential","non-essential","non-essential","non-essential","non-essential"
"2925","unnamed_gene_1337","non-essential","non-essential","non-essential","non-essential","non-essential"
"2926","unnamed_gene_1338","non-essential","non-essential","non-essential","non-essential","non-essential"
"2927","unnamed_gene_1339","non-essential","non-essential","non-essential","non-essential","non-essential"
"2928","unnamed_gene_1340","non-essential","non-essential","non-essential","non-essential","non-essential"
"2929","unnamed_gene_1341","non-essential","non-essential","essential","non-essential","non-essential"
"2930","unnamed_gene_1342","non-essential","non-essential","non-essential","non-essential","non-essential"
"2931","unnamed_gene_1343","non-essential","non-essential","non-essential","non-essential","non-essential"
"2932","unnamed_gene_1344","non-essential","non-essential","non-essential","non-essential","non-essential"
"2933","unnamed_gene_1345","non-essential","non-essential","non-essential","essential","non-essential"
"2934","unnamed_gene_1346","non-essential","non-essential","non-essential","essential","non-essential"
"2935","unnamed_gene_1347","non-essential","non-essential","non-essential","non-essential","non-essential"
"2936","unnamed_gene_1349","non-essential","non-essential","non-essential","non-essential","non-essential"
"2937","unnamed_gene_1350","non-essential","non-essential","non-essential","non-essential","non-essential"
"2938","unnamed_gene_1351","non-essential","non-essential","non-essential","non-essential","non-essential"
"2939","unnamed_gene_1352","non-essential","non-essential","non-essential","non-essential","non-essential"
"2940","fljB","non-essential","non-essential","non-essential","non-essential","non-essential"
"2941","unnamed_gene_1354","non-essential","non-essential","non-essential","non-essential","non-essential"
"2942","unnamed_gene_1355","non-essential","non-essential","non-essential","non-essential","non-essential"
"2943","unnamed_gene_1356","non-essential","non-essential","non-essential","non-essential","non-essential"
"2944","iroB","non-essential","non-essential","non-essential","non-essential","non-essential"
"2945","iroC","non-essential","non-essential","non-essential","non-essential","non-essential"
"2946","iroD","non-essential","non-essential","non-essential","non-essential","non-essential"
"2947","iroE","non-essential","non-essential","non-essential","non-essential","non-essential"
"2948","unnamed_gene_1359","non-essential","non-essential","non-essential","non-essential","non-essential"
"2949","nixA","non-essential","non-essential","non-essential","non-essential","non-essential"
"2950","tctE","non-essential","non-essential","non-essential","non-essential","non-essential"
"2951","tctD","non-essential","non-essential","non-essential","non-essential","non-essential"
"2952","unnamed_gene_1363","non-essential","non-essential","non-essential","non-essential","non-essential"
"2953","unnamed_gene_1364","non-essential","non-essential","non-essential","non-essential","non-essential"
"2954","unnamed_gene_1365","non-essential","non-essential","non-essential","non-essential","non-essential"
"2955","unnamed_gene_1366","non-essential","non-essential","non-essential","non-essential","non-essential"
"2956","unnamed_gene_1367","non-essential","non-essential","non-essential","non-essential","non-essential"
"2957","ygaF","non-essential","non-essential","non-essential","non-essential","non-essential"
"2958","gabD","non-essential","non-essential","non-essential","non-essential","non-essential"
"2959","gabT","non-essential","non-essential","non-essential","non-essential","non-essential"
"2960","gabP","non-essential","non-essential","non-essential","non-essential","non-essential"
"2961","ygaE","non-essential","non-essential","non-essential","non-essential","non-essential"
"2962","unnamed_gene_1369","non-essential","non-essential","non-essential","non-essential","non-essential"
"2963","ygaP","non-essential","non-essential","non-essential","non-essential","non-essential"
"2964","unnamed_gene_1371","non-essential","non-essential","essential","non-essential","non-essential"
"2965","unnamed_gene_1372","non-essential","non-essential","non-essential","non-essential","non-essential"
"2966","unnamed_gene_1373","non-essential","non-essential","non-essential","non-essential","non-essential"
"2967","ygaC","non-essential","non-essential","non-essential","non-essential","non-essential"
"2968","unnamed_gene_1374","non-essential","non-essential","non-essential","non-essential","non-essential"
"2969","ygaM","non-essential","non-essential","non-essential","non-essential","non-essential"
"2970","unnamed_gene_1375","non-essential","non-essential","non-essential","non-essential","non-essential"
"2971","unnamed_gene_1376","non-essential","non-essential","non-essential","non-essential","non-essential"
"2972","unnamed_gene_1377","non-essential","non-essential","non-essential","non-essential","non-essential"
"2973","nrdH","non-essential","non-essential","non-essential","non-essential","non-essential"
"2974","nrdI","non-essential","non-essential","non-essential","non-essential","non-essential"
"2975","nrdE","non-essential","non-essential","non-essential","non-essential","non-essential"
"2976","nrdF","non-essential","non-essential","non-essential","non-essential","non-essential"
"2977","proW","non-essential","non-essential","non-essential","non-essential","non-essential"
"2978","proX","non-essential","non-essential","non-essential","non-essential","non-essential"
"2979","unnamed_gene_1378","non-essential","non-essential","non-essential","non-essential","non-essential"
"2980","unnamed_gene_1379","non-essential","non-essential","non-essential","non-essential","non-essential"
"2981","unnamed_gene_1380","non-essential","non-essential","non-essential","non-essential","non-essential"
"2982","emrR","non-essential","non-essential","non-essential","non-essential","non-essential"
"2983","unnamed_gene_1381","non-essential","non-essential","non-essential","non-essential","non-essential"
"2984","emrA","non-essential","non-essential","non-essential","non-essential","non-essential"
"2985","emrB","non-essential","non-essential","non-essential","non-essential","non-essential"
"2986","luxS","non-essential","non-essential","non-essential","non-essential","non-essential"
"2987","gshA","non-essential","non-essential","non-essential","non-essential","non-essential"
"2988","yqaA","non-essential","non-essential","non-essential","non-essential","non-essential"
"2989","yqaB","non-essential","non-essential","non-essential","non-essential","non-essential"
"2990","unnamed_gene_1383","non-essential","non-essential","non-essential","non-essential","non-essential"
"2991","unnamed_gene_1384","non-essential","non-essential","non-essential","non-essential","non-essential"
"2992","unnamed_gene_1386","non-essential","non-essential","non-essential","non-essential","non-essential"
"2993","unnamed_gene_1387","non-essential","non-essential","essential","non-essential","non-essential"
"2994","unnamed_gene_1388","non-essential","non-essential","non-essential","non-essential","non-essential"
"2995","csrA","non-essential","non-essential","essential","non-essential","non-essential"
"2996","alaS","essential","essential","essential","essential","essential"
"2997","unnamed_gene_1389","non-essential","non-essential","essential","non-essential","essential"
"2998","unnamed_gene_1390","non-essential","non-essential","essential","non-essential","essential"
"2999","recX","non-essential","non-essential","non-essential","non-essential","essential"
"3000","recA","essential","essential","essential","essential","essential"
"3001","ygaD","non-essential","non-essential","non-essential","non-essential","essential"
"3002","unnamed_gene_1391","non-essential","non-essential","non-essential","non-essential","non-essential"
"3003","mltB","non-essential","non-essential","non-essential","non-essential","non-essential"
"3004","unnamed_gene_1392","non-essential","non-essential","essential","non-essential","non-essential"
"3005","srlA","non-essential","non-essential","non-essential","non-essential","non-essential"
"3006","srlE","non-essential","non-essential","non-essential","non-essential","non-essential"
"3007","slrB","non-essential","non-essential","non-essential","non-essential","non-essential"
"3008","srlD","non-essential","non-essential","non-essential","non-essential","non-essential"
"3009","unnamed_gene_1393","non-essential","non-essential","non-essential","non-essential","non-essential"
"3010","srlR","non-essential","non-essential","non-essential","non-essential","non-essential"
"3011","gutQ","non-essential","non-essential","non-essential","non-essential","non-essential"
"3012","ygaA","non-essential","non-essential","non-essential","non-essential","non-essential"
"3013","unnamed_gene_1394","non-essential","non-essential","non-essential","non-essential","non-essential"
"3014","ygbD","non-essential","non-essential","non-essential","non-essential","non-essential"
"3015","unnamed_gene_1395","non-essential","non-essential","non-essential","non-essential","non-essential"
"3016","hypF","non-essential","non-essential","non-essential","essential","non-essential"
"3017","unnamed_gene_1396","non-essential","non-essential","non-essential","non-essential","non-essential"
"3018","hydN","non-essential","non-essential","non-essential","non-essential","non-essential"
"3019","unnamed_gene_1397","non-essential","non-essential","non-essential","non-essential","non-essential"
"3020","unnamed_gene_1398","non-essential","non-essential","non-essential","non-essential","non-essential"
"3021","hycI","non-essential","non-essential","non-essential","non-essential","non-essential"
"3022","hycH","non-essential","non-essential","non-essential","non-essential","non-essential"
"3023","hycG","non-essential","non-essential","non-essential","non-essential","non-essential"
"3024","hycF","non-essential","non-essential","non-essential","non-essential","non-essential"
"3025","hycE","non-essential","non-essential","non-essential","non-essential","non-essential"
"3026","hycD","non-essential","non-essential","non-essential","non-essential","non-essential"
"3027","hycC","non-essential","non-essential","non-essential","non-essential","non-essential"
"3028","hycB","non-essential","non-essential","non-essential","non-essential","non-essential"
"3029","unnamed_gene_1399","non-essential","non-essential","essential","non-essential","non-essential"
"3030","hycA","non-essential","non-essential","non-essential","non-essential","non-essential"
"3031","unnamed_gene_1400","non-essential","non-essential","non-essential","non-essential","non-essential"
"3032","hypA_1","non-essential","non-essential","non-essential","non-essential","non-essential"
"3033","hypB","non-essential","non-essential","non-essential","non-essential","non-essential"
"3034","hypC","non-essential","non-essential","non-essential","non-essential","non-essential"
"3035","hypD","non-essential","non-essential","non-essential","non-essential","non-essential"
"3036","hypE","non-essential","non-essential","non-essential","non-essential","non-essential"
"3037","fhlA","non-essential","non-essential","non-essential","non-essential","non-essential"
"3038","ygbA","non-essential","non-essential","non-essential","non-essential","non-essential"
"3039","unnamed_gene_1401","non-essential","non-essential","non-essential","non-essential","non-essential"
"3040","sitA","non-essential","non-essential","non-essential","non-essential","non-essential"
"3041","sitB","non-essential","non-essential","non-essential","non-essential","non-essential"
"3042","sitC","non-essential","non-essential","non-essential","non-essential","non-essential"
"3043","sitD","non-essential","non-essential","non-essential","non-essential","non-essential"
"3044","unnamed_gene_1402","non-essential","non-essential","non-essential","non-essential","non-essential"
"3045","hilC","non-essential","non-essential","non-essential","non-essential","non-essential"
"3046","unnamed_gene_1403","non-essential","non-essential","essential","non-essential","non-essential"
"3047","orgB","non-essential","non-essential","non-essential","non-essential","non-essential"
"3048","iagB","non-essential","non-essential","non-essential","non-essential","non-essential"
"3049","sipB","non-essential","non-essential","non-essential","non-essential","non-essential"
"3050","invJ","non-essential","non-essential","non-essential","non-essential","non-essential"
"3051","invC","non-essential","non-essential","non-essential","non-essential","non-essential"
"3052","unnamed_gene_1407","non-essential","non-essential","non-essential","non-essential","non-essential"
"3053","unnamed_gene_1408","non-essential","non-essential","non-essential","non-essential","non-essential"
"3054","unnamed_gene_1409","non-essential","non-essential","non-essential","non-essential","non-essential"
"3055","unnamed_gene_1410","non-essential","non-essential","non-essential","non-essential","non-essential"
"3056","unnamed_gene_1411","non-essential","non-essential","non-essential","non-essential","non-essential"
"3057","unnamed_gene_1413","non-essential","non-essential","non-essential","non-essential","non-essential"
"3058","mutS","non-essential","non-essential","non-essential","non-essential","non-essential"
"3059","unnamed_gene_1414","non-essential","non-essential","non-essential","non-essential","non-essential"
"3060","unnamed_gene_1415","non-essential","non-essential","non-essential","non-essential","non-essential"
"3061","unnamed_gene_1416","non-essential","non-essential","non-essential","non-essential","non-essential"
"3062","unnamed_gene_1417","non-essential","non-essential","non-essential","non-essential","non-essential"
"3063","unnamed_gene_1418","non-essential","non-essential","non-essential","non-essential","non-essential"
"3064","ygbM","non-essential","non-essential","non-essential","non-essential","non-essential"
"3065","ygbL","non-essential","non-essential","non-essential","non-essential","non-essential"
"3066","ygbK","essential","non-essential","non-essential","essential","essential"
"3067","ygbJ","non-essential","non-essential","non-essential","non-essential","non-essential"
"3068","ygbI","non-essential","non-essential","non-essential","non-essential","non-essential"
"3069","unnamed_gene_1419","non-essential","non-essential","non-essential","non-essential","non-essential"
"3070","unnamed_gene_1420","non-essential","non-essential","non-essential","non-essential","non-essential"
"3071","unnamed_gene_1421","non-essential","non-essential","non-essential","non-essential","non-essential"
"3072","unnamed_gene_1422","non-essential","non-essential","non-essential","non-essential","non-essential"
"3073","rpoS","non-essential","non-essential","non-essential","non-essential","non-essential"
"3074","nlpD","non-essential","non-essential","non-essential","non-essential","non-essential"
"3075","unnamed_gene_1423","non-essential","non-essential","non-essential","non-essential","non-essential"
"3076","pcm","non-essential","non-essential","non-essential","non-essential","non-essential"
"3077","surE","non-essential","non-essential","non-essential","non-essential","non-essential"
"3078","truD","non-essential","non-essential","non-essential","non-essential","non-essential"
"3079","ispF","essential","essential","essential","non-essential","essential"
"3080","ispD","essential","essential","essential","essential","essential"
"3081","ftsB","non-essential","non-essential","essential","non-essential","essential"
"3082","unnamed_gene_1424","non-essential","non-essential","essential","non-essential","non-essential"
"3083","ygbE","non-essential","non-essential","non-essential","non-essential","non-essential"
"3084","cysC","non-essential","non-essential","non-essential","non-essential","non-essential"
"3085","cysN","non-essential","non-essential","non-essential","non-essential","non-essential"
"3086","cysD","non-essential","non-essential","non-essential","non-essential","non-essential"
"3087","iap","non-essential","non-essential","non-essential","non-essential","non-essential"
"3088","ygbF","non-essential","non-essential","non-essential","non-essential","non-essential"
"3089","unnamed_gene_1425","non-essential","non-essential","non-essential","non-essential","non-essential"
"3090","ygcH","non-essential","non-essential","non-essential","non-essential","non-essential"
"3091","unnamed_gene_1426","non-essential","non-essential","non-essential","non-essential","non-essential"
"3092","yghJ","non-essential","non-essential","non-essential","non-essential","non-essential"
"3093","unnamed_gene_1427","non-essential","non-essential","non-essential","non-essential","non-essential"
"3094","unnamed_gene_1428","non-essential","non-essential","non-essential","essential","non-essential"
"3095","ygcB","non-essential","non-essential","non-essential","non-essential","non-essential"
"3096","unnamed_gene_1429","non-essential","non-essential","essential","non-essential","non-essential"
"3097","cysH","non-essential","non-essential","non-essential","non-essential","non-essential"
"3098","cysI","non-essential","non-essential","non-essential","non-essential","non-essential"
"3099","cysJ","non-essential","non-essential","non-essential","non-essential","non-essential"
"3100","ptpS","non-essential","non-essential","non-essential","non-essential","non-essential"
"3101","unnamed_gene_1430","non-essential","non-essential","non-essential","non-essential","non-essential"
"3102","ygcF","non-essential","non-essential","non-essential","non-essential","non-essential"
"3103","eno","essential","essential","non-essential","essential","essential"
"3104","pyrG","essential","essential","essential","essential","essential"
"3105","mazG","non-essential","non-essential","non-essential","non-essential","non-essential"
"3106","unnamed_gene_1431","non-essential","non-essential","non-essential","non-essential","non-essential"
"3107","unnamed_gene_1434","non-essential","non-essential","non-essential","non-essential","non-essential"
"3108","relA","non-essential","non-essential","non-essential","non-essential","non-essential"
"3109","rumA","non-essential","non-essential","non-essential","non-essential","non-essential"
"3110","barA","non-essential","non-essential","non-essential","non-essential","non-essential"
"3111","unnamed_gene_1435","non-essential","non-essential","non-essential","non-essential","non-essential"
"3112","gudD","non-essential","non-essential","non-essential","non-essential","non-essential"
"3113","ygcY","non-essential","non-essential","non-essential","non-essential","non-essential"
"3114","gudT","non-essential","non-essential","non-essential","non-essential","non-essential"
"3115","unnamed_gene_1436","non-essential","non-essential","non-essential","non-essential","non-essential"
"3116","unnamed_gene_1437","non-essential","non-essential","non-essential","non-essential","non-essential"
"3117","yqcB","non-essential","non-essential","non-essential","non-essential","non-essential"
"3118","yqcC","non-essential","non-essential","non-essential","non-essential","non-essential"
"3119","csrB","non-essential","non-essential","non-essential","non-essential","non-essential"
"3120","syd","non-essential","non-essential","non-essential","non-essential","non-essential"
"3121","queF","non-essential","non-essential","non-essential","non-essential","non-essential"
"3122","ygdH","non-essential","non-essential","non-essential","non-essential","non-essential"
"3123","unnamed_gene_1438","non-essential","non-essential","non-essential","non-essential","non-essential"
"3124","unnamed_gene_1439","non-essential","non-essential","non-essential","non-essential","non-essential"
"3125","sdaC","non-essential","non-essential","non-essential","non-essential","non-essential"
"3126","sdaB","non-essential","non-essential","non-essential","non-essential","non-essential"
"3127","unnamed_gene_1440","non-essential","non-essential","non-essential","non-essential","non-essential"
"3128","xni","non-essential","non-essential","non-essential","non-essential","non-essential"
"3129","fucO","non-essential","non-essential","non-essential","non-essential","non-essential"
"3130","fucA","non-essential","non-essential","non-essential","non-essential","non-essential"
"3131","unnamed_gene_1442","non-essential","non-essential","essential","non-essential","non-essential"
"3132","fucP","non-essential","non-essential","non-essential","non-essential","non-essential"
"3133","fucI","non-essential","non-essential","non-essential","non-essential","non-essential"
"3134","fucK","non-essential","non-essential","non-essential","non-essential","non-essential"
"3135","fucU","non-essential","non-essential","non-essential","non-essential","non-essential"
"3136","fucR","non-essential","non-essential","non-essential","non-essential","non-essential"
"3137","ygdE","non-essential","non-essential","non-essential","essential","non-essential"
"3138","ygdD","non-essential","non-essential","non-essential","non-essential","non-essential"
"3139","gcvA","non-essential","non-essential","non-essential","non-essential","non-essential"
"3140","ygdI","non-essential","non-essential","non-essential","non-essential","non-essential"
"3141","csdA","non-essential","non-essential","non-essential","non-essential","non-essential"
"3142","ygdK","non-essential","non-essential","non-essential","non-essential","non-essential"
"3143","ygdL","non-essential","non-essential","non-essential","non-essential","non-essential"
"3144","mltA","non-essential","non-essential","non-essential","non-essential","non-essential"
"3145","metZ","non-essential","non-essential","non-essential","non-essential","non-essential"
"3146","metW","non-essential","non-essential","non-essential","non-essential","non-essential"
"3147","amiC","non-essential","non-essential","non-essential","non-essential","non-essential"
"3148","argA","non-essential","non-essential","non-essential","non-essential","non-essential"
"3149","recD","non-essential","non-essential","non-essential","non-essential","non-essential"
"3150","recB","essential","essential","non-essential","essential","essential"
"3151","ptr","non-essential","non-essential","non-essential","non-essential","non-essential"
"3152","recC","essential","non-essential","non-essential","non-essential","non-essential"
"3153","ppdC","non-essential","non-essential","non-essential","non-essential","non-essential"
"3154","ygdB","non-essential","non-essential","non-essential","non-essential","non-essential"
"3155","ppdB","non-essential","non-essential","non-essential","non-essential","non-essential"
"3156","ppdA","non-essential","non-essential","non-essential","non-essential","non-essential"
"3157","unnamed_gene_1445","non-essential","non-essential","non-essential","non-essential","non-essential"
"3158","thyA","essential","essential","essential","essential","essential"
"3159","lgt","essential","essential","essential","essential","essential"
"3160","unnamed_gene_1446","non-essential","non-essential","essential","non-essential","essential"
"3161","ptsP","non-essential","non-essential","non-essential","non-essential","non-essential"
"3162","ygdP","non-essential","non-essential","non-essential","non-essential","non-essential"
"3163","unnamed_gene_1447","non-essential","non-essential","non-essential","non-essential","non-essential"
"3164","unnamed_gene_1448","non-essential","non-essential","essential","non-essential","non-essential"
"3165","unnamed_gene_1449","non-essential","non-essential","non-essential","non-essential","non-essential"
"3166","unnamed_gene_1450","non-essential","non-essential","non-essential","non-essential","non-essential"
"3167","unnamed_gene_1451","non-essential","non-essential","non-essential","non-essential","non-essential"
"3168","mutH","non-essential","non-essential","non-essential","non-essential","non-essential"
"3169","unnamed_gene_1452","non-essential","non-essential","non-essential","non-essential","non-essential"
"3170","ygdQ","non-essential","non-essential","non-essential","non-essential","non-essential"
"3171","ygdR","non-essential","non-essential","non-essential","non-essential","non-essential"
"3172","unnamed_gene_1453","non-essential","non-essential","non-essential","non-essential","non-essential"
"3173","tas","non-essential","non-essential","non-essential","non-essential","non-essential"
"3174","ygeD","non-essential","non-essential","non-essential","non-essential","non-essential"
"3175","aas","non-essential","non-essential","non-essential","non-essential","non-essential"
"3176","unnamed_gene_1454","non-essential","non-essential","non-essential","non-essential","non-essential"
"3177","galR","non-essential","non-essential","non-essential","non-essential","non-essential"
"3178","unnamed_gene_1455","non-essential","non-essential","non-essential","non-essential","non-essential"
"3179","lysA","non-essential","non-essential","non-essential","non-essential","non-essential"
"3180","lysR","non-essential","non-essential","non-essential","non-essential","non-essential"
"3181","ygeA","non-essential","non-essential","non-essential","non-essential","non-essential"
"3182","araE","non-essential","non-essential","non-essential","non-essential","non-essential"
"3183","unnamed_gene_1456","non-essential","non-essential","essential","non-essential","non-essential"
"3184","kduD","non-essential","non-essential","non-essential","non-essential","non-essential"
"3185","kduI","non-essential","non-essential","non-essential","non-essential","non-essential"
"3186","unnamed_gene_1457","non-essential","non-essential","non-essential","non-essential","non-essential"
"3187","yqeF","non-essential","non-essential","non-essential","non-essential","non-essential"
"3188","unnamed_gene_1458","non-essential","non-essential","non-essential","non-essential","non-essential"
"3189","unnamed_gene_1459","non-essential","non-essential","non-essential","non-essential","non-essential"
"3190","unnamed_gene_1460","non-essential","non-essential","non-essential","non-essential","non-essential"
"3191","yohM","non-essential","non-essential","non-essential","non-essential","non-essential"
"3192","unnamed_gene_1462","non-essential","non-essential","non-essential","non-essential","non-essential"
"3193","stdC","non-essential","non-essential","non-essential","non-essential","non-essential"
"3194","stdB","non-essential","non-essential","non-essential","non-essential","non-essential"
"3195","unnamed_gene_1465","non-essential","non-essential","non-essential","non-essential","non-essential"
"3196","unnamed_gene_1468","non-essential","non-essential","non-essential","non-essential","non-essential"
"3197","unnamed_gene_1469","non-essential","non-essential","non-essential","non-essential","non-essential"
"3198","unnamed_gene_1470","non-essential","non-essential","non-essential","non-essential","non-essential"
"3199","unnamed_gene_1471","non-essential","non-essential","non-essential","non-essential","non-essential"
"3200","unnamed_gene_1472","non-essential","non-essential","non-essential","non-essential","non-essential"
"3201","glyU","non-essential","non-essential","non-essential","non-essential","non-essential"
"3202","unnamed_gene_1473","non-essential","non-essential","non-essential","non-essential","non-essential"
"3203","unnamed_gene_1474","non-essential","non-essential","non-essential","non-essential","non-essential"
"3204","idi","non-essential","non-essential","non-essential","non-essential","non-essential"
"3205","lysS","essential","essential","essential","essential","essential"
"3206","prfB","essential","essential","essential","essential","essential"
"3207","recJ","non-essential","non-essential","non-essential","non-essential","non-essential"
"3208","dsbC","non-essential","non-essential","non-essential","non-essential","non-essential"
"3209","xerD","non-essential","non-essential","non-essential","non-essential","non-essential"
"3210","fldB","non-essential","non-essential","non-essential","non-essential","non-essential"
"3211","ygfX","non-essential","non-essential","non-essential","non-essential","non-essential"
"3212","ygfY","non-essential","non-essential","non-essential","non-essential","non-essential"
"3213","unnamed_gene_1475","non-essential","non-essential","non-essential","non-essential","non-essential"
"3214","ygfZ","essential","non-essential","non-essential","non-essential","non-essential"
"3215","yqfA","non-essential","non-essential","non-essential","non-essential","non-essential"
"3216","yqfB","non-essential","non-essential","non-essential","non-essential","non-essential"
"3217","bglA","non-essential","non-essential","non-essential","non-essential","non-essential"
"3218","gcvP","non-essential","non-essential","non-essential","non-essential","non-essential"
"3219","gcvH","non-essential","non-essential","non-essential","non-essential","non-essential"
"3220","gcvT","non-essential","non-essential","non-essential","non-essential","non-essential"
"3221","unnamed_gene_1478","non-essential","non-essential","non-essential","non-essential","non-essential"
"3222","unnamed_gene_1479","non-essential","non-essential","non-essential","non-essential","non-essential"
"3223","visC","non-essential","non-essential","non-essential","non-essential","non-essential"
"3224","unnamed_gene_1480","non-essential","non-essential","non-essential","non-essential","non-essential"
"3225","ubiH","essential","essential","essential","essential","essential"
"3226","pepP","non-essential","non-essential","non-essential","non-essential","non-essential"
"3227","ygfB","non-essential","non-essential","non-essential","non-essential","non-essential"
"3228","ygfE","non-essential","non-essential","non-essential","non-essential","non-essential"
"3229","ygfA","non-essential","non-essential","non-essential","non-essential","non-essential"
"3230","serA","non-essential","non-essential","non-essential","non-essential","non-essential"
"3231","unnamed_gene_1481","non-essential","non-essential","essential","non-essential","non-essential"
"3232","rpiA","essential","non-essential","non-essential","non-essential","non-essential"
"3233","unnamed_gene_1482","non-essential","non-essential","non-essential","non-essential","non-essential"
"3234","iciA","non-essential","non-essential","non-essential","non-essential","non-essential"
"3235","unnamed_gene_1483","non-essential","non-essential","non-essential","non-essential","non-essential"
"3236","yggE","non-essential","non-essential","non-essential","non-essential","non-essential"
"3237","yggA","non-essential","non-essential","non-essential","non-essential","non-essential"
"3238","fba","essential","essential","essential","essential","essential"
"3239","pgk","essential","essential","essential","essential","essential"
"3240","epd","non-essential","non-essential","non-essential","non-essential","non-essential"
"3241","unnamed_gene_1484","non-essential","non-essential","non-essential","non-essential","non-essential"
"3242","unnamed_gene_1485","non-essential","non-essential","non-essential","non-essential","non-essential"
"3243","unnamed_gene_1486","non-essential","non-essential","non-essential","non-essential","non-essential"
"3244","unnamed_gene_1487","non-essential","non-essential","non-essential","non-essential","non-essential"
"3245","unnamed_gene_1488","non-essential","non-essential","non-essential","non-essential","non-essential"
"3246","unnamed_gene_1489","non-essential","non-essential","non-essential","non-essential","non-essential"
"3247","tktA","non-essential","non-essential","non-essential","non-essential","non-essential"
"3248","unnamed_gene_1490","non-essential","non-essential","non-essential","non-essential","non-essential"
"3249","yggG","non-essential","non-essential","non-essential","non-essential","non-essential"
"3250","speB","non-essential","non-essential","non-essential","non-essential","non-essential"
"3251","unnamed_gene_1491","non-essential","non-essential","non-essential","non-essential","non-essential"
"3252","unnamed_gene_1492","non-essential","non-essential","non-essential","non-essential","non-essential"
"3253","unnamed_gene_1495","non-essential","non-essential","non-essential","non-essential","non-essential"
"3254","unnamed_gene_1496","non-essential","non-essential","non-essential","non-essential","non-essential"
"3255","unnamed_gene_1497","non-essential","non-essential","non-essential","non-essential","non-essential"
"3256","speA","non-essential","non-essential","non-essential","non-essential","non-essential"
"3257","yqgB","non-essential","non-essential","non-essential","non-essential","non-essential"
"3258","yqgD","non-essential","non-essential","non-essential","non-essential","non-essential"
"3259","metK","essential","essential","essential","essential","essential"
"3260","unnamed_gene_1499","non-essential","non-essential","non-essential","non-essential","non-essential"
"3261","galP","non-essential","non-essential","non-essential","non-essential","non-essential"
"3262","sprT","non-essential","non-essential","non-essential","non-essential","non-essential"
"3263","endA","non-essential","non-essential","non-essential","non-essential","non-essential"
"3264","yggJ","non-essential","non-essential","non-essential","non-essential","non-essential"
"3265","gshB","non-essential","non-essential","non-essential","non-essential","non-essential"
"3266","yqgE","non-essential","non-essential","non-essential","non-essential","non-essential"
"3267","unnamed_gene_1500","non-essential","non-essential","non-essential","non-essential","non-essential"
"3268","yggR","non-essential","non-essential","non-essential","non-essential","non-essential"
"3269","yggS","non-essential","non-essential","non-essential","non-essential","non-essential"
"3270","yggT","non-essential","non-essential","non-essential","non-essential","non-essential"
"3271","yggU","non-essential","non-essential","non-essential","non-essential","non-essential"
"3272","yggV","non-essential","non-essential","non-essential","non-essential","non-essential"
"3273","yggW","non-essential","non-essential","non-essential","non-essential","non-essential"
"3274","yggM","non-essential","non-essential","non-essential","non-essential","non-essential"
"3275","ansB","non-essential","non-essential","non-essential","non-essential","non-essential"
"3276","unnamed_gene_1501","non-essential","non-essential","non-essential","non-essential","non-essential"
"3277","yggN","non-essential","non-essential","non-essential","non-essential","non-essential"
"3278","yggL","non-essential","non-essential","non-essential","non-essential","non-essential"
"3279","trmB","non-essential","non-essential","non-essential","non-essential","non-essential"
"3280","mutY","non-essential","non-essential","non-essential","non-essential","non-essential"
"3281","yggX","non-essential","non-essential","non-essential","non-essential","non-essential"
"3282","unnamed_gene_1502","non-essential","non-essential","non-essential","non-essential","non-essential"
"3283","mltC","non-essential","non-essential","non-essential","non-essential","non-essential"
"3284","unnamed_gene_1503","non-essential","non-essential","essential","non-essential","non-essential"
"3285","nupG","non-essential","non-essential","non-essential","non-essential","non-essential"
"3286","speC","non-essential","non-essential","non-essential","non-essential","non-essential"
"3287","unnamed_gene_1504","non-essential","non-essential","non-essential","non-essential","non-essential"
"3288","unnamed_gene_1505","non-essential","non-essential","non-essential","non-essential","non-essential"
"3289","yqgA","non-essential","non-essential","non-essential","non-essential","non-essential"
"3290","pheV","non-essential","non-essential","non-essential","non-essential","non-essential"
"3291","unnamed_gene_1509","non-essential","non-essential","non-essential","non-essential","non-essential"
"3292","unnamed_gene_1510","non-essential","non-essential","non-essential","non-essential","non-essential"
"3293","unnamed_gene_1511","non-essential","non-essential","non-essential","non-essential","non-essential"
"3294","unnamed_gene_1514","non-essential","non-essential","essential","non-essential","non-essential"
"3295","unnamed_gene_1517","non-essential","non-essential","non-essential","non-essential","non-essential"
"3296","unnamed_gene_1520","non-essential","non-essential","non-essential","non-essential","non-essential"
"3297","unnamed_gene_1521","non-essential","non-essential","non-essential","non-essential","non-essential"
"3298","unnamed_gene_1522","non-essential","non-essential","non-essential","non-essential","non-essential"
"3299","unnamed_gene_1523","non-essential","non-essential","non-essential","non-essential","non-essential"
"3300","unnamed_gene_1524","non-essential","non-essential","non-essential","non-essential","non-essential"
"3301","unnamed_gene_1525","non-essential","non-essential","non-essential","non-essential","non-essential"
"3302","unnamed_gene_1526","non-essential","non-essential","non-essential","non-essential","non-essential"
"3303","unnamed_gene_1529","non-essential","non-essential","non-essential","non-essential","non-essential"
"3304","unnamed_gene_1531","non-essential","non-essential","non-essential","non-essential","non-essential"
"3305","unnamed_gene_1532","non-essential","non-essential","non-essential","non-essential","non-essential"
"3306","unnamed_gene_1533","non-essential","non-essential","non-essential","non-essential","non-essential"
"3307","unnamed_gene_1534","non-essential","non-essential","non-essential","non-essential","non-essential"
"3308","unnamed_gene_1535","non-essential","non-essential","non-essential","non-essential","non-essential"
"3309","unnamed_gene_1536","non-essential","non-essential","non-essential","non-essential","non-essential"
"3310","unnamed_gene_1537","non-essential","non-essential","non-essential","non-essential","non-essential"
"3311","gsp","non-essential","non-essential","non-essential","non-essential","non-essential"
"3312","unnamed_gene_1542","non-essential","non-essential","non-essential","non-essential","non-essential"
"3313","yghU","non-essential","non-essential","non-essential","non-essential","non-essential"
"3314","unnamed_gene_1543","non-essential","non-essential","non-essential","non-essential","non-essential"
"3315","unnamed_gene_1544","non-essential","non-essential","non-essential","non-essential","non-essential"
"3316","hybG","non-essential","non-essential","non-essential","non-essential","non-essential"
"3317","hypA_2","non-essential","non-essential","non-essential","non-essential","non-essential"
"3318","hybE","non-essential","non-essential","non-essential","non-essential","non-essential"
"3319","hybD","non-essential","non-essential","non-essential","non-essential","non-essential"
"3320","hybC","non-essential","non-essential","non-essential","non-essential","non-essential"
"3321","hybB","non-essential","non-essential","non-essential","non-essential","non-essential"
"3322","hybA","non-essential","non-essential","non-essential","non-essential","non-essential"
"3323","hypO","non-essential","non-essential","non-essential","non-essential","non-essential"
"3324","unnamed_gene_1545","non-essential","non-essential","non-essential","non-essential","non-essential"
"3325","yghW","non-essential","non-essential","non-essential","non-essential","non-essential"
"3326","unnamed_gene_1546","non-essential","non-essential","non-essential","non-essential","non-essential"
"3327","yghA","non-essential","non-essential","non-essential","non-essential","non-essential"
"3328","exbD","non-essential","non-essential","non-essential","non-essential","non-essential"
"3329","exbB","non-essential","non-essential","non-essential","non-essential","non-essential"
"3330","unnamed_gene_1551","non-essential","non-essential","essential","non-essential","non-essential"
"3331","metC","non-essential","non-essential","non-essential","non-essential","non-essential"
"3332","yghB","non-essential","non-essential","non-essential","non-essential","non-essential"
"3333","yqhC","non-essential","non-essential","non-essential","non-essential","non-essential"
"3334","unnamed_gene_1552","non-essential","non-essential","non-essential","non-essential","non-essential"
"3335","yqhD","non-essential","non-essential","non-essential","non-essential","non-essential"
"3336","dkgA","non-essential","non-essential","non-essential","non-essential","non-essential"
"3337","unnamed_gene_1553","non-essential","non-essential","essential","non-essential","non-essential"
"3338","unnamed_gene_1554","non-essential","non-essential","non-essential","non-essential","non-essential"
"3339","unnamed_gene_1555","non-essential","non-essential","non-essential","non-essential","non-essential"
"3340","ygiR","non-essential","non-essential","non-essential","non-essential","non-essential"
"3341","unnamed_gene_1560","non-essential","non-essential","non-essential","non-essential","non-essential"
"3342","sufI","non-essential","non-essential","non-essential","non-essential","non-essential"
"3343","plsC","essential","essential","essential","essential","essential"
"3344","parC","essential","essential","essential","essential","essential"
"3345","unnamed_gene_1562","non-essential","non-essential","non-essential","non-essential","non-essential"
"3346","ygiW","non-essential","non-essential","non-essential","non-essential","non-essential"
"3347","ygiX","non-essential","non-essential","non-essential","non-essential","non-essential"
"3348","ygiY","non-essential","non-essential","non-essential","non-essential","non-essential"
"3349","unnamed_gene_1563","non-essential","non-essential","essential","non-essential","non-essential"
"3350","mdaB","non-essential","non-essential","non-essential","non-essential","non-essential"
"3351","ygiN","non-essential","non-essential","non-essential","non-essential","non-essential"
"3352","parE","essential","essential","non-essential","essential","essential"
"3353","yqiA","non-essential","non-essential","non-essential","non-essential","non-essential"
"3354","icc","non-essential","non-essential","non-essential","non-essential","non-essential"
"3355","yqiB","non-essential","non-essential","non-essential","non-essential","non-essential"
"3356","nudF","non-essential","non-essential","non-essential","non-essential","non-essential"
"3357","tolC","essential","essential","essential","essential","essential"
"3358","unnamed_gene_1564","non-essential","non-essential","non-essential","non-essential","non-essential"
"3359","ygiB","non-essential","non-essential","non-essential","non-essential","non-essential"
"3360","ygiC","non-essential","non-essential","non-essential","non-essential","non-essential"
"3361","ygiD","non-essential","non-essential","non-essential","non-essential","non-essential"
"3362","ygiE","non-essential","non-essential","non-essential","non-essential","non-essential"
"3363","unnamed_gene_1568","non-essential","non-essential","non-essential","non-essential","non-essential"
"3364","ribB","essential","essential","essential","essential","essential"
"3365","yqiC","non-essential","non-essential","non-essential","non-essential","non-essential"
"3366","glgS","non-essential","non-essential","non-essential","non-essential","non-essential"
"3367","unnamed_gene_1569","non-essential","non-essential","non-essential","non-essential","non-essential"
"3368","unnamed_gene_1570","non-essential","non-essential","non-essential","non-essential","non-essential"
"3369","yqiK","non-essential","non-essential","non-essential","non-essential","non-essential"
"3370","unnamed_gene_1571","non-essential","non-essential","non-essential","non-essential","non-essential"
"3371","rfaE","essential","essential","essential","essential","essential"
"3372","glnE","non-essential","non-essential","non-essential","non-essential","non-essential"
"3373","ygiF","non-essential","non-essential","non-essential","non-essential","non-essential"
"3374","ygiM","non-essential","non-essential","non-essential","non-essential","non-essential"
"3375","cca","essential","essential","essential","essential","essential"
"3376","uppP","non-essential","non-essential","non-essential","non-essential","non-essential"
"3377","folB","non-essential","essential","essential","non-essential","non-essential"
"3378","ygiH","non-essential","non-essential","non-essential","non-essential","non-essential"
"3379","unnamed_gene_1572","non-essential","non-essential","non-essential","non-essential","essential"
"3380","gcp","essential","essential","essential","essential","essential"
"3381","rpsU","non-essential","non-essential","non-essential","non-essential","non-essential"
"3382","dnaG","essential","essential","non-essential","essential","essential"
"3383","rpoD","essential","non-essential","non-essential","essential","essential"
"3384","mug","non-essential","non-essential","non-essential","non-essential","non-essential"
"3385","unnamed_gene_1573","non-essential","non-essential","essential","non-essential","non-essential"
"3386","yqjH","non-essential","non-essential","non-essential","non-essential","non-essential"
"3387","yqjI","non-essential","non-essential","non-essential","non-essential","non-essential"
"3388","unnamed_gene_1574","non-essential","non-essential","non-essential","non-essential","non-essential"
"3389","aer","non-essential","non-essential","non-essential","non-essential","non-essential"
"3390","unnamed_gene_1575","non-essential","non-essential","non-essential","non-essential","non-essential"
"3391","oat","non-essential","non-essential","non-essential","non-essential","non-essential"
"3392","unnamed_gene_1576","non-essential","non-essential","non-essential","non-essential","non-essential"
"3393","fadH","non-essential","non-essential","non-essential","non-essential","non-essential"
"3394","ygjO","non-essential","non-essential","non-essential","non-essential","non-essential"
"3395","ygjP","non-essential","non-essential","non-essential","non-essential","non-essential"
"3396","unnamed_gene_1577","non-essential","non-essential","essential","non-essential","non-essential"
"3397","ygjQ","non-essential","non-essential","non-essential","non-essential","non-essential"
"3398","ygjR","non-essential","non-essential","non-essential","non-essential","non-essential"
"3399","unnamed_gene_1578","non-essential","non-essential","non-essential","non-essential","non-essential"
"3400","ygjT","non-essential","non-essential","non-essential","non-essential","non-essential"
"3401","ygjU","non-essential","non-essential","non-essential","non-essential","non-essential"
"3402","unnamed_gene_1579","non-essential","non-essential","non-essential","non-essential","non-essential"
"3403","yqjA","non-essential","non-essential","non-essential","non-essential","non-essential"
"3404","yqjB","non-essential","non-essential","non-essential","non-essential","non-essential"
"3405","yqjC","non-essential","non-essential","non-essential","non-essential","non-essential"
"3406","yqjD","non-essential","non-essential","non-essential","non-essential","non-essential"
"3407","yqjE","non-essential","non-essential","non-essential","non-essential","non-essential"
"3408","yqjK","non-essential","non-essential","non-essential","non-essential","non-essential"
"3409","yqjF","non-essential","non-essential","non-essential","non-essential","non-essential"
"3410","yqjG","non-essential","non-essential","non-essential","non-essential","non-essential"
"3411","yhaH","non-essential","non-essential","non-essential","non-essential","non-essential"
"3412","yhaJ","non-essential","non-essential","non-essential","non-essential","non-essential"
"3413","yhaK","non-essential","non-essential","non-essential","non-essential","non-essential"
"3414","yhaL","non-essential","non-essential","essential","non-essential","non-essential"
"3415","yhaN","non-essential","non-essential","non-essential","non-essential","non-essential"
"3416","yhaO","non-essential","non-essential","non-essential","non-essential","non-essential"
"3417","tdcG","non-essential","non-essential","non-essential","non-essential","non-essential"
"3418","tdcE","non-essential","non-essential","non-essential","non-essential","non-essential"
"3419","tdcD","non-essential","non-essential","non-essential","non-essential","non-essential"
"3420","tdcC","non-essential","non-essential","non-essential","non-essential","non-essential"
"3421","rnpB","non-essential","non-essential","non-essential","non-essential","non-essential"
"3422","garK","non-essential","non-essential","non-essential","non-essential","non-essential"
"3423","garR","non-essential","non-essential","non-essential","non-essential","non-essential"
"3424","garL","non-essential","non-essential","non-essential","non-essential","non-essential"
"3425","unnamed_gene_1581","non-essential","non-essential","non-essential","non-essential","non-essential"
"3426","garD","non-essential","non-essential","non-essential","non-essential","non-essential"
"3427","unnamed_gene_1583","non-essential","non-essential","non-essential","non-essential","non-essential"
"3428","agaR","non-essential","non-essential","non-essential","non-essential","non-essential"
"3429","unnamed_gene_1584","non-essential","non-essential","non-essential","non-essential","non-essential"
"3430","gatY_1","non-essential","non-essential","non-essential","non-essential","non-essential"
"3431","unnamed_gene_1588","non-essential","non-essential","non-essential","non-essential","non-essential"
"3432","unnamed_gene_1589","non-essential","non-essential","non-essential","non-essential","non-essential"
"3433","yraL","non-essential","non-essential","non-essential","non-essential","non-essential"
"3434","yraM","non-essential","non-essential","non-essential","non-essential","non-essential"
"3435","yraN","non-essential","non-essential","non-essential","non-essential","non-essential"
"3436","yraO","non-essential","non-essential","non-essential","non-essential","non-essential"
"3437","yraP","non-essential","non-essential","non-essential","non-essential","non-essential"
"3438","yraR","non-essential","non-essential","non-essential","non-essential","non-essential"
"3439","yhbO","non-essential","non-essential","non-essential","non-essential","non-essential"
"3440","yhbP","non-essential","non-essential","non-essential","non-essential","non-essential"
"3441","yhbQ","non-essential","non-essential","non-essential","non-essential","non-essential"
"3442","yhbS","non-essential","non-essential","non-essential","non-essential","non-essential"
"3443","yhbT","non-essential","non-essential","non-essential","non-essential","non-essential"
"3444","yhbU","non-essential","non-essential","non-essential","non-essential","non-essential"
"3445","yhbV","non-essential","non-essential","non-essential","non-essential","non-essential"
"3446","yhbW","non-essential","non-essential","non-essential","non-essential","non-essential"
"3447","mtr","non-essential","non-essential","non-essential","non-essential","non-essential"
"3448","deaD","non-essential","non-essential","non-essential","non-essential","non-essential"
"3449","nlpI","non-essential","non-essential","non-essential","non-essential","non-essential"
"3450","pnp","non-essential","non-essential","non-essential","non-essential","non-essential"
"3451","unnamed_gene_1592","non-essential","non-essential","non-essential","non-essential","non-essential"
"3452","rpsO","non-essential","non-essential","non-essential","non-essential","non-essential"
"3453","truB","non-essential","non-essential","non-essential","non-essential","non-essential"
"3454","rbfA","non-essential","non-essential","non-essential","non-essential","non-essential"
"3455","infB","essential","essential","non-essential","essential","essential"
"3456","nusA","essential","essential","non-essential","essential","essential"
"3457","yhbC","non-essential","non-essential","non-essential","non-essential","non-essential"
"3458","metY","non-essential","non-essential","non-essential","non-essential","non-essential"
"3459","argG","non-essential","non-essential","non-essential","non-essential","non-essential"
"3460","unnamed_gene_1593","non-essential","non-essential","non-essential","non-essential","non-essential"
"3461","leuU","non-essential","non-essential","essential","non-essential","non-essential"
"3462","secG","non-essential","non-essential","non-essential","non-essential","non-essential"
"3463","glmM","essential","essential","essential","essential","essential"
"3464","folP","essential","essential","essential","essential","essential"
"3465","hflB","essential","essential","essential","essential","essential"
"3466","rrmJ","essential","non-essential","non-essential","essential","non-essential"
"3467","yhbY","non-essential","non-essential","non-essential","non-essential","non-essential"
"3468","greA","non-essential","non-essential","non-essential","non-essential","non-essential"
"3469","unnamed_gene_1595","non-essential","non-essential","non-essential","non-essential","non-essential"
"3470","dacB","non-essential","non-essential","non-essential","non-essential","non-essential"
"3471","unnamed_gene_1596","non-essential","non-essential","non-essential","non-essential","non-essential"
"3472","obgE","essential","non-essential","non-essential","essential","non-essential"
"3473","yhbE","non-essential","non-essential","non-essential","non-essential","non-essential"
"3474","rpmA","non-essential","non-essential","essential","non-essential","essential"
"3475","rplU","non-essential","non-essential","essential","non-essential","essential"
"3476","ispB","essential","essential","non-essential","essential","essential"
"3477","nlp","non-essential","non-essential","non-essential","non-essential","non-essential"
"3478","murA","essential","non-essential","non-essential","essential","non-essential"
"3479","yrbA","non-essential","non-essential","non-essential","non-essential","non-essential"
"3480","unnamed_gene_1597","non-essential","non-essential","non-essential","non-essential","non-essential"
"3481","yrbB","non-essential","non-essential","non-essential","non-essential","non-essential"
"3482","yrbC","non-essential","non-essential","non-essential","non-essential","non-essential"
"3483","yrbD","non-essential","non-essential","non-essential","non-essential","non-essential"
"3484","yrbE","non-essential","non-essential","non-essential","non-essential","non-essential"
"3485","yrbF","non-essential","non-essential","non-essential","non-essential","non-essential"
"3486","yrbG","non-essential","non-essential","non-essential","non-essential","non-essential"
"3487","yrbH","non-essential","non-essential","non-essential","non-essential","non-essential"
"3488","yrbI","non-essential","non-essential","non-essential","non-essential","non-essential"
"3489","yrbK","essential","essential","essential","essential","essential"
"3490","yhbN","essential","essential","essential","essential","essential"
"3491","yhbG","essential","essential","essential","essential","essential"
"3492","rpoN","non-essential","non-essential","non-essential","non-essential","non-essential"
"3493","yhbH","non-essential","non-essential","non-essential","non-essential","non-essential"
"3494","ptsN","non-essential","non-essential","non-essential","non-essential","non-essential"
"3495","yhbJ","non-essential","non-essential","non-essential","non-essential","non-essential"
"3496","ptsO","non-essential","non-essential","non-essential","non-essential","non-essential"
"3497","yrbL","non-essential","non-essential","non-essential","non-essential","non-essential"
"3498","mtgA","non-essential","non-essential","non-essential","non-essential","non-essential"
"3499","yhbL","non-essential","non-essential","non-essential","non-essential","non-essential"
"3500","arcB","non-essential","non-essential","non-essential","non-essential","non-essential"
"3501","yhcC","non-essential","non-essential","non-essential","non-essential","non-essential"
"3502","unnamed_gene_1598","non-essential","non-essential","essential","non-essential","non-essential"
"3503","unnamed_gene_1599","non-essential","non-essential","non-essential","non-essential","non-essential"
"3504","gltB","non-essential","non-essential","non-essential","non-essential","non-essential"
"3505","gltD","non-essential","non-essential","non-essential","non-essential","non-essential"
"3506","yhcG","non-essential","non-essential","non-essential","non-essential","non-essential"
"3507","unnamed_gene_1600","non-essential","non-essential","non-essential","non-essential","non-essential"
"3508","codB","non-essential","non-essential","non-essential","non-essential","non-essential"
"3509","unnamed_gene_1601","non-essential","non-essential","non-essential","non-essential","non-essential"
"3510","yhcH","non-essential","non-essential","non-essential","non-essential","non-essential"
"3511","nanK","non-essential","non-essential","non-essential","non-essential","non-essential"
"3512","nanE","non-essential","non-essential","non-essential","non-essential","non-essential"
"3513","nanT","non-essential","non-essential","non-essential","non-essential","non-essential"
"3514","nanA","non-essential","non-essential","non-essential","non-essential","non-essential"
"3515","yhcK","non-essential","non-essential","non-essential","non-essential","non-essential"
"3516","sspB","non-essential","non-essential","non-essential","non-essential","non-essential"
"3517","sspA","non-essential","non-essential","non-essential","non-essential","non-essential"
"3518","unnamed_gene_1602","non-essential","non-essential","non-essential","non-essential","non-essential"
"3519","unnamed_gene_1603","non-essential","non-essential","non-essential","non-essential","non-essential"
"3520","rpsI","essential","essential","essential","non-essential","essential"
"3521","rplM","essential","essential","essential","non-essential","essential"
"3522","yhcM","non-essential","non-essential","non-essential","non-essential","non-essential"
"3523","yhcB","non-essential","non-essential","non-essential","non-essential","non-essential"
"3524","degQ","non-essential","non-essential","non-essential","non-essential","non-essential"
"3525","degS","non-essential","non-essential","non-essential","non-essential","non-essential"
"3526","unnamed_gene_1604","non-essential","non-essential","non-essential","non-essential","non-essential"
"3527","oadB","non-essential","non-essential","non-essential","non-essential","non-essential"
"3528","oadA","non-essential","non-essential","non-essential","non-essential","non-essential"
"3529","unnamed_gene_1606","non-essential","non-essential","non-essential","non-essential","non-essential"
"3530","unnamed_gene_1607","non-essential","non-essential","non-essential","non-essential","non-essential"
"3531","unnamed_gene_1608","non-essential","non-essential","non-essential","non-essential","non-essential"
"3532","unnamed_gene_1609","non-essential","non-essential","non-essential","non-essential","non-essential"
"3533","unnamed_gene_1610","non-essential","non-essential","essential","non-essential","non-essential"
"3534","mdh","non-essential","non-essential","non-essential","non-essential","non-essential"
"3535","unnamed_gene_1611","non-essential","non-essential","non-essential","non-essential","non-essential"
"3536","argR","non-essential","non-essential","non-essential","non-essential","non-essential"
"3537","yhcN","non-essential","non-essential","non-essential","non-essential","non-essential"
"3538","unnamed_gene_1612","non-essential","non-essential","non-essential","non-essential","non-essential"
"3539","yhcO","non-essential","non-essential","non-essential","non-essential","non-essential"
"3540","yhcP","non-essential","non-essential","non-essential","non-essential","non-essential"
"3541","yhcQ","non-essential","non-essential","non-essential","non-essential","non-essential"
"3542","yhcR","non-essential","non-essential","non-essential","non-essential","non-essential"
"3543","yhcS","non-essential","non-essential","non-essential","non-essential","non-essential"
"3544","tldD","non-essential","non-essential","non-essential","non-essential","non-essential"
"3545","yhdP","non-essential","non-essential","non-essential","non-essential","non-essential"
"3546","cafA","non-essential","non-essential","non-essential","non-essential","non-essential"
"3547","maf_2","non-essential","non-essential","non-essential","non-essential","non-essential"
"3548","mreD","essential","essential","essential","non-essential","non-essential"
"3549","mreC","essential","essential","essential","essential","essential"
"3550","mreB","essential","essential","essential","essential","essential"
"3551","unnamed_gene_1613","non-essential","non-essential","non-essential","non-essential","non-essential"
"3552","yhdA","non-essential","non-essential","non-essential","non-essential","non-essential"
"3553","yhdH","non-essential","non-essential","non-essential","non-essential","non-essential"
"3554","unnamed_gene_1614","non-essential","non-essential","non-essential","non-essential","non-essential"
"3555","unnamed_gene_1615","non-essential","non-essential","non-essential","non-essential","non-essential"
"3556","unnamed_gene_1616","non-essential","non-essential","non-essential","non-essential","essential"
"3557","unnamed_gene_1617","non-essential","non-essential","essential","non-essential","essential"
"3558","accB","essential","essential","essential","non-essential","essential"
"3559","accC","essential","non-essential","non-essential","essential","essential"
"3560","yhdT","non-essential","non-essential","non-essential","non-essential","non-essential"
"3561","panF","non-essential","non-essential","non-essential","non-essential","non-essential"
"3562","prmA","non-essential","non-essential","non-essential","non-essential","non-essential"
"3563","unnamed_gene_1618","non-essential","non-essential","non-essential","non-essential","non-essential"
"3564","yhdG","non-essential","non-essential","non-essential","non-essential","non-essential"
"3565","fis","non-essential","non-essential","non-essential","non-essential","non-essential"
"3566","yhdJ","non-essential","non-essential","non-essential","non-essential","non-essential"
"3567","yhdU","non-essential","non-essential","non-essential","non-essential","non-essential"
"3568","unnamed_gene_1619","non-essential","non-essential","non-essential","non-essential","non-essential"
"3569","unnamed_gene_1620","non-essential","non-essential","non-essential","non-essential","non-essential"
"3570","unnamed_gene_1621","non-essential","non-essential","essential","non-essential","non-essential"
"3571","acrE","non-essential","non-essential","non-essential","non-essential","non-essential"
"3572","acrF","non-essential","non-essential","non-essential","non-essential","non-essential"
"3573","unnamed_gene_1624","non-essential","non-essential","non-essential","non-essential","non-essential"
"3574","rrlD","non-essential","non-essential","non-essential","non-essential","non-essential"
"3575","rrsD","non-essential","non-essential","non-essential","non-essential","non-essential"
"3576","unnamed_gene_1625","non-essential","non-essential","non-essential","non-essential","non-essential"
"3577","yrdA","non-essential","non-essential","non-essential","non-essential","non-essential"
"3578","yrdB","non-essential","non-essential","non-essential","non-essential","non-essential"
"3579","aroE_2","non-essential","non-essential","non-essential","non-essential","non-essential"
"3580","yrdC","essential","essential","essential","essential","essential"
"3581","yrdD","non-essential","non-essential","non-essential","non-essential","non-essential"
"3582","smg","non-essential","non-essential","non-essential","non-essential","non-essential"
"3583","smf","non-essential","non-essential","non-essential","non-essential","non-essential"
"3584","def","non-essential","essential","non-essential","non-essential","non-essential"
"3585","fmt","essential","essential","essential","essential","essential"
"3586","sun","non-essential","non-essential","non-essential","non-essential","non-essential"
"3587","trkA","non-essential","non-essential","non-essential","non-essential","non-essential"
"3588","zntR","non-essential","non-essential","non-essential","non-essential","non-essential"
"3589","yhdN","non-essential","non-essential","non-essential","non-essential","non-essential"
"3590","rplQ","non-essential","essential","essential","non-essential","non-essential"
"3591","rpoA","essential","essential","non-essential","essential","essential"
"3592","rpsD","essential","essential","essential","essential","essential"
"3593","rpsK","non-essential","essential","essential","non-essential","essential"
"3594","rpsM","non-essential","essential","essential","non-essential","essential"
"3595","rpmJ_2","non-essential","non-essential","essential","non-essential","essential"
"3596","secY","essential","essential","essential","essential","essential"
"3597","rplO","essential","essential","essential","non-essential","essential"
"3598","rpmD","non-essential","non-essential","essential","non-essential","essential"
"3599","rpsE","essential","essential","essential","non-essential","essential"
"3600","rplR","non-essential","essential","essential","non-essential","essential"
"3601","rplF","essential","essential","essential","essential","essential"
"3602","rpsH","essential","essential","essential","non-essential","essential"
"3603","rpsN","non-essential","non-essential","essential","non-essential","essential"
"3604","rplE","essential","essential","essential","essential","essential"
"3605","rplX","non-essential","essential","essential","non-essential","essential"
"3606","rplN","non-essential","essential","essential","non-essential","essential"
"3607","rpsQ","non-essential","non-essential","essential","non-essential","essential"
"3608","rpmC","non-essential","non-essential","essential","non-essential","essential"
"3609","rplP","essential","essential","essential","non-essential","essential"
"3610","rpsC","essential","essential","essential","essential","essential"
"3611","rplV","non-essential","essential","essential","non-essential","essential"
"3612","rpsS","non-essential","non-essential","essential","non-essential","essential"
"3613","rplB","essential","essential","essential","essential","essential"
"3614","rplW","non-essential","non-essential","essential","non-essential","essential"
"3615","rplD","essential","essential","essential","essential","essential"
"3616","rplC","essential","essential","essential","essential","essential"
"3617","rpsJ","non-essential","non-essential","essential","non-essential","essential"
"3618","hopD","non-essential","non-essential","non-essential","non-essential","essential"
"3619","bfr","non-essential","non-essential","non-essential","non-essential","non-essential"
"3620","bfd","non-essential","non-essential","non-essential","non-essential","non-essential"
"3621","unnamed_gene_1627","non-essential","non-essential","non-essential","non-essential","non-essential"
"3622","tuf_1","non-essential","non-essential","non-essential","non-essential","non-essential"
"3623","fusA","essential","essential","essential","essential","essential"
"3624","rpsG","essential","essential","essential","non-essential","essential"
"3625","rpsL","non-essential","essential","essential","non-essential","essential"
"3626","yheL","non-essential","non-essential","non-essential","non-essential","non-essential"
"3627","yheM","non-essential","non-essential","non-essential","non-essential","non-essential"
"3628","yheN","non-essential","non-essential","non-essential","non-essential","non-essential"
"3629","yheO","non-essential","non-essential","non-essential","non-essential","non-essential"
"3630","fkpA","non-essential","non-essential","non-essential","non-essential","non-essential"
"3631","slyX","non-essential","non-essential","non-essential","non-essential","non-essential"
"3632","slyD","non-essential","non-essential","non-essential","non-essential","non-essential"
"3633","yheV","non-essential","non-essential","non-essential","non-essential","non-essential"
"3634","kefB","non-essential","non-essential","non-essential","non-essential","non-essential"
"3635","yheR","non-essential","non-essential","non-essential","non-essential","non-essential"
"3636","unnamed_gene_1628","non-essential","non-essential","non-essential","non-essential","non-essential"
"3637","yheS","non-essential","non-essential","non-essential","non-essential","non-essential"
"3638","unnamed_gene_1629","non-essential","non-essential","non-essential","non-essential","non-essential"
"3639","unnamed_gene_1630","non-essential","non-essential","non-essential","non-essential","non-essential"
"3640","unnamed_gene_1631","non-essential","non-essential","non-essential","non-essential","non-essential"
"3641","yheT","non-essential","non-essential","non-essential","non-essential","non-essential"
"3642","yheU","non-essential","non-essential","non-essential","non-essential","non-essential"
"3643","prkB","non-essential","non-essential","non-essential","non-essential","non-essential"
"3644","yhfA","non-essential","non-essential","non-essential","non-essential","non-essential"
"3645","unnamed_gene_1632","non-essential","non-essential","non-essential","non-essential","non-essential"
"3646","crp","non-essential","non-essential","non-essential","non-essential","non-essential"
"3647","yhfK","non-essential","non-essential","non-essential","non-essential","non-essential"
"3648","argD_2","non-essential","non-essential","non-essential","non-essential","non-essential"
"3649","pabA","non-essential","non-essential","non-essential","non-essential","non-essential"
"3650","fic","non-essential","non-essential","non-essential","non-essential","non-essential"
"3651","yhfG","non-essential","non-essential","non-essential","non-essential","non-essential"
"3652","ppiA","non-essential","non-essential","non-essential","non-essential","non-essential"
"3653","unnamed_gene_1633","non-essential","non-essential","non-essential","non-essential","non-essential"
"3654","yhfC","non-essential","non-essential","non-essential","non-essential","non-essential"
"3655","unnamed_gene_1634","non-essential","non-essential","non-essential","non-essential","non-essential"
"3656","nirB","non-essential","non-essential","non-essential","non-essential","non-essential"
"3657","nirD","non-essential","non-essential","non-essential","non-essential","non-essential"
"3658","unnamed_gene_1635","non-essential","non-essential","non-essential","non-essential","non-essential"
"3659","nirC","non-essential","non-essential","non-essential","non-essential","non-essential"
"3660","cysG","non-essential","non-essential","non-essential","non-essential","non-essential"
"3661","bigA","non-essential","non-essential","non-essential","non-essential","non-essential"
"3662","trpS","non-essential","non-essential","non-essential","non-essential","non-essential"
"3663","gph","non-essential","non-essential","non-essential","non-essential","non-essential"
"3664","rpe","non-essential","non-essential","non-essential","non-essential","non-essential"
"3665","dam","non-essential","non-essential","non-essential","non-essential","non-essential"
"3666","damX","non-essential","non-essential","non-essential","non-essential","non-essential"
"3667","aroB","non-essential","non-essential","non-essential","non-essential","non-essential"
"3668","aroK","non-essential","non-essential","non-essential","non-essential","non-essential"
"3669","hofQ","non-essential","non-essential","non-essential","non-essential","non-essential"
"3670","yrfA","non-essential","non-essential","non-essential","non-essential","non-essential"
"3671","yrfB","non-essential","non-essential","non-essential","non-essential","non-essential"
"3672","yrfC","non-essential","non-essential","non-essential","non-essential","non-essential"
"3673","yrfD","non-essential","non-essential","non-essential","non-essential","non-essential"
"3674","mrcA","non-essential","non-essential","non-essential","non-essential","non-essential"
"3675","nudE","non-essential","non-essential","non-essential","non-essential","non-essential"
"3676","unnamed_gene_1638","non-essential","non-essential","non-essential","non-essential","non-essential"
"3677","yrfF","essential","essential","non-essential","essential","essential"
"3678","yrfG","non-essential","non-essential","non-essential","non-essential","non-essential"
"3679","yrfH","non-essential","non-essential","non-essential","non-essential","non-essential"
"3680","hslO","non-essential","non-essential","non-essential","non-essential","non-essential"
"3681","yhgE","non-essential","non-essential","non-essential","non-essential","non-essential"
"3682","unnamed_gene_1639","non-essential","non-essential","non-essential","non-essential","non-essential"
"3683","unnamed_gene_1640","non-essential","non-essential","non-essential","non-essential","non-essential"
"3684","pckA","non-essential","non-essential","non-essential","non-essential","non-essential"
"3685","envZ","non-essential","non-essential","non-essential","non-essential","non-essential"
"3686","ompR","non-essential","non-essential","non-essential","non-essential","non-essential"
"3687","greB","non-essential","non-essential","non-essential","non-essential","non-essential"
"3688","yhgF","non-essential","non-essential","non-essential","non-essential","non-essential"
"3689","unnamed_gene_1641","non-essential","non-essential","non-essential","non-essential","non-essential"
"3690","feoA","non-essential","non-essential","non-essential","non-essential","non-essential"
"3691","feoB","non-essential","non-essential","non-essential","non-essential","non-essential"
"3692","yhgG","non-essential","non-essential","non-essential","non-essential","non-essential"
"3693","unnamed_gene_1642","non-essential","non-essential","non-essential","non-essential","non-essential"
"3694","unnamed_gene_1643","non-essential","non-essential","non-essential","non-essential","non-essential"
"3695","bioH","non-essential","non-essential","non-essential","non-essential","non-essential"
"3696","yhgH","non-essential","non-essential","non-essential","non-essential","non-essential"
"3697","yhgI","non-essential","non-essential","non-essential","non-essential","non-essential"
"3698","unnamed_gene_1644","non-essential","non-essential","non-essential","non-essential","non-essential"
"3699","gntT","non-essential","non-essential","non-essential","non-essential","non-essential"
"3700","malQ","non-essential","non-essential","non-essential","non-essential","non-essential"
"3701","malP","non-essential","non-essential","non-essential","non-essential","non-essential"
"3702","unnamed_gene_1645","non-essential","non-essential","non-essential","non-essential","non-essential"
"3703","malT","non-essential","non-essential","non-essential","non-essential","non-essential"
"3704","unnamed_gene_1646","non-essential","non-essential","non-essential","non-essential","non-essential"
"3705","unnamed_gene_1647","non-essential","non-essential","non-essential","non-essential","non-essential"
"3706","rtcA","non-essential","non-essential","non-essential","non-essential","non-essential"
"3707","rtcB","non-essential","non-essential","non-essential","non-essential","non-essential"
"3708","unnamed_gene_1648","non-essential","non-essential","non-essential","non-essential","non-essential"
"3709","unnamed_gene_1649","non-essential","non-essential","essential","non-essential","non-essential"
"3710","rtcR","non-essential","non-essential","non-essential","non-essential","non-essential"
"3711","glpR","non-essential","non-essential","non-essential","non-essential","non-essential"
"3712","unnamed_gene_1650","non-essential","non-essential","non-essential","non-essential","non-essential"
"3713","glpG","non-essential","non-essential","non-essential","non-essential","non-essential"
"3714","glpE","non-essential","non-essential","non-essential","non-essential","non-essential"
"3715","glpD","non-essential","non-essential","non-essential","non-essential","non-essential"
"3716","unnamed_gene_1651","non-essential","non-essential","non-essential","non-essential","non-essential"
"3717","unnamed_gene_1652","non-essential","non-essential","non-essential","non-essential","non-essential"
"3718","gldA_1","non-essential","non-essential","non-essential","non-essential","non-essential"
"3719","unnamed_gene_1653","non-essential","non-essential","non-essential","non-essential","non-essential"
"3720","unnamed_gene_1654","non-essential","non-essential","non-essential","non-essential","non-essential"
"3721","glgP","non-essential","non-essential","non-essential","non-essential","non-essential"
"3722","glgA","non-essential","non-essential","non-essential","non-essential","non-essential"
"3723","glgC","non-essential","non-essential","non-essential","non-essential","non-essential"
"3724","glgX","non-essential","non-essential","non-essential","non-essential","non-essential"
"3725","glgB","non-essential","non-essential","non-essential","non-essential","non-essential"
"3726","unnamed_gene_1657","non-essential","non-essential","non-essential","non-essential","non-essential"
"3727","asd","essential","essential","essential","essential","essential"
"3728","unnamed_gene_1658","non-essential","non-essential","non-essential","non-essential","non-essential"
"3729","unnamed_gene_1659","non-essential","non-essential","non-essential","non-essential","non-essential"
"3730","gntU","non-essential","non-essential","non-essential","non-essential","non-essential"
"3731","gntK","non-essential","non-essential","non-essential","non-essential","non-essential"
"3732","gntR","non-essential","non-essential","non-essential","non-essential","non-essential"
"3733","yhhW","non-essential","non-essential","non-essential","non-essential","non-essential"
"3734","yhhX","non-essential","non-essential","non-essential","non-essential","non-essential"
"3735","unnamed_gene_1660","non-essential","non-essential","non-essential","non-essential","non-essential"
"3736","unnamed_gene_1661","non-essential","non-essential","non-essential","non-essential","non-essential"
"3737","yhhY","non-essential","non-essential","non-essential","non-essential","non-essential"
"3738","unnamed_gene_1665","non-essential","non-essential","non-essential","non-essential","non-essential"
"3739","ggt","non-essential","non-essential","non-essential","non-essential","non-essential"
"3740","unnamed_gene_1666","non-essential","non-essential","non-essential","non-essential","non-essential"
"3741","yhhA","non-essential","non-essential","non-essential","non-essential","non-essential"
"3742","ugpQ","non-essential","non-essential","non-essential","non-essential","non-essential"
"3743","ugpC","non-essential","non-essential","non-essential","non-essential","non-essential"
"3744","ugpE","non-essential","non-essential","non-essential","non-essential","non-essential"
"3745","ugpA","non-essential","non-essential","non-essential","non-essential","non-essential"
"3746","ugpB","non-essential","non-essential","non-essential","non-essential","non-essential"
"3747","unnamed_gene_1667","non-essential","non-essential","non-essential","non-essential","non-essential"
"3748","yhhV","non-essential","non-essential","non-essential","non-essential","non-essential"
"3749","livF","non-essential","non-essential","non-essential","non-essential","non-essential"
"3750","livG","non-essential","non-essential","non-essential","non-essential","non-essential"
"3751","livM","non-essential","non-essential","non-essential","non-essential","non-essential"
"3752","livH","non-essential","non-essential","non-essential","non-essential","non-essential"
"3753","livK","non-essential","non-essential","non-essential","non-essential","non-essential"
"3754","unnamed_gene_1668","non-essential","non-essential","essential","non-essential","non-essential"
"3755","yhhK","non-essential","non-essential","non-essential","non-essential","non-essential"
"3756","unnamed_gene_1669","non-essential","non-essential","non-essential","non-essential","non-essential"
"3757","livJ","non-essential","non-essential","non-essential","non-essential","non-essential"
"3758","rpoH","essential","essential","essential","essential","essential"
"3759","unnamed_gene_1670","non-essential","non-essential","non-essential","non-essential","non-essential"
"3760","ftsX","essential","essential","essential","essential","essential"
"3761","ftsE","essential","essential","essential","essential","essential"
"3762","ftsY","essential","essential","essential","essential","essential"
"3763","yhhF","non-essential","non-essential","non-essential","non-essential","non-essential"
"3764","yhhL","non-essential","non-essential","non-essential","non-essential","non-essential"
"3765","yhhM","non-essential","non-essential","non-essential","non-essential","non-essential"
"3766","yhhN","non-essential","non-essential","non-essential","non-essential","non-essential"
"3767","zntA","non-essential","non-essential","non-essential","non-essential","non-essential"
"3768","tcp","non-essential","non-essential","non-essential","non-essential","non-essential"
"3769","yhhP","non-essential","non-essential","essential","non-essential","non-essential"
"3770","yhhQ","non-essential","non-essential","non-essential","non-essential","non-essential"
"3771","unnamed_gene_1671","non-essential","non-essential","non-essential","non-essential","non-essential"
"3772","yhhS","non-essential","non-essential","non-essential","non-essential","non-essential"
"3773","yhhT","non-essential","non-essential","non-essential","non-essential","non-essential"
"3774","acpT","non-essential","non-essential","non-essential","non-essential","non-essential"
"3775","nikR","non-essential","non-essential","non-essential","non-essential","non-essential"
"3776","yhhJ","non-essential","non-essential","non-essential","non-essential","non-essential"
"3777","yhiH","non-essential","non-essential","non-essential","non-essential","non-essential"
"3778","yhiI","non-essential","non-essential","non-essential","non-essential","non-essential"
"3779","unnamed_gene_1672","non-essential","non-essential","non-essential","non-essential","non-essential"
"3780","yhiN","non-essential","non-essential","non-essential","non-essential","non-essential"
"3781","pitA","non-essential","non-essential","non-essential","non-essential","non-essential"
"3782","uspB","non-essential","non-essential","non-essential","non-essential","non-essential"
"3783","uspA","non-essential","non-essential","non-essential","non-essential","non-essential"
"3784","yhiP","non-essential","non-essential","non-essential","non-essential","non-essential"
"3785","yhiQ","non-essential","non-essential","non-essential","non-essential","non-essential"
"3786","prlC","non-essential","non-essential","non-essential","non-essential","non-essential"
"3787","unnamed_gene_1673","non-essential","non-essential","non-essential","non-essential","non-essential"
"3788","unnamed_gene_1674","non-essential","non-essential","non-essential","non-essential","non-essential"
"3789","yhiR","non-essential","non-essential","non-essential","non-essential","non-essential"
"3790","gor","non-essential","non-essential","non-essential","non-essential","non-essential"
"3791","unnamed_gene_1678","non-essential","non-essential","non-essential","non-essential","non-essential"
"3792","unnamed_gene_1679","non-essential","non-essential","non-essential","non-essential","non-essential"
"3793","unnamed_gene_1680","non-essential","non-essential","non-essential","non-essential","non-essential"
"3794","treF","non-essential","non-essential","non-essential","non-essential","non-essential"
"3795","unnamed_gene_1681","non-essential","non-essential","non-essential","non-essential","non-essential"
"3796","unnamed_gene_1685","non-essential","non-essential","non-essential","non-essential","non-essential"
"3797","yhjC","non-essential","non-essential","non-essential","non-essential","non-essential"
"3798","yhjD","non-essential","non-essential","non-essential","non-essential","non-essential"
"3799","unnamed_gene_1686","non-essential","non-essential","essential","non-essential","non-essential"
"3800","yhjE","non-essential","non-essential","non-essential","non-essential","non-essential"
"3801","yhjG","non-essential","non-essential","non-essential","non-essential","non-essential"
"3802","yhjH","non-essential","non-essential","non-essential","non-essential","non-essential"
"3803","unnamed_gene_1687","non-essential","non-essential","essential","non-essential","non-essential"
"3804","kdgK","non-essential","non-essential","non-essential","non-essential","non-essential"
"3805","yhjJ","non-essential","non-essential","non-essential","non-essential","non-essential"
"3806","unnamed_gene_1688","non-essential","non-essential","non-essential","non-essential","non-essential"
"3807","dctA","non-essential","non-essential","non-essential","non-essential","non-essential"
"3808","unnamed_gene_1689","non-essential","non-essential","non-essential","non-essential","non-essential"
"3809","yhjK","non-essential","non-essential","non-essential","non-essential","non-essential"
"3810","unnamed_gene_1690","non-essential","non-essential","non-essential","non-essential","non-essential"
"3811","yhjL","non-essential","non-essential","non-essential","non-essential","non-essential"
"3812","unnamed_gene_1691","non-essential","non-essential","non-essential","non-essential","non-essential"
"3813","yhjN","non-essential","non-essential","non-essential","non-essential","non-essential"
"3814","bcsA","non-essential","non-essential","non-essential","non-essential","non-essential"
"3815","yhjQ","non-essential","non-essential","non-essential","non-essential","non-essential"
"3816","yhjT","non-essential","non-essential","non-essential","non-essential","non-essential"
"3817","yhjU","non-essential","non-essential","non-essential","non-essential","non-essential"
"3818","unnamed_gene_1693","non-essential","non-essential","non-essential","non-essential","non-essential"
"3819","unnamed_gene_1694","non-essential","non-essential","non-essential","non-essential","non-essential"
"3820","unnamed_gene_1695","non-essential","non-essential","non-essential","non-essential","non-essential"
"3821","dppF","non-essential","non-essential","non-essential","non-essential","non-essential"
"3822","dppD","non-essential","non-essential","non-essential","non-essential","non-essential"
"3823","dppC","non-essential","non-essential","non-essential","non-essential","non-essential"
"3824","dppB","non-essential","non-essential","non-essential","non-essential","non-essential"
"3825","unnamed_gene_1696","non-essential","non-essential","non-essential","non-essential","non-essential"
"3826","dppA","non-essential","non-essential","non-essential","non-essential","non-essential"
"3827","unnamed_gene_1697","non-essential","non-essential","non-essential","non-essential","non-essential"
"3828","unnamed_gene_1698","non-essential","non-essential","non-essential","non-essential","non-essential"
"3829","unnamed_gene_1699","non-essential","non-essential","essential","non-essential","non-essential"
"3830","unnamed_gene_1700","non-essential","non-essential","essential","non-essential","non-essential"
"3831","unnamed_gene_1701","non-essential","non-essential","non-essential","non-essential","non-essential"
"3832","proK","non-essential","non-essential","non-essential","non-essential","non-essential"
"3833","yhjW","non-essential","non-essential","non-essential","non-essential","non-essential"
"3834","lpfE","non-essential","non-essential","non-essential","non-essential","non-essential"
"3835","lpfC","non-essential","non-essential","non-essential","non-essential","non-essential"
"3836","yhjY","non-essential","non-essential","non-essential","non-essential","non-essential"
"3837","tag","non-essential","non-essential","non-essential","non-essential","non-essential"
"3838","yiaC","non-essential","non-essential","non-essential","non-essential","non-essential"
"3839","bisC","non-essential","non-essential","non-essential","non-essential","non-essential"
"3840","unnamed_gene_1703","non-essential","non-essential","non-essential","non-essential","non-essential"
"3841","yiaD","non-essential","non-essential","non-essential","non-essential","non-essential"
"3842","unnamed_gene_1704","non-essential","non-essential","non-essential","non-essential","non-essential"
"3843","yiaE","non-essential","non-essential","non-essential","non-essential","non-essential"
"3844","yiaF","non-essential","non-essential","non-essential","non-essential","non-essential"
"3845","yiaG","non-essential","non-essential","non-essential","non-essential","non-essential"
"3846","cspA","non-essential","non-essential","non-essential","non-essential","non-essential"
"3847","unnamed_gene_1705","non-essential","non-essential","non-essential","non-essential","non-essential"
"3848","unnamed_gene_1706","non-essential","non-essential","non-essential","non-essential","non-essential"
"3849","unnamed_gene_1707","non-essential","non-essential","non-essential","non-essential","non-essential"
"3850","unnamed_gene_1708","non-essential","non-essential","non-essential","non-essential","non-essential"
"3851","glyS","essential","essential","essential","essential","essential"
"3852","glyQ","essential","essential","essential","essential","essential"
"3853","unnamed_gene_1711","non-essential","non-essential","non-essential","non-essential","essential"
"3854","unnamed_gene_1712","non-essential","non-essential","non-essential","non-essential","non-essential"
"3855","xylB","non-essential","non-essential","non-essential","non-essential","non-essential"
"3856","xylA","non-essential","non-essential","non-essential","non-essential","non-essential"
"3857","xylR","non-essential","non-essential","non-essential","non-essential","non-essential"
"3858","bax","non-essential","non-essential","non-essential","non-essential","non-essential"
"3859","unnamed_gene_1716","non-essential","non-essential","non-essential","non-essential","non-essential"
"3860","malS","non-essential","non-essential","non-essential","non-essential","non-essential"
"3861","avtA","non-essential","non-essential","non-essential","non-essential","non-essential"
"3862","ysaA","non-essential","non-essential","non-essential","non-essential","non-essential"
"3863","yiaJ","non-essential","non-essential","non-essential","non-essential","non-essential"
"3864","unnamed_gene_1717","non-essential","non-essential","essential","non-essential","non-essential"
"3865","yiaK","non-essential","non-essential","non-essential","non-essential","non-essential"
"3866","yiaO","non-essential","non-essential","non-essential","non-essential","non-essential"
"3867","lyxK","non-essential","non-essential","non-essential","non-essential","non-essential"
"3868","sgbH","non-essential","non-essential","non-essential","non-essential","non-essential"
"3869","sgbU","non-essential","non-essential","non-essential","non-essential","non-essential"
"3870","sgbE","non-essential","non-essential","non-essential","non-essential","non-essential"
"3871","unnamed_gene_1719","non-essential","non-essential","non-essential","non-essential","non-essential"
"3872","unnamed_gene_1720","non-essential","non-essential","non-essential","non-essential","non-essential"
"3873","unnamed_gene_1721","non-essential","non-essential","non-essential","non-essential","non-essential"
"3874","aldB","non-essential","non-essential","non-essential","non-essential","non-essential"
"3875","unnamed_gene_1722","non-essential","non-essential","non-essential","non-essential","non-essential"
"3876","selB","non-essential","non-essential","non-essential","non-essential","non-essential"
"3877","selA","non-essential","non-essential","non-essential","non-essential","non-essential"
"3878","yibF","non-essential","non-essential","non-essential","non-essential","non-essential"
"3879","mtlA","non-essential","non-essential","non-essential","non-essential","non-essential"
"3880","mtlD","non-essential","non-essential","non-essential","non-essential","non-essential"
"3881","mtlR","non-essential","non-essential","non-essential","non-essential","non-essential"
"3882","yibL","non-essential","non-essential","non-essential","non-essential","non-essential"
"3883","unnamed_gene_1726","non-essential","non-essential","non-essential","non-essential","non-essential"
"3884","lldP","non-essential","non-essential","non-essential","non-essential","non-essential"
"3885","lldR","non-essential","non-essential","non-essential","non-essential","non-essential"
"3886","lldD","non-essential","non-essential","non-essential","non-essential","non-essential"
"3887","yibK","non-essential","non-essential","non-essential","non-essential","non-essential"
"3888","unnamed_gene_1727","non-essential","non-essential","non-essential","non-essential","non-essential"
"3889","unnamed_gene_1728","non-essential","non-essential","essential","non-essential","non-essential"
"3890","unnamed_gene_1729","non-essential","non-essential","non-essential","non-essential","non-essential"
"3891","cysE","non-essential","non-essential","non-essential","non-essential","non-essential"
"3892","gpsA","essential","essential","non-essential","essential","essential"
"3893","secB","non-essential","non-essential","non-essential","non-essential","non-essential"
"3894","grxC","non-essential","non-essential","non-essential","non-essential","non-essential"
"3895","yibN","non-essential","non-essential","non-essential","non-essential","non-essential"
"3896","pmgI","non-essential","non-essential","non-essential","non-essential","non-essential"
"3897","yibP","non-essential","non-essential","non-essential","non-essential","non-essential"
"3898","yigQ","non-essential","non-essential","non-essential","non-essential","non-essential"
"3899","tdh","non-essential","non-essential","non-essential","non-essential","non-essential"
"3900","kbl","non-essential","non-essential","non-essential","non-essential","non-essential"
"3901","rfaD","essential","essential","essential","essential","essential"
"3902","rfaF","essential","essential","essential","essential","essential"
"3903","rfaC","essential","essential","non-essential","essential","essential"
"3904","rfaY","non-essential","non-essential","non-essential","non-essential","non-essential"
"3905","rfaP","essential","essential","essential","essential","essential"
"3906","rfaG","essential","essential","non-essential","essential","essential"
"3907","rfaQ","essential","essential","essential","essential","essential"
"3908","unnamed_gene_1732","non-essential","non-essential","non-essential","non-essential","non-essential"
"3909","kdtA","essential","essential","essential","essential","essential"
"3910","coaD","essential","essential","essential","non-essential","non-essential"
"3911","mutM","non-essential","non-essential","non-essential","non-essential","non-essential"
"3912","rpmG","non-essential","non-essential","essential","non-essential","essential"
"3913","rpmB","non-essential","non-essential","essential","non-essential","essential"
"3914","radC","non-essential","non-essential","non-essential","non-essential","non-essential"
"3915","dfp","essential","essential","essential","essential","essential"
"3916","dut","essential","essential","essential","non-essential","essential"
"3917","slmA","non-essential","non-essential","non-essential","non-essential","non-essential"
"3918","pyrE","non-essential","non-essential","non-essential","non-essential","non-essential"
"3919","rph","non-essential","non-essential","non-essential","non-essential","non-essential"
"3920","unnamed_gene_1733","non-essential","non-essential","non-essential","non-essential","non-essential"
"3921","yicC","non-essential","non-essential","non-essential","non-essential","non-essential"
"3922","unnamed_gene_1734","non-essential","non-essential","non-essential","non-essential","non-essential"
"3923","unnamed_gene_1735","non-essential","non-essential","non-essential","non-essential","non-essential"
"3924","unnamed_gene_1736","non-essential","non-essential","non-essential","non-essential","non-essential"
"3925","unnamed_gene_1737","non-essential","non-essential","non-essential","non-essential","non-essential"
"3926","ligB","non-essential","non-essential","non-essential","non-essential","non-essential"
"3927","unnamed_gene_1738","non-essential","non-essential","non-essential","non-essential","non-essential"
"3928","gmk","essential","non-essential","non-essential","non-essential","non-essential"
"3929","rpoZ","non-essential","non-essential","non-essential","non-essential","non-essential"
"3930","spoT","essential","essential","non-essential","essential","essential"
"3931","spoU","non-essential","non-essential","non-essential","non-essential","non-essential"
"3932","recG","non-essential","non-essential","non-essential","non-essential","non-essential"
"3933","unnamed_gene_1739","non-essential","non-essential","non-essential","non-essential","non-essential"
"3934","gltS","non-essential","non-essential","non-essential","non-essential","non-essential"
"3935","unnamed_gene_1740","non-essential","non-essential","essential","non-essential","non-essential"
"3936","yicE","non-essential","non-essential","non-essential","non-essential","non-essential"
"3937","yicH","non-essential","non-essential","non-essential","non-essential","non-essential"
"3938","yicI","non-essential","non-essential","non-essential","non-essential","non-essential"
"3939","yicJ","non-essential","non-essential","non-essential","non-essential","non-essential"
"3940","unnamed_gene_1744","non-essential","non-essential","non-essential","non-essential","non-essential"
"3941","sugR","non-essential","non-essential","non-essential","non-essential","non-essential"
"3942","unnamed_gene_1745","non-essential","non-essential","non-essential","non-essential","non-essential"
"3943","rhuM","non-essential","non-essential","non-essential","non-essential","non-essential"
"3944","misL","non-essential","non-essential","non-essential","non-essential","non-essential"
"3945","mgtB","non-essential","non-essential","non-essential","non-essential","non-essential"
"3946","unnamed_gene_1752","non-essential","non-essential","non-essential","non-essential","non-essential"
"3947","unnamed_gene_1753","non-essential","non-essential","non-essential","non-essential","non-essential"
"3948","unnamed_gene_1754","non-essential","non-essential","non-essential","non-essential","non-essential"
"3949","unnamed_gene_1755","non-essential","non-essential","non-essential","non-essential","non-essential"
"3950","unnamed_gene_1756","non-essential","non-essential","non-essential","non-essential","non-essential"
"3951","unnamed_gene_1757","non-essential","non-essential","non-essential","non-essential","non-essential"
"3952","unnamed_gene_1758","non-essential","non-essential","non-essential","non-essential","non-essential"
"3953","unnamed_gene_1759","non-essential","non-essential","non-essential","non-essential","non-essential"
"3954","unnamed_gene_1760","non-essential","non-essential","non-essential","non-essential","non-essential"
"3955","unnamed_gene_1761","non-essential","non-essential","non-essential","non-essential","non-essential"
"3956","unnamed_gene_1762","non-essential","non-essential","non-essential","non-essential","non-essential"
"3957","unnamed_gene_1763","non-essential","non-essential","essential","non-essential","non-essential"
"3958","unnamed_gene_1764","non-essential","non-essential","non-essential","non-essential","non-essential"
"3959","nepI","non-essential","non-essential","non-essential","non-essential","non-essential"
"3960","unnamed_gene_1765","non-essential","non-essential","non-essential","non-essential","non-essential"
"3961","unnamed_gene_1766","non-essential","non-essential","non-essential","non-essential","non-essential"
"3962","unnamed_gene_1773","non-essential","non-essential","non-essential","non-essential","non-essential"
"3963","yicN","non-essential","non-essential","non-essential","non-essential","non-essential"
"3964","unnamed_gene_1774","non-essential","non-essential","essential","non-essential","non-essential"
"3965","uhpT","non-essential","non-essential","non-essential","non-essential","non-essential"
"3966","uhpC","non-essential","non-essential","non-essential","non-essential","non-essential"
"3967","uhpB","non-essential","non-essential","non-essential","non-essential","non-essential"
"3968","uhpA","non-essential","non-essential","non-essential","non-essential","non-essential"
"3969","unnamed_gene_1775","non-essential","non-essential","non-essential","non-essential","non-essential"
"3970","unnamed_gene_1778","non-essential","non-essential","non-essential","non-essential","non-essential"
"3971","ilvN","non-essential","non-essential","non-essential","non-essential","non-essential"
"3972","ilvB","non-essential","non-essential","non-essential","non-essential","non-essential"
"3973","unnamed_gene_1779","non-essential","non-essential","non-essential","non-essential","non-essential"
"3974","ivbL","non-essential","non-essential","non-essential","non-essential","non-essential"
"3975","unnamed_gene_1780","non-essential","non-essential","non-essential","non-essential","non-essential"
"3976","unnamed_gene_1781","non-essential","non-essential","non-essential","non-essential","non-essential"
"3977","unnamed_gene_1782","non-essential","non-essential","essential","non-essential","non-essential"
"3978","unnamed_gene_1783","non-essential","non-essential","non-essential","non-essential","non-essential"
"3979","emrD","non-essential","non-essential","non-essential","non-essential","non-essential"
"3980","unnamed_gene_1784","non-essential","non-essential","non-essential","non-essential","non-essential"
"3981","dsdC","non-essential","non-essential","non-essential","non-essential","non-essential"
"3982","unnamed_gene_1785","non-essential","non-essential","essential","non-essential","non-essential"
"3983","dsdX","non-essential","non-essential","non-essential","non-essential","non-essential"
"3984","dsdA","non-essential","non-essential","non-essential","non-essential","non-essential"
"3985","yidF","non-essential","non-essential","non-essential","non-essential","non-essential"
"3986","yidG","non-essential","non-essential","non-essential","non-essential","non-essential"
"3987","yidH","non-essential","non-essential","non-essential","non-essential","non-essential"
"3988","unnamed_gene_1786","non-essential","non-essential","non-essential","non-essential","non-essential"
"3989","unnamed_gene_1787","non-essential","non-essential","non-essential","non-essential","non-essential"
"3990","yidE","non-essential","non-essential","non-essential","non-essential","non-essential"
"3991","unnamed_gene_1788","non-essential","non-essential","non-essential","non-essential","non-essential"
"3992","ibpB","non-essential","non-essential","non-essential","non-essential","non-essential"
"3993","ibpA","non-essential","non-essential","non-essential","non-essential","non-essential"
"3994","unnamed_gene_1789","non-essential","non-essential","non-essential","non-essential","non-essential"
"3995","yidQ","non-essential","non-essential","non-essential","non-essential","non-essential"
"3996","yidR","non-essential","non-essential","non-essential","non-essential","non-essential"
"3997","ccmH_2","non-essential","non-essential","non-essential","non-essential","non-essential"
"3998","ccmG_2","non-essential","non-essential","non-essential","non-essential","non-essential"
"3999","ccmF_2","non-essential","non-essential","non-essential","non-essential","non-essential"
"4000","ccmE_2","non-essential","non-essential","non-essential","non-essential","non-essential"
"4001","ccmD_2","non-essential","non-essential","non-essential","non-essential","non-essential"
"4002","ccmC_2","non-essential","non-essential","non-essential","non-essential","non-essential"
"4003","ccmB_2","non-essential","non-essential","non-essential","non-essential","non-essential"
"4004","ccmA_2","non-essential","non-essential","non-essential","non-essential","non-essential"
"4005","torA","non-essential","non-essential","non-essential","non-essential","non-essential"
"4006","torC","non-essential","non-essential","non-essential","non-essential","non-essential"
"4007","torR","non-essential","non-essential","non-essential","non-essential","non-essential"
"4008","torT","non-essential","non-essential","non-essential","non-essential","non-essential"
"4009","torS","non-essential","non-essential","non-essential","non-essential","non-essential"
"4010","dgoT","non-essential","non-essential","non-essential","non-essential","non-essential"
"4011","dgoA","non-essential","non-essential","non-essential","non-essential","non-essential"
"4012","dgoK","non-essential","non-essential","non-essential","non-essential","non-essential"
"4013","dgoR","non-essential","non-essential","non-essential","non-essential","non-essential"
"4014","yidA","non-essential","non-essential","non-essential","non-essential","non-essential"
"4015","unnamed_gene_1792","non-essential","non-essential","non-essential","non-essential","non-essential"
"4016","unnamed_gene_1793","non-essential","non-essential","non-essential","non-essential","non-essential"
"4017","gyrB","essential","essential","essential","essential","essential"
"4018","recF","non-essential","non-essential","non-essential","non-essential","non-essential"
"4019","unnamed_gene_1794","non-essential","non-essential","non-essential","non-essential","non-essential"
"4020","dnaN","essential","essential","essential","essential","essential"
"4021","dnaA","essential","essential","essential","essential","essential"
"4022","unnamed_gene_1795","non-essential","non-essential","non-essential","non-essential","essential"
"4023","rpmH","non-essential","non-essential","essential","non-essential","essential"
"4024","rnpA","non-essential","essential","essential","non-essential","essential"
"4025","unnamed_gene_1796","non-essential","non-essential","non-essential","non-essential","essential"
"4026","yidC","essential","essential","non-essential","essential","essential"
"4027","trmE","non-essential","non-essential","non-essential","non-essential","non-essential"
"4028","unnamed_gene_1797","non-essential","non-essential","non-essential","non-essential","non-essential"
"4029","unnamed_gene_1799","non-essential","non-essential","non-essential","non-essential","non-essential"
"4030","yidY","non-essential","non-essential","non-essential","non-essential","non-essential"
"4031","yidZ","non-essential","non-essential","non-essential","non-essential","non-essential"
"4032","yieE","non-essential","non-essential","non-essential","non-essential","non-essential"
"4033","yieF","non-essential","non-essential","non-essential","non-essential","non-essential"
"4034","yieG","non-essential","non-essential","non-essential","non-essential","non-essential"
"4035","yieH","non-essential","non-essential","non-essential","non-essential","non-essential"
"4036","phoU","non-essential","non-essential","non-essential","non-essential","non-essential"
"4037","pstB","non-essential","non-essential","non-essential","non-essential","non-essential"
"4038","pstA","non-essential","non-essential","non-essential","non-essential","non-essential"
"4039","pstC","non-essential","non-essential","non-essential","non-essential","non-essential"
"4040","pstS","non-essential","non-essential","non-essential","non-essential","non-essential"
"4041","unnamed_gene_1800","non-essential","non-essential","non-essential","non-essential","non-essential"
"4042","aroE_3","non-essential","non-essential","non-essential","non-essential","non-essential"
"4043","unnamed_gene_1801","non-essential","non-essential","non-essential","non-essential","non-essential"
"4044","glmS","non-essential","non-essential","non-essential","non-essential","non-essential"
"4045","glmU","essential","essential","essential","essential","essential"
"4046","unnamed_gene_1802","non-essential","non-essential","non-essential","non-essential","non-essential"
"4047","unnamed_gene_1803","non-essential","non-essential","non-essential","non-essential","non-essential"
"4048","atpC","non-essential","non-essential","non-essential","non-essential","non-essential"
"4049","atpD","non-essential","non-essential","non-essential","non-essential","non-essential"
"4050","atpG","non-essential","non-essential","non-essential","non-essential","non-essential"
"4051","atpA","non-essential","non-essential","non-essential","non-essential","non-essential"
"4052","atpH","non-essential","non-essential","non-essential","non-essential","non-essential"
"4053","atpF","non-essential","non-essential","non-essential","non-essential","non-essential"
"4054","atpE","non-essential","non-essential","non-essential","non-essential","non-essential"
"4055","atpB","non-essential","non-essential","non-essential","non-essential","non-essential"
"4056","atpI","non-essential","non-essential","non-essential","non-essential","non-essential"
"4057","unnamed_gene_1804","non-essential","non-essential","non-essential","non-essential","non-essential"
"4058","gidB","non-essential","non-essential","non-essential","non-essential","non-essential"
"4059","gidA","non-essential","non-essential","non-essential","non-essential","non-essential"
"4060","mioC","non-essential","non-essential","non-essential","non-essential","non-essential"
"4061","asnC","non-essential","non-essential","non-essential","non-essential","non-essential"
"4062","asnA","non-essential","non-essential","non-essential","non-essential","non-essential"
"4063","yieM","non-essential","non-essential","non-essential","non-essential","non-essential"
"4064","yieN","non-essential","non-essential","non-essential","non-essential","non-essential"
"4065","trkD","non-essential","non-essential","non-essential","non-essential","non-essential"
"4066","rbsD","non-essential","non-essential","non-essential","non-essential","non-essential"
"4067","rbsA","non-essential","non-essential","non-essential","non-essential","non-essential"
"4068","rbsC","non-essential","non-essential","non-essential","non-essential","non-essential"
"4069","rbsB","non-essential","non-essential","non-essential","non-essential","non-essential"
"4070","rbsK","non-essential","non-essential","non-essential","non-essential","non-essential"
"4071","rbsR","non-essential","non-essential","non-essential","non-essential","non-essential"
"4072","yieO","non-essential","non-essential","non-essential","non-essential","non-essential"
"4073","yieP","non-essential","non-essential","non-essential","non-essential","non-essential"
"4074","rrsC","non-essential","non-essential","non-essential","non-essential","non-essential"
"4075","gltU","non-essential","non-essential","non-essential","non-essential","non-essential"
"4076","rrlC","non-essential","non-essential","non-essential","non-essential","non-essential"
"4077","unnamed_gene_1805","non-essential","non-essential","non-essential","non-essential","non-essential"
"4078","aspT","non-essential","non-essential","essential","non-essential","non-essential"
"4079","trpT","non-essential","non-essential","essential","non-essential","non-essential"
"4080","yifA","non-essential","non-essential","non-essential","non-essential","non-essential"
"4081","yifE","non-essential","non-essential","non-essential","non-essential","non-essential"
"4082","yifB","non-essential","non-essential","non-essential","non-essential","non-essential"
"4083","unnamed_gene_1806","non-essential","non-essential","essential","non-essential","non-essential"
"4084","ilvL","non-essential","non-essential","non-essential","non-essential","non-essential"
"4085","ilvG","non-essential","non-essential","non-essential","non-essential","non-essential"
"4086","ilvM","non-essential","non-essential","non-essential","non-essential","non-essential"
"4087","ilvE","non-essential","non-essential","non-essential","non-essential","non-essential"
"4088","ilvD","non-essential","non-essential","non-essential","non-essential","non-essential"
"4089","ilvA","non-essential","non-essential","non-essential","non-essential","non-essential"
"4090","unnamed_gene_1807","non-essential","non-essential","non-essential","non-essential","non-essential"
"4091","unnamed_gene_1808","non-essential","non-essential","non-essential","non-essential","non-essential"
"4092","ilvY","non-essential","non-essential","non-essential","non-essential","non-essential"
"4093","ilvC","non-essential","non-essential","non-essential","non-essential","non-essential"
"4094","ppiC","non-essential","non-essential","non-essential","non-essential","non-essential"
"4095","unnamed_gene_1809","non-essential","non-essential","non-essential","non-essential","non-essential"
"4096","unnamed_gene_1810","non-essential","non-essential","non-essential","non-essential","non-essential"
"4097","rep","essential","essential","essential","essential","essential"
"4098","gppA","non-essential","non-essential","non-essential","non-essential","non-essential"
"4099","rhlB","non-essential","non-essential","non-essential","non-essential","non-essential"
"4100","trxA","non-essential","non-essential","non-essential","non-essential","non-essential"
"4101","rhoL","non-essential","non-essential","non-essential","non-essential","non-essential"
"4102","rho","essential","essential","essential","essential","essential"
"4103","rfe","non-essential","non-essential","non-essential","non-essential","non-essential"
"4104","wzzE","non-essential","non-essential","non-essential","non-essential","non-essential"
"4105","wecB","non-essential","non-essential","non-essential","non-essential","non-essential"
"4106","wecC","non-essential","non-essential","non-essential","non-essential","non-essential"
"4107","rffG","non-essential","non-essential","non-essential","non-essential","non-essential"
"4108","rffH","non-essential","non-essential","non-essential","non-essential","non-essential"
"4109","wecD","non-essential","non-essential","non-essential","non-essential","non-essential"
"4110","wecE","non-essential","non-essential","non-essential","non-essential","non-essential"
"4111","wzxE","non-essential","non-essential","non-essential","non-essential","non-essential"
"4112","unnamed_gene_1811","non-essential","non-essential","non-essential","non-essential","non-essential"
"4113","wecF","essential","essential","non-essential","essential","essential"
"4114","wecG","non-essential","non-essential","non-essential","non-essential","non-essential"
"4115","yifK","non-essential","non-essential","non-essential","non-essential","non-essential"
"4116","argX","non-essential","non-essential","essential","non-essential","non-essential"
"4117","hisR","non-essential","non-essential","non-essential","non-essential","non-essential"
"4118","leuT","non-essential","non-essential","non-essential","non-essential","non-essential"
"4119","proM","non-essential","non-essential","essential","non-essential","non-essential"
"4120","unnamed_gene_1812","non-essential","non-essential","non-essential","non-essential","non-essential"
"4121","hemY","non-essential","non-essential","non-essential","non-essential","non-essential"
"4122","hemX","non-essential","non-essential","non-essential","non-essential","non-essential"
"4123","hemD","non-essential","non-essential","non-essential","non-essential","non-essential"
"4124","hemC","essential","non-essential","non-essential","essential","non-essential"
"4125","unnamed_gene_1813","non-essential","non-essential","non-essential","non-essential","non-essential"
"4126","cyaA","non-essential","non-essential","non-essential","essential","non-essential"
"4127","unnamed_gene_1814","non-essential","non-essential","non-essential","non-essential","non-essential"
"4128","cyaY","non-essential","non-essential","non-essential","non-essential","non-essential"
"4129","unnamed_gene_1818","non-essential","non-essential","non-essential","non-essential","non-essential"
"4130","unnamed_gene_1819","non-essential","non-essential","non-essential","non-essential","non-essential"
"4131","yifL","non-essential","non-essential","non-essential","non-essential","non-essential"
"4132","dapF","essential","essential","essential","essential","essential"
"4133","yigA","non-essential","non-essential","non-essential","non-essential","non-essential"
"4134","xerC","non-essential","non-essential","non-essential","non-essential","non-essential"
"4135","yigB","non-essential","non-essential","non-essential","non-essential","non-essential"
"4136","uvrD","non-essential","non-essential","non-essential","non-essential","non-essential"
"4137","unnamed_gene_1820","non-essential","non-essential","non-essential","non-essential","non-essential"
"4138","corA","non-essential","non-essential","non-essential","non-essential","non-essential"
"4139","rarD","non-essential","non-essential","non-essential","non-essential","non-essential"
"4140","yigI","non-essential","non-essential","non-essential","non-essential","non-essential"
"4141","unnamed_gene_1821","non-essential","non-essential","non-essential","non-essential","non-essential"
"4142","pldA","non-essential","non-essential","non-essential","non-essential","non-essential"
"4143","recQ","non-essential","non-essential","non-essential","non-essential","non-essential"
"4144","rhtC","non-essential","non-essential","non-essential","non-essential","non-essential"
"4145","rhtB","non-essential","non-essential","non-essential","non-essential","non-essential"
"4146","pldB","non-essential","non-essential","non-essential","non-essential","non-essential"
"4147","yigL","non-essential","non-essential","non-essential","non-essential","non-essential"
"4148","yigM","non-essential","non-essential","non-essential","non-essential","non-essential"
"4149","metR","non-essential","non-essential","non-essential","non-essential","non-essential"
"4150","unnamed_gene_1822","non-essential","non-essential","non-essential","non-essential","non-essential"
"4151","metE","non-essential","non-essential","non-essential","non-essential","non-essential"
"4152","unnamed_gene_1823","non-essential","non-essential","non-essential","non-essential","non-essential"
"4153","unnamed_gene_1824","non-essential","non-essential","non-essential","non-essential","non-essential"
"4154","unnamed_gene_1825","non-essential","non-essential","non-essential","non-essential","non-essential"
"4155","dlhH","non-essential","non-essential","non-essential","non-essential","non-essential"
"4156","udp","non-essential","non-essential","non-essential","non-essential","non-essential"
"4157","yigN","non-essential","non-essential","non-essential","non-essential","non-essential"
"4158","ubiE","essential","essential","essential","essential","essential"
"4159","yigP","non-essential","non-essential","non-essential","non-essential","non-essential"
"4160","ubiB","essential","essential","essential","essential","essential"
"4161","tatA","non-essential","non-essential","non-essential","non-essential","non-essential"
"4162","tatB","non-essential","non-essential","non-essential","non-essential","non-essential"
"4163","tatC","non-essential","non-essential","non-essential","non-essential","non-essential"
"4164","yigW","non-essential","non-essential","non-essential","non-essential","non-essential"
"4165","rfaH","non-essential","non-essential","non-essential","non-essential","non-essential"
"4166","unnamed_gene_1826","non-essential","non-essential","non-essential","non-essential","non-essential"
"4167","yigC","essential","essential","essential","essential","essential"
"4168","fadA","non-essential","non-essential","non-essential","non-essential","non-essential"
"4169","fadB","non-essential","non-essential","non-essential","non-essential","non-essential"
"4170","pepQ","non-essential","non-essential","non-essential","non-essential","non-essential"
"4171","yigZ","non-essential","non-essential","non-essential","non-essential","non-essential"
"4172","trkH","non-essential","non-essential","non-essential","non-essential","non-essential"
"4173","hemG","non-essential","non-essential","non-essential","non-essential","non-essential"
"4174","rrsA","non-essential","non-essential","non-essential","non-essential","non-essential"
"4175","ileT","non-essential","non-essential","non-essential","non-essential","non-essential"
"4176","unnamed_gene_1827","non-essential","non-essential","non-essential","non-essential","non-essential"
"4177","rrlA","non-essential","non-essential","non-essential","non-essential","non-essential"
"4178","rrfA","non-essential","non-essential","non-essential","non-essential","non-essential"
"4179","unnamed_gene_1829","non-essential","non-essential","non-essential","non-essential","non-essential"
"4180","mobB","non-essential","non-essential","non-essential","non-essential","non-essential"
"4181","mobA","non-essential","non-essential","non-essential","non-essential","non-essential"
"4182","yihD","non-essential","non-essential","non-essential","non-essential","non-essential"
"4183","yihE","non-essential","non-essential","non-essential","non-essential","non-essential"
"4184","dsbA","non-essential","non-essential","non-essential","non-essential","non-essential"
"4185","yihG","non-essential","non-essential","non-essential","non-essential","non-essential"
"4186","unnamed_gene_1830","non-essential","non-essential","essential","non-essential","non-essential"
"4187","polA","essential","essential","essential","essential","essential"
"4188","spf","non-essential","non-essential","essential","non-essential","non-essential"
"4189","unnamed_gene_1831","non-essential","non-essential","non-essential","non-essential","non-essential"
"4190","yihA","non-essential","essential","non-essential","essential","non-essential"
"4191","unnamed_gene_1832","non-essential","non-essential","non-essential","non-essential","non-essential"
"4192","yihI","non-essential","non-essential","non-essential","non-essential","non-essential"
"4193","hemN","non-essential","non-essential","non-essential","non-essential","non-essential"
"4194","glnG","non-essential","non-essential","non-essential","non-essential","non-essential"
"4195","glnL","non-essential","non-essential","non-essential","non-essential","non-essential"
"4196","unnamed_gene_1834","non-essential","non-essential","non-essential","non-essential","non-essential"
"4197","glnA","non-essential","non-essential","non-essential","non-essential","non-essential"
"4198","unnamed_gene_1835","non-essential","non-essential","non-essential","non-essential","non-essential"
"4199","typA","non-essential","non-essential","non-essential","non-essential","non-essential"
"4200","unnamed_gene_1837","non-essential","non-essential","non-essential","non-essential","non-essential"
"4201","yihP","non-essential","non-essential","non-essential","non-essential","non-essential"
"4202","yihQ","non-essential","non-essential","non-essential","non-essential","non-essential"
"4203","yihR","non-essential","non-essential","non-essential","non-essential","non-essential"
"4204","yihS","non-essential","non-essential","non-essential","non-essential","non-essential"
"4205","yihT","non-essential","non-essential","non-essential","non-essential","non-essential"
"4206","yihU","non-essential","non-essential","non-essential","non-essential","non-essential"
"4207","unnamed_gene_1842","non-essential","non-essential","essential","non-essential","non-essential"
"4208","yihV","non-essential","non-essential","non-essential","non-essential","non-essential"
"4209","yihW","non-essential","non-essential","non-essential","non-essential","non-essential"
"4210","yihX","non-essential","non-essential","non-essential","non-essential","non-essential"
"4211","rbn","non-essential","non-essential","non-essential","non-essential","non-essential"
"4212","yihZ","non-essential","non-essential","non-essential","non-essential","non-essential"
"4213","yiiD","non-essential","non-essential","non-essential","non-essential","non-essential"
"4214","unnamed_gene_1843","non-essential","non-essential","non-essential","non-essential","non-essential"
"4215","unnamed_gene_1844","non-essential","non-essential","non-essential","non-essential","non-essential"
"4216","unnamed_gene_1845","non-essential","non-essential","non-essential","non-essential","non-essential"
"4217","unnamed_gene_1846","non-essential","non-essential","non-essential","non-essential","non-essential"
"4218","unnamed_gene_1847","non-essential","non-essential","non-essential","non-essential","non-essential"
"4219","fdhE","non-essential","non-essential","non-essential","non-essential","non-essential"
"4220","fdoI","non-essential","non-essential","non-essential","non-essential","non-essential"
"4221","fdoH","non-essential","non-essential","non-essential","non-essential","non-essential"
"4222","fdoG","non-essential","non-essential","non-essential","non-essential","non-essential"
"4223","fdhD","non-essential","non-essential","non-essential","non-essential","non-essential"
"4224","unnamed_gene_1850","non-essential","non-essential","non-essential","non-essential","non-essential"
"4225","unnamed_gene_1852","non-essential","non-essential","non-essential","non-essential","non-essential"
"4226","unnamed_gene_1853","non-essential","non-essential","non-essential","non-essential","non-essential"
"4227","unnamed_gene_1854","non-essential","non-essential","non-essential","non-essential","non-essential"
"4228","yiiL","non-essential","non-essential","non-essential","non-essential","non-essential"
"4229","unnamed_gene_1855","non-essential","non-essential","non-essential","non-essential","non-essential"
"4230","rhaD","non-essential","non-essential","non-essential","non-essential","non-essential"
"4231","rhaA","non-essential","non-essential","non-essential","non-essential","non-essential"
"4232","rhaB","non-essential","non-essential","non-essential","non-essential","non-essential"
"4233","unnamed_gene_1856","non-essential","non-essential","non-essential","non-essential","non-essential"
"4234","unnamed_gene_1857","non-essential","non-essential","essential","non-essential","non-essential"
"4235","rhaS","non-essential","non-essential","non-essential","non-essential","non-essential"
"4236","rhaR","non-essential","non-essential","non-essential","non-essential","non-essential"
"4237","rhaT","non-essential","non-essential","non-essential","non-essential","non-essential"
"4238","unnamed_gene_1859","non-essential","non-essential","essential","non-essential","non-essential"
"4239","unnamed_gene_1862","non-essential","non-essential","non-essential","non-essential","non-essential"
"4240","unnamed_gene_1863","non-essential","non-essential","non-essential","non-essential","non-essential"
"4241","sodA","non-essential","non-essential","non-essential","non-essential","non-essential"
"4242","yiiM","non-essential","non-essential","non-essential","non-essential","non-essential"
"4243","unnamed_gene_1864","non-essential","non-essential","non-essential","non-essential","non-essential"
"4244","cpxA","non-essential","non-essential","non-essential","non-essential","non-essential"
"4245","cpxR","non-essential","non-essential","non-essential","non-essential","non-essential"
"4246","cpxP","non-essential","non-essential","non-essential","non-essential","non-essential"
"4247","fieF","non-essential","non-essential","non-essential","non-essential","non-essential"
"4248","pfkA","non-essential","non-essential","non-essential","non-essential","non-essential"
"4249","unnamed_gene_1865","non-essential","non-essential","non-essential","non-essential","non-essential"
"4250","sbp","non-essential","non-essential","non-essential","non-essential","non-essential"
"4251","ushB","non-essential","non-essential","non-essential","non-essential","non-essential"
"4252","unnamed_gene_1867","non-essential","non-essential","non-essential","non-essential","non-essential"
"4253","unnamed_gene_1868","non-essential","non-essential","non-essential","non-essential","non-essential"
"4254","unnamed_gene_1869","non-essential","non-essential","non-essential","non-essential","non-essential"
"4255","unnamed_gene_1870","non-essential","non-essential","non-essential","non-essential","non-essential"
"4256","unnamed_gene_1871","non-essential","non-essential","non-essential","non-essential","non-essential"
"4257","unnamed_gene_1872","non-essential","non-essential","non-essential","non-essential","non-essential"
"4258","ydeV","non-essential","non-essential","non-essential","non-essential","non-essential"
"4259","ydeW","non-essential","non-essential","non-essential","non-essential","non-essential"
"4260","unnamed_gene_1873","non-essential","non-essential","non-essential","non-essential","non-essential"
"4261","ego","non-essential","non-essential","non-essential","non-essential","non-essential"
"4262","yneC","non-essential","non-essential","non-essential","non-essential","non-essential"
"4263","unnamed_gene_1874","non-essential","non-essential","non-essential","non-essential","non-essential"
"4264","tpiA","non-essential","non-essential","non-essential","non-essential","non-essential"
"4265","yiiQ","non-essential","non-essential","non-essential","non-essential","non-essential"
"4266","yiiR","non-essential","non-essential","non-essential","non-essential","non-essential"
"4267","unnamed_gene_1875","non-essential","non-essential","non-essential","non-essential","non-essential"
"4268","fpr","non-essential","non-essential","non-essential","non-essential","non-essential"
"4269","glpX","non-essential","non-essential","non-essential","non-essential","non-essential"
"4270","glpK","non-essential","non-essential","non-essential","non-essential","non-essential"
"4271","glpF","non-essential","non-essential","non-essential","non-essential","non-essential"
"4272","unnamed_gene_1876","non-essential","non-essential","non-essential","non-essential","non-essential"
"4273","yiiU","non-essential","non-essential","non-essential","non-essential","non-essential"
"4274","unnamed_gene_1877","non-essential","non-essential","non-essential","non-essential","non-essential"
"4275","menG","non-essential","non-essential","non-essential","non-essential","non-essential"
"4276","menA","non-essential","non-essential","non-essential","non-essential","non-essential"
"4277","hslU","non-essential","non-essential","non-essential","non-essential","non-essential"
"4278","hslV","non-essential","non-essential","non-essential","non-essential","non-essential"
"4279","ftsN","non-essential","non-essential","non-essential","non-essential","non-essential"
"4280","cytR","non-essential","non-essential","non-essential","non-essential","non-essential"
"4281","priA","essential","essential","non-essential","essential","essential"
"4282","rpmE","non-essential","non-essential","non-essential","non-essential","non-essential"
"4283","unnamed_gene_1878","non-essential","non-essential","non-essential","non-essential","non-essential"
"4284","metB","non-essential","non-essential","non-essential","non-essential","non-essential"
"4285","metL","non-essential","non-essential","non-essential","non-essential","non-essential"
"4286","unnamed_gene_1882","non-essential","non-essential","non-essential","non-essential","non-essential"
"4287","unnamed_gene_1883","non-essential","non-essential","non-essential","non-essential","non-essential"
"4288","unnamed_gene_1884","non-essential","non-essential","non-essential","non-essential","non-essential"
"4289","metF","non-essential","non-essential","non-essential","non-essential","non-essential"
"4290","katG","non-essential","non-essential","non-essential","non-essential","non-essential"
"4291","yijF","non-essential","non-essential","non-essential","non-essential","non-essential"
"4292","unnamed_gene_1885","non-essential","non-essential","non-essential","non-essential","non-essential"
"4293","gldA_2","non-essential","non-essential","non-essential","non-essential","non-essential"
"4294","talC","non-essential","non-essential","non-essential","non-essential","non-essential"
"4295","ptsA","non-essential","non-essential","non-essential","non-essential","non-essential"
"4296","unnamed_gene_1886","non-essential","non-essential","non-essential","non-essential","non-essential"
"4297","unnamed_gene_1887","non-essential","non-essential","non-essential","non-essential","non-essential"
"4298","frwC","non-essential","non-essential","non-essential","non-essential","non-essential"
"4299","frwB","non-essential","non-essential","non-essential","non-essential","non-essential"
"4300","pflD","non-essential","non-essential","non-essential","non-essential","non-essential"
"4301","pflC","non-essential","non-essential","non-essential","non-essential","non-essential"
"4302","frwD","non-essential","non-essential","non-essential","non-essential","non-essential"
"4303","yijO","non-essential","non-essential","non-essential","non-essential","non-essential"
"4304","unnamed_gene_1888","non-essential","non-essential","non-essential","non-essential","non-essential"
"4305","unnamed_gene_1889","non-essential","non-essential","non-essential","non-essential","non-essential"
"4306","yijP","non-essential","non-essential","non-essential","non-essential","non-essential"
"4307","unnamed_gene_1890","non-essential","non-essential","non-essential","non-essential","non-essential"
"4308","ppc","non-essential","non-essential","non-essential","non-essential","non-essential"
"4309","argE","non-essential","non-essential","non-essential","non-essential","non-essential"
"4310","argC","non-essential","non-essential","non-essential","non-essential","non-essential"
"4311","argB","non-essential","non-essential","non-essential","non-essential","non-essential"
"4312","argH","non-essential","non-essential","non-essential","non-essential","non-essential"
"4313","oxyR","non-essential","non-essential","non-essential","non-essential","non-essential"
"4314","udhA","non-essential","non-essential","non-essential","non-essential","non-essential"
"4315","unnamed_gene_1891","non-essential","non-essential","non-essential","non-essential","non-essential"
"4316","yijC","non-essential","non-essential","non-essential","non-essential","non-essential"
"4317","yijD","non-essential","non-essential","non-essential","non-essential","non-essential"
"4318","trmA","non-essential","non-essential","non-essential","non-essential","non-essential"
"4319","btuB","non-essential","non-essential","non-essential","non-essential","non-essential"
"4320","murI","essential","essential","essential","essential","essential"
"4321","rrsB","non-essential","non-essential","non-essential","non-essential","non-essential"
"4322","ileU","non-essential","non-essential","non-essential","non-essential","non-essential"
"4323","unnamed_gene_1893","non-essential","non-essential","non-essential","non-essential","non-essential"
"4324","rrlB","non-essential","non-essential","non-essential","non-essential","non-essential"
"4325","murB","essential","essential","essential","essential","essential"
"4326","birA","essential","essential","essential","essential","essential"
"4327","coaA","essential","essential","essential","essential","essential"
"4328","unnamed_gene_1894","non-essential","non-essential","non-essential","non-essential","non-essential"
"4329","unnamed_gene_1895","non-essential","non-essential","non-essential","non-essential","non-essential"
"4330","thrU","non-essential","non-essential","non-essential","non-essential","non-essential"
"4331","tyrU","non-essential","non-essential","non-essential","non-essential","non-essential"
"4332","glyT","non-essential","non-essential","non-essential","non-essential","non-essential"
"4333","tuf_2","non-essential","non-essential","non-essential","non-essential","non-essential"
"4334","unnamed_gene_1896","non-essential","non-essential","non-essential","non-essential","non-essential"
"4335","secE","non-essential","essential","essential","non-essential","essential"
"4336","nusG","essential","essential","essential","essential","essential"
"4337","rplK","essential","essential","essential","non-essential","essential"
"4338","rplA","essential","essential","essential","essential","essential"
"4339","rplJ","essential","essential","essential","non-essential","essential"
"4340","rplL","non-essential","essential","essential","non-essential","essential"
"4341","rpoB","essential","essential","essential","essential","essential"
"4342","rpoC","essential","essential","essential","essential","essential"
"4343","unnamed_gene_1897","non-essential","non-essential","non-essential","non-essential","non-essential"
"4344","unnamed_gene_1899","non-essential","non-essential","non-essential","non-essential","non-essential"
"4345","thiH","non-essential","non-essential","non-essential","non-essential","non-essential"
"4346","thiG","non-essential","non-essential","non-essential","non-essential","non-essential"
"4347","unnamed_gene_1904","non-essential","non-essential","non-essential","non-essential","non-essential"
"4348","thiF","non-essential","non-essential","non-essential","non-essential","non-essential"
"4349","thiE","non-essential","non-essential","non-essential","non-essential","non-essential"
"4350","thiC","non-essential","non-essential","non-essential","non-essential","non-essential"
"4351","rsd","non-essential","non-essential","non-essential","non-essential","non-essential"
"4352","nudC","non-essential","non-essential","non-essential","non-essential","non-essential"
"4353","hemE","essential","essential","essential","essential","essential"
"4354","nfi","non-essential","non-essential","non-essential","non-essential","non-essential"
"4355","yjaG","non-essential","non-essential","non-essential","non-essential","non-essential"
"4356","hupA","non-essential","non-essential","non-essential","non-essential","non-essential"
"4357","yjaH","non-essential","non-essential","non-essential","non-essential","non-essential"
"4358","zraP","non-essential","non-essential","non-essential","non-essential","non-essential"
"4359","hydH","non-essential","non-essential","non-essential","non-essential","non-essential"
"4360","hydG","non-essential","non-essential","non-essential","non-essential","non-essential"
"4361","purD","non-essential","non-essential","non-essential","non-essential","non-essential"
"4362","purH","non-essential","non-essential","non-essential","non-essential","non-essential"
"4363","unnamed_gene_1905","non-essential","non-essential","essential","non-essential","non-essential"
"4364","unnamed_gene_1906","non-essential","non-essential","non-essential","non-essential","non-essential"
"4365","unnamed_gene_1907","non-essential","non-essential","non-essential","non-essential","non-essential"
"4366","rrsE","non-essential","non-essential","non-essential","non-essential","non-essential"
"4367","gltV","non-essential","non-essential","non-essential","non-essential","non-essential"
"4368","rrlE","non-essential","non-essential","non-essential","non-essential","non-essential"
"4369","unnamed_gene_1908","non-essential","non-essential","non-essential","non-essential","non-essential"
"4370","unnamed_gene_1909","non-essential","non-essential","non-essential","non-essential","non-essential"
"4371","yjaB","non-essential","non-essential","non-essential","non-essential","non-essential"
"4372","metA","non-essential","non-essential","non-essential","non-essential","non-essential"
"4373","aceB","non-essential","non-essential","non-essential","non-essential","non-essential"
"4374","aceA","non-essential","non-essential","non-essential","non-essential","non-essential"
"4375","unnamed_gene_1910","non-essential","non-essential","non-essential","non-essential","non-essential"
"4376","aceK","non-essential","non-essential","non-essential","non-essential","non-essential"
"4377","unnamed_gene_1911","non-essential","non-essential","non-essential","non-essential","non-essential"
"4378","iclR","non-essential","non-essential","non-essential","non-essential","non-essential"
"4379","metH","non-essential","non-essential","non-essential","non-essential","non-essential"
"4380","yjbB","non-essential","non-essential","non-essential","non-essential","non-essential"
"4381","pepE","non-essential","non-essential","non-essential","non-essential","non-essential"
"4382","unnamed_gene_1912","non-essential","non-essential","non-essential","non-essential","non-essential"
"4383","unnamed_gene_1913","non-essential","non-essential","non-essential","non-essential","non-essential"
"4384","yjbC","non-essential","non-essential","non-essential","non-essential","non-essential"
"4385","yjbD","non-essential","non-essential","non-essential","non-essential","non-essential"
"4386","unnamed_gene_1914","non-essential","non-essential","non-essential","non-essential","non-essential"
"4387","unnamed_gene_1915","non-essential","non-essential","non-essential","non-essential","non-essential"
"4388","unnamed_gene_1918","non-essential","non-essential","non-essential","non-essential","non-essential"
"4389","unnamed_gene_1921","non-essential","non-essential","non-essential","non-essential","non-essential"
"4390","unnamed_gene_1923","non-essential","non-essential","non-essential","non-essential","non-essential"
"4391","unnamed_gene_1924","non-essential","non-essential","non-essential","non-essential","non-essential"
"4392","unnamed_gene_1930","non-essential","non-essential","non-essential","non-essential","non-essential"
"4393","unnamed_gene_1931","non-essential","non-essential","non-essential","non-essential","non-essential"
"4394","unnamed_gene_1932","non-essential","non-essential","non-essential","non-essential","non-essential"
"4395","unnamed_gene_1933","non-essential","non-essential","non-essential","non-essential","non-essential"
"4396","unnamed_gene_1934","non-essential","non-essential","non-essential","non-essential","non-essential"
"4397","unnamed_gene_1935","non-essential","non-essential","non-essential","non-essential","non-essential"
"4398","unnamed_gene_1937","non-essential","non-essential","non-essential","non-essential","non-essential"
"4399","unnamed_gene_1938","non-essential","non-essential","non-essential","non-essential","non-essential"
"4400","unnamed_gene_1941","non-essential","non-essential","non-essential","non-essential","non-essential"
"4401","lysC","non-essential","non-essential","non-essential","non-essential","non-essential"
"4402","pgi","non-essential","non-essential","non-essential","non-essential","non-essential"
"4403","yjbF","non-essential","non-essential","non-essential","non-essential","non-essential"
"4404","yjbG","non-essential","non-essential","non-essential","non-essential","non-essential"
"4405","yjbH","non-essential","non-essential","non-essential","non-essential","non-essential"
"4406","yjbA","non-essential","non-essential","non-essential","non-essential","non-essential"
"4407","malG","non-essential","non-essential","non-essential","non-essential","non-essential"
"4408","malF","non-essential","non-essential","non-essential","non-essential","non-essential"
"4409","unnamed_gene_1945","non-essential","non-essential","non-essential","non-essential","non-essential"
"4410","malE","non-essential","non-essential","non-essential","non-essential","non-essential"
"4411","malK","non-essential","non-essential","non-essential","non-essential","non-essential"
"4412","lamB","non-essential","non-essential","non-essential","non-essential","non-essential"
"4413","unnamed_gene_1947","non-essential","non-essential","non-essential","non-essential","non-essential"
"4414","malM","non-essential","non-essential","non-essential","non-essential","non-essential"
"4415","ubiC","non-essential","non-essential","non-essential","non-essential","non-essential"
"4416","ubiA","essential","essential","essential","essential","essential"
"4417","plsB","essential","essential","essential","essential","essential"
"4418","dgkA","non-essential","non-essential","non-essential","non-essential","non-essential"
"4419","lexA","essential","essential","essential","essential","essential"
"4420","dinF","non-essential","non-essential","non-essential","non-essential","non-essential"
"4421","unnamed_gene_1948","non-essential","non-essential","non-essential","non-essential","non-essential"
"4422","yjbJ","non-essential","non-essential","non-essential","non-essential","non-essential"
"4423","zur","non-essential","non-essential","non-essential","non-essential","non-essential"
"4424","unnamed_gene_1949","non-essential","non-essential","non-essential","non-essential","non-essential"
"4425","yjbN","non-essential","non-essential","non-essential","non-essential","non-essential"
"4426","unnamed_gene_1950","non-essential","non-essential","essential","non-essential","non-essential"
"4427","pspG","non-essential","non-essential","non-essential","non-essential","non-essential"
"4428","qor","non-essential","non-essential","non-essential","non-essential","non-essential"
"4429","dnaB","essential","essential","essential","essential","essential"
"4430","alr","non-essential","non-essential","non-essential","non-essential","non-essential"
"4431","tyrB","non-essential","non-essential","non-essential","non-essential","non-essential"
"4432","aphA","non-essential","non-essential","non-essential","non-essential","non-essential"
"4433","yjbQ","non-essential","non-essential","non-essential","non-essential","non-essential"
"4434","yjbR","non-essential","non-essential","non-essential","non-essential","non-essential"
"4435","unnamed_gene_1951","non-essential","non-essential","non-essential","non-essential","non-essential"
"4436","unnamed_gene_1952","non-essential","non-essential","non-essential","non-essential","non-essential"
"4437","uvrA","non-essential","non-essential","non-essential","non-essential","non-essential"
"4438","unnamed_gene_1953","non-essential","non-essential","essential","non-essential","essential"
"4439","ssb","essential","essential","essential","essential","essential"
"4440","unnamed_gene_1955","non-essential","non-essential","non-essential","non-essential","non-essential"
"4441","unnamed_gene_1956","non-essential","non-essential","non-essential","non-essential","non-essential"
"4442","unnamed_gene_1959","non-essential","non-essential","non-essential","essential","non-essential"
"4443","unnamed_gene_1962","non-essential","non-essential","non-essential","non-essential","non-essential"
"4444","soxS","non-essential","non-essential","non-essential","non-essential","non-essential"
"4445","soxR","non-essential","non-essential","non-essential","non-essential","non-essential"
"4446","unnamed_gene_1964","non-essential","non-essential","essential","non-essential","non-essential"
"4447","unnamed_gene_1965","non-essential","non-essential","non-essential","non-essential","non-essential"
"4448","unnamed_gene_1966","non-essential","non-essential","non-essential","non-essential","non-essential"
"4449","unnamed_gene_1967","non-essential","non-essential","non-essential","non-essential","non-essential"
"4450","yjcD","non-essential","non-essential","non-essential","non-essential","non-essential"
"4451","unnamed_gene_1968","non-essential","non-essential","non-essential","non-essential","non-essential"
"4452","yjcE","non-essential","non-essential","non-essential","essential","non-essential"
"4453","unnamed_gene_1969","non-essential","non-essential","non-essential","non-essential","non-essential"
"4454","unnamed_gene_1970","non-essential","non-essential","non-essential","non-essential","non-essential"
"4455","unnamed_gene_1971","non-essential","non-essential","non-essential","non-essential","non-essential"
"4456","actP","non-essential","non-essential","non-essential","non-essential","non-essential"
"4457","yjcH","non-essential","non-essential","non-essential","non-essential","non-essential"
"4458","acs","non-essential","non-essential","non-essential","non-essential","non-essential"
"4459","unnamed_gene_1972","non-essential","non-essential","non-essential","non-essential","non-essential"
"4460","nrfA","non-essential","non-essential","non-essential","non-essential","non-essential"
"4461","nrfB","non-essential","non-essential","non-essential","non-essential","non-essential"
"4462","nrfC","non-essential","non-essential","non-essential","non-essential","non-essential"
"4463","nrfD","non-essential","non-essential","non-essential","non-essential","non-essential"
"4464","nrfE","non-essential","non-essential","non-essential","non-essential","non-essential"
"4465","nrfG","non-essential","non-essential","non-essential","non-essential","non-essential"
"4466","unnamed_gene_1973","non-essential","non-essential","non-essential","non-essential","non-essential"
"4467","unnamed_gene_1974","non-essential","non-essential","non-essential","non-essential","non-essential"
"4468","gltP","non-essential","non-essential","non-essential","non-essential","non-essential"
"4469","unnamed_gene_1975","non-essential","non-essential","non-essential","non-essential","non-essential"
"4470","yjcO","non-essential","non-essential","non-essential","non-essential","non-essential"
"4471","unnamed_gene_1976","non-essential","non-essential","non-essential","non-essential","non-essential"
"4472","fdhF","non-essential","non-essential","non-essential","non-essential","non-essential"
"4473","lpxO","non-essential","non-essential","non-essential","non-essential","non-essential"
"4474","phnO","non-essential","non-essential","non-essential","non-essential","non-essential"
"4475","phnB","non-essential","non-essential","non-essential","non-essential","non-essential"
"4476","phnA","non-essential","non-essential","non-essential","non-essential","non-essential"
"4477","unnamed_gene_1977","non-essential","non-essential","non-essential","non-essential","non-essential"
"4478","proP","non-essential","non-essential","non-essential","non-essential","non-essential"
"4479","unnamed_gene_1978","non-essential","non-essential","non-essential","non-essential","non-essential"
"4480","basS","non-essential","non-essential","non-essential","non-essential","non-essential"
"4481","basR","non-essential","non-essential","non-essential","non-essential","non-essential"
"4482","yjdB","non-essential","non-essential","non-essential","non-essential","non-essential"
"4483","yjdE","non-essential","non-essential","non-essential","non-essential","non-essential"
"4484","adi","non-essential","non-essential","non-essential","non-essential","non-essential"
"4485","melR","non-essential","non-essential","non-essential","non-essential","non-essential"
"4486","melA","non-essential","non-essential","non-essential","non-essential","non-essential"
"4487","melB","non-essential","non-essential","non-essential","non-essential","non-essential"
"4488","fumB","non-essential","non-essential","non-essential","non-essential","non-essential"
"4489","dcuB","non-essential","non-essential","non-essential","non-essential","non-essential"
"4490","dcuS","non-essential","non-essential","non-essential","non-essential","non-essential"
"4491","unnamed_gene_1982","non-essential","non-essential","non-essential","non-essential","non-essential"
"4492","unnamed_gene_1983","non-essential","non-essential","non-essential","non-essential","non-essential"
"4493","unnamed_gene_1984","non-essential","non-essential","non-essential","non-essential","non-essential"
"4494","unnamed_gene_1985","non-essential","non-essential","non-essential","non-essential","non-essential"
"4495","unnamed_gene_1990","non-essential","non-essential","non-essential","non-essential","non-essential"
"4496","unnamed_gene_1991","non-essential","non-essential","non-essential","non-essential","non-essential"
"4497","unnamed_gene_1992","non-essential","non-essential","essential","non-essential","non-essential"
"4498","unnamed_gene_1994","non-essential","non-essential","non-essential","non-essential","non-essential"
"4499","unnamed_gene_1995","non-essential","non-essential","non-essential","non-essential","non-essential"
"4500","unnamed_gene_1996","non-essential","non-essential","non-essential","non-essential","non-essential"
"4501","unnamed_gene_1997","non-essential","non-essential","non-essential","non-essential","non-essential"
"4502","unnamed_gene_1998","non-essential","non-essential","non-essential","non-essential","non-essential"
"4503","yjdC","non-essential","non-essential","non-essential","non-essential","non-essential"
"4504","dipZ","non-essential","non-essential","non-essential","non-essential","non-essential"
"4505","cutA","non-essential","non-essential","non-essential","non-essential","non-essential"
"4506","dcuA","non-essential","non-essential","non-essential","non-essential","non-essential"
"4507","aspA","non-essential","non-essential","non-essential","non-essential","non-essential"
"4508","unnamed_gene_1999","non-essential","non-essential","non-essential","non-essential","non-essential"
"4509","fxsA","non-essential","non-essential","non-essential","non-essential","non-essential"
"4510","yjeH","non-essential","non-essential","non-essential","non-essential","non-essential"
"4511","groES","essential","essential","essential","non-essential","essential"
"4512","groEL","essential","essential","non-essential","essential","essential"
"4513","unnamed_gene_2000","non-essential","non-essential","non-essential","non-essential","non-essential"
"4514","yjeI","non-essential","non-essential","non-essential","non-essential","non-essential"
"4515","yjeK","non-essential","non-essential","non-essential","non-essential","non-essential"
"4516","efp","non-essential","non-essential","non-essential","non-essential","non-essential"
"4517","ecnA","non-essential","non-essential","non-essential","non-essential","non-essential"
"4518","ecnR","non-essential","non-essential","non-essential","non-essential","non-essential"
"4519","sugE","non-essential","non-essential","non-essential","non-essential","non-essential"
"4520","blc","non-essential","non-essential","non-essential","non-essential","non-essential"
"4521","frdD","non-essential","non-essential","non-essential","non-essential","non-essential"
"4522","frdB","non-essential","non-essential","non-essential","non-essential","non-essential"
"4523","frdA","non-essential","non-essential","non-essential","non-essential","non-essential"
"4524","yjeA","non-essential","non-essential","non-essential","non-essential","non-essential"
"4525","yjeO","non-essential","non-essential","non-essential","non-essential","non-essential"
"4526","yjeP","non-essential","non-essential","non-essential","non-essential","non-essential"
"4527","psd","essential","essential","non-essential","essential","essential"
"4528","yjeQ","essential","non-essential","non-essential","essential","non-essential"
"4529","orn","non-essential","non-essential","non-essential","non-essential","non-essential"
"4530","unnamed_gene_2004","non-essential","non-essential","non-essential","non-essential","non-essential"
"4531","glyV","non-essential","non-essential","non-essential","non-essential","non-essential"
"4532","glyX","non-essential","non-essential","non-essential","non-essential","non-essential"
"4533","glyY","non-essential","non-essential","non-essential","non-essential","non-essential"
"4534","yjeS","non-essential","non-essential","non-essential","non-essential","non-essential"
"4535","yjeF","non-essential","non-essential","non-essential","non-essential","non-essential"
"4536","yjeE","essential","essential","essential","non-essential","non-essential"
"4537","amiB","non-essential","non-essential","non-essential","non-essential","non-essential"
"4538","mutL","non-essential","non-essential","non-essential","non-essential","non-essential"
"4539","miaA","non-essential","non-essential","non-essential","non-essential","non-essential"
"4540","hfq","non-essential","non-essential","non-essential","non-essential","non-essential"
"4541","hflX","non-essential","non-essential","non-essential","non-essential","non-essential"
"4542","hflK","non-essential","non-essential","non-essential","non-essential","non-essential"
"4543","hflC","non-essential","non-essential","non-essential","non-essential","non-essential"
"4544","yjeT","non-essential","non-essential","non-essential","non-essential","non-essential"
"4545","unnamed_gene_2005","non-essential","non-essential","non-essential","non-essential","non-essential"
"4546","purA","non-essential","non-essential","non-essential","non-essential","non-essential"
"4547","yjeB","non-essential","non-essential","non-essential","non-essential","non-essential"
"4548","vacB","non-essential","non-essential","non-essential","non-essential","non-essential"
"4549","yjfH","non-essential","non-essential","non-essential","non-essential","non-essential"
"4550","unnamed_gene_2006","non-essential","non-essential","non-essential","non-essential","non-essential"
"4551","yjfK","non-essential","non-essential","non-essential","non-essential","non-essential"
"4552","yjfM","non-essential","non-essential","non-essential","non-essential","non-essential"
"4553","yjfC","non-essential","non-essential","non-essential","non-essential","non-essential"
"4554","aidB","non-essential","non-essential","non-essential","non-essential","non-essential"
"4555","yjfN","non-essential","non-essential","non-essential","non-essential","non-essential"
"4556","yjfO","non-essential","non-essential","non-essential","non-essential","non-essential"
"4557","yjfP","non-essential","non-essential","non-essential","non-essential","non-essential"
"4558","yjfQ","non-essential","non-essential","non-essential","non-essential","non-essential"
"4559","yjfR","non-essential","non-essential","non-essential","non-essential","non-essential"
"4560","ulaA_3","non-essential","non-essential","non-essential","non-essential","non-essential"
"4561","sgaB","non-essential","non-essential","non-essential","non-essential","non-essential"
"4562","ptxA","non-essential","non-essential","non-essential","non-essential","non-essential"
"4563","ulaD","non-essential","non-essential","non-essential","non-essential","non-essential"
"4564","sgaU","non-essential","non-essential","non-essential","non-essential","non-essential"
"4565","sgaE","non-essential","non-essential","non-essential","non-essential","non-essential"
"4566","yjfY","non-essential","non-essential","non-essential","non-essential","non-essential"
"4567","unnamed_gene_2007","non-essential","non-essential","non-essential","non-essential","non-essential"
"4568","unnamed_gene_2008","non-essential","non-essential","non-essential","non-essential","non-essential"
"4569","unnamed_gene_2009","non-essential","non-essential","non-essential","non-essential","non-essential"
"4570","rpsF","essential","essential","essential","non-essential","essential"
"4571","priB","non-essential","essential","essential","non-essential","essential"
"4572","rpsR","non-essential","non-essential","non-essential","non-essential","essential"
"4573","rplI","non-essential","non-essential","non-essential","non-essential","non-essential"
"4574","yifZ","non-essential","non-essential","non-essential","non-essential","non-essential"
"4575","ytfB","non-essential","non-essential","non-essential","non-essential","non-essential"
"4576","fklB","non-essential","non-essential","non-essential","non-essential","non-essential"
"4577","cycA","non-essential","non-essential","non-essential","non-essential","non-essential"
"4578","ytfE","non-essential","non-essential","non-essential","non-essential","non-essential"
"4579","ytfF","non-essential","non-essential","non-essential","non-essential","non-essential"
"4580","ytfG","non-essential","non-essential","non-essential","non-essential","non-essential"
"4581","ytfH","non-essential","non-essential","non-essential","non-essential","non-essential"
"4582","cpdB","non-essential","non-essential","non-essential","non-essential","non-essential"
"4583","unnamed_gene_2010","non-essential","non-essential","non-essential","non-essential","non-essential"
"4584","cysQ","non-essential","non-essential","non-essential","non-essential","non-essential"
"4585","ytfJ","non-essential","non-essential","non-essential","non-essential","non-essential"
"4586","unnamed_gene_2011","non-essential","non-essential","non-essential","non-essential","non-essential"
"4587","ytfK","non-essential","non-essential","non-essential","non-essential","non-essential"
"4588","ytfL","non-essential","non-essential","non-essential","non-essential","non-essential"
"4589","msrA","non-essential","non-essential","non-essential","non-essential","non-essential"
"4590","unnamed_gene_2012","non-essential","non-essential","non-essential","non-essential","non-essential"
"4591","ytfM","non-essential","non-essential","non-essential","non-essential","non-essential"
"4592","ytfN","non-essential","non-essential","non-essential","non-essential","non-essential"
"4593","ytfP","non-essential","non-essential","non-essential","non-essential","non-essential"
"4594","fbp","non-essential","non-essential","non-essential","non-essential","non-essential"
"4595","unnamed_gene_2015","non-essential","non-essential","non-essential","non-essential","non-essential"
"4596","mpl","non-essential","non-essential","non-essential","non-essential","non-essential"
"4597","unnamed_gene_2016","non-essential","non-essential","non-essential","non-essential","non-essential"
"4598","unnamed_gene_2017","non-essential","non-essential","non-essential","non-essential","non-essential"
"4599","unnamed_gene_2020","non-essential","non-essential","essential","non-essential","non-essential"
"4600","unnamed_gene_2021","non-essential","non-essential","non-essential","non-essential","non-essential"
"4601","unnamed_gene_2022","non-essential","non-essential","non-essential","non-essential","non-essential"
"4602","unnamed_gene_2023","non-essential","non-essential","non-essential","non-essential","non-essential"
"4603","unnamed_gene_2024","non-essential","non-essential","non-essential","non-essential","non-essential"
"4604","unnamed_gene_2026","non-essential","non-essential","non-essential","non-essential","non-essential"
"4605","srfJ","non-essential","non-essential","non-essential","non-essential","non-essential"
"4606","unnamed_gene_2029","non-essential","non-essential","non-essential","non-essential","non-essential"
"4607","unnamed_gene_2030","non-essential","non-essential","non-essential","non-essential","non-essential"
"4608","unnamed_gene_2031","non-essential","non-essential","non-essential","non-essential","non-essential"
"4609","unnamed_gene_2032","non-essential","non-essential","non-essential","non-essential","non-essential"
"4610","unnamed_gene_2034","non-essential","non-essential","non-essential","non-essential","non-essential"
"4611","unnamed_gene_2036","non-essential","non-essential","non-essential","non-essential","non-essential"
"4612","yjgA","non-essential","non-essential","non-essential","non-essential","non-essential"
"4613","pmbA","non-essential","non-essential","non-essential","non-essential","non-essential"
"4614","cybC","non-essential","non-essential","non-essential","non-essential","non-essential"
"4615","unnamed_gene_2037","non-essential","non-essential","non-essential","non-essential","non-essential"
"4616","unnamed_gene_2038","non-essential","non-essential","non-essential","non-essential","non-essential"
"4617","unnamed_gene_2039","non-essential","non-essential","non-essential","non-essential","non-essential"
"4618","unnamed_gene_2040","non-essential","non-essential","non-essential","non-essential","non-essential"
"4619","unnamed_gene_2041","non-essential","non-essential","non-essential","non-essential","non-essential"
"4620","unnamed_gene_2042","non-essential","non-essential","non-essential","non-essential","non-essential"
"4621","unnamed_gene_2043","non-essential","non-essential","non-essential","non-essential","non-essential"
"4622","unnamed_gene_2044","non-essential","non-essential","non-essential","non-essential","non-essential"
"4623","unnamed_gene_2045","non-essential","non-essential","non-essential","non-essential","non-essential"
"4624","unnamed_gene_2046","non-essential","non-essential","non-essential","non-essential","non-essential"
"4625","unnamed_gene_2047","non-essential","non-essential","non-essential","non-essential","non-essential"
"4626","nrdG","non-essential","non-essential","non-essential","non-essential","non-essential"
"4627","nrdD","non-essential","non-essential","non-essential","non-essential","non-essential"
"4628","unnamed_gene_2048","non-essential","non-essential","essential","non-essential","non-essential"
"4629","treC","non-essential","non-essential","non-essential","non-essential","non-essential"
"4630","treB","non-essential","non-essential","non-essential","non-essential","non-essential"
"4631","unnamed_gene_2049","non-essential","non-essential","essential","non-essential","non-essential"
"4632","treR","non-essential","non-essential","non-essential","non-essential","non-essential"
"4633","mgtA","non-essential","non-essential","non-essential","non-essential","non-essential"
"4634","unnamed_gene_2050","non-essential","non-essential","non-essential","non-essential","non-essential"
"4635","yjgF","non-essential","non-essential","non-essential","non-essential","non-essential"
"4636","pyrI","non-essential","non-essential","non-essential","non-essential","non-essential"
"4637","pyrB","non-essential","non-essential","non-essential","non-essential","non-essential"
"4638","pyrL","non-essential","non-essential","non-essential","non-essential","non-essential"
"4639","unnamed_gene_2051","non-essential","non-essential","non-essential","non-essential","non-essential"
"4640","unnamed_gene_2052","non-essential","non-essential","non-essential","non-essential","non-essential"
"4641","unnamed_gene_2053","non-essential","non-essential","non-essential","non-essential","non-essential"
"4642","unnamed_gene_2054","non-essential","non-essential","non-essential","non-essential","non-essential"
"4643","unnamed_gene_2055","non-essential","non-essential","non-essential","non-essential","non-essential"
"4644","unnamed_gene_2056","non-essential","non-essential","non-essential","non-essential","non-essential"
"4645","unnamed_gene_2058","non-essential","non-essential","non-essential","non-essential","non-essential"
"4646","yjgK","non-essential","non-essential","non-essential","non-essential","non-essential"
"4647","argI","non-essential","non-essential","non-essential","non-essential","non-essential"
"4648","yjgD","non-essential","non-essential","non-essential","non-essential","non-essential"
"4649","miaE","non-essential","non-essential","non-essential","non-essential","non-essential"
"4650","valS","essential","essential","essential","essential","essential"
"4651","holC","non-essential","non-essential","non-essential","non-essential","essential"
"4652","pepA","non-essential","non-essential","non-essential","non-essential","non-essential"
"4653","unnamed_gene_2060","non-essential","non-essential","non-essential","non-essential","non-essential"
"4654","yjgP","essential","essential","essential","essential","essential"
"4655","yjgQ","essential","essential","essential","essential","essential"
"4656","idnR","non-essential","non-essential","non-essential","non-essential","non-essential"
"4657","idnT","non-essential","non-essential","non-essential","non-essential","non-essential"
"4658","idnO","non-essential","non-essential","non-essential","non-essential","non-essential"
"4659","yjgB","non-essential","non-essential","non-essential","non-essential","non-essential"
"4660","leuX","non-essential","non-essential","non-essential","non-essential","non-essential"
"4661","unnamed_gene_2062","non-essential","non-essential","non-essential","non-essential","non-essential"
"4662","unnamed_gene_2064","non-essential","non-essential","non-essential","non-essential","non-essential"
"4663","unnamed_gene_2065","non-essential","non-essential","non-essential","non-essential","non-essential"
"4664","unnamed_gene_2066","non-essential","non-essential","non-essential","non-essential","non-essential"
"4665","unnamed_gene_2067","non-essential","non-essential","non-essential","non-essential","non-essential"
"4666","unnamed_gene_2068","non-essential","non-essential","non-essential","non-essential","non-essential"
"4667","unnamed_gene_2070","non-essential","non-essential","non-essential","non-essential","non-essential"
"4668","unnamed_gene_2071","non-essential","non-essential","non-essential","non-essential","non-essential"
"4669","unnamed_gene_2072","non-essential","non-essential","non-essential","non-essential","non-essential"
"4670","yjhP","non-essential","non-essential","non-essential","non-essential","non-essential"
"4671","unnamed_gene_2075","non-essential","non-essential","non-essential","non-essential","non-essential"
"4672","unnamed_gene_2083","non-essential","non-essential","non-essential","non-essential","non-essential"
"4673","unnamed_gene_2084","non-essential","non-essential","non-essential","non-essential","non-essential"
"4674","uxuR","non-essential","non-essential","non-essential","non-essential","non-essential"
"4675","trpS2","non-essential","non-essential","non-essential","non-essential","non-essential"
"4676","unnamed_gene_2085","non-essential","non-essential","non-essential","non-essential","non-essential"
"4677","unnamed_gene_2087","non-essential","non-essential","essential","non-essential","non-essential"
"4678","unnamed_gene_2088","non-essential","non-essential","essential","non-essential","non-essential"
"4679","unnamed_gene_2089","non-essential","non-essential","non-essential","non-essential","non-essential"
"4680","yjiE","non-essential","non-essential","non-essential","non-essential","non-essential"
"4681","iadA","non-essential","non-essential","non-essential","non-essential","non-essential"
"4682","yjiG","non-essential","non-essential","non-essential","non-essential","non-essential"
"4683","yjiH","non-essential","non-essential","non-essential","non-essential","non-essential"
"4684","yjiJ","non-essential","non-essential","non-essential","non-essential","non-essential"
"4685","unnamed_gene_2090","non-essential","non-essential","essential","non-essential","non-essential"
"4686","yjiN","non-essential","non-essential","non-essential","essential","essential"
"4687","yjiO","non-essential","non-essential","non-essential","non-essential","essential"
"4688","unnamed_gene_2091","non-essential","non-essential","non-essential","non-essential","non-essential"
"4689","unnamed_gene_2092","non-essential","non-essential","non-essential","non-essential","non-essential"
"4690","unnamed_gene_2093","non-essential","non-essential","non-essential","non-essential","non-essential"
"4691","unnamed_gene_2094","non-essential","non-essential","non-essential","non-essential","non-essential"
"4692","unnamed_gene_2095","non-essential","non-essential","non-essential","non-essential","non-essential"
"4693","unnamed_gene_2097","non-essential","non-essential","non-essential","non-essential","non-essential"
"4694","unnamed_gene_2098","non-essential","non-essential","non-essential","non-essential","non-essential"
"4695","hsdM","non-essential","non-essential","non-essential","non-essential","non-essential"
"4696","hsdR","non-essential","non-essential","non-essential","non-essential","non-essential"
"4697","mrr","non-essential","non-essential","non-essential","non-essential","non-essential"
"4698","unnamed_gene_2099","non-essential","non-essential","essential","non-essential","non-essential"
"4699","unnamed_gene_2100","non-essential","non-essential","non-essential","non-essential","non-essential"
"4700","unnamed_gene_2101","non-essential","non-essential","non-essential","non-essential","non-essential"
"4701","yjiA","non-essential","non-essential","non-essential","non-essential","non-essential"
"4702","yjiX","non-essential","non-essential","non-essential","non-essential","non-essential"
"4703","yjiY","non-essential","non-essential","non-essential","non-essential","non-essential"
"4704","tsr","non-essential","non-essential","non-essential","non-essential","non-essential"
"4705","unnamed_gene_2102","non-essential","non-essential","non-essential","non-essential","non-essential"
"4706","unnamed_gene_2103","non-essential","non-essential","non-essential","non-essential","non-essential"
"4707","unnamed_gene_2109","non-essential","non-essential","non-essential","non-essential","non-essential"
"4708","mdoB","non-essential","non-essential","non-essential","non-essential","non-essential"
"4709","yjjA","non-essential","non-essential","non-essential","non-essential","non-essential"
"4710","dnaC","essential","essential","essential","essential","essential"
"4711","dnaT","essential","essential","essential","essential","essential"
"4712","unnamed_gene_2111","non-essential","non-essential","non-essential","non-essential","non-essential"
"4713","yjjP","non-essential","non-essential","non-essential","non-essential","non-essential"
"4714","unnamed_gene_2112","non-essential","non-essential","non-essential","non-essential","non-essential"
"4715","unnamed_gene_2113","non-essential","non-essential","non-essential","non-essential","non-essential"
"4716","fhuF","non-essential","non-essential","non-essential","non-essential","non-essential"
"4717","unnamed_gene_2114","non-essential","non-essential","non-essential","non-essential","non-essential"
"4718","unnamed_gene_2115","non-essential","non-essential","non-essential","non-essential","non-essential"
"4719","unnamed_gene_2116","non-essential","non-essential","non-essential","non-essential","non-essential"
"4720","leuV","non-essential","non-essential","non-essential","non-essential","non-essential"
"4721","leuP","non-essential","non-essential","non-essential","non-essential","non-essential"
"4722","leuQ","non-essential","non-essential","non-essential","non-essential","non-essential"
"4723","rsmC","non-essential","non-essential","non-essential","non-essential","non-essential"
"4724","unnamed_gene_2117","non-essential","non-essential","non-essential","non-essential","non-essential"
"4725","holD","non-essential","non-essential","non-essential","non-essential","non-essential"
"4726","rimI","non-essential","non-essential","non-essential","non-essential","non-essential"
"4727","yjjG","non-essential","non-essential","non-essential","non-essential","non-essential"
"4728","prfC","non-essential","non-essential","non-essential","non-essential","non-essential"
"4729","unnamed_gene_2118","non-essential","non-essential","non-essential","non-essential","non-essential"
"4730","osmY","non-essential","non-essential","non-essential","non-essential","non-essential"
"4731","unnamed_gene_2119","non-essential","non-essential","non-essential","non-essential","non-essential"
"4732","yjjU","non-essential","non-essential","non-essential","non-essential","non-essential"
"4733","yjjV","non-essential","non-essential","non-essential","non-essential","non-essential"
"4734","yjjW","non-essential","non-essential","non-essential","non-essential","non-essential"
"4735","yjjI","non-essential","non-essential","non-essential","non-essential","non-essential"
"4736","unnamed_gene_2120","non-essential","non-essential","non-essential","non-essential","non-essential"
"4737","deoC","non-essential","non-essential","non-essential","non-essential","non-essential"
"4738","deoA","non-essential","non-essential","non-essential","non-essential","non-essential"
"4739","deoB","non-essential","non-essential","non-essential","non-essential","non-essential"
"4740","deoD","non-essential","non-essential","non-essential","non-essential","non-essential"
"4741","unnamed_gene_2121","non-essential","non-essential","non-essential","non-essential","non-essential"
"4742","stjB","non-essential","non-essential","non-essential","non-essential","non-essential"
"4743","unnamed_gene_2124","non-essential","non-essential","non-essential","non-essential","non-essential"
"4744","lplA","non-essential","non-essential","non-essential","non-essential","non-essential"
"4745","smp","non-essential","non-essential","non-essential","non-essential","non-essential"
"4746","serB","non-essential","non-essential","non-essential","non-essential","non-essential"
"4747","radA","non-essential","non-essential","non-essential","non-essential","non-essential"
"4748","nadR","non-essential","non-essential","non-essential","non-essential","non-essential"
"4749","yjjK","non-essential","non-essential","non-essential","non-essential","non-essential"
"4750","slt","non-essential","non-essential","non-essential","non-essential","non-essential"
"4751","trpR","non-essential","non-essential","non-essential","non-essential","non-essential"
"4752","yjjX","non-essential","non-essential","non-essential","non-essential","non-essential"
"4753","gpmB","non-essential","non-essential","non-essential","non-essential","non-essential"
"4754","rob","non-essential","non-essential","non-essential","non-essential","non-essential"
"4755","creA","non-essential","non-essential","non-essential","non-essential","non-essential"
"4756","creB","non-essential","non-essential","non-essential","non-essential","non-essential"
"4757","creC","non-essential","non-essential","non-essential","non-essential","non-essential"
"4758","creD","non-essential","non-essential","non-essential","non-essential","non-essential"
"4759","sthE","non-essential","non-essential","non-essential","non-essential","non-essential"
"4760","sthD","non-essential","non-essential","non-essential","non-essential","non-essential"
"4761","unnamed_gene_2127","non-essential","non-essential","non-essential","non-essential","non-essential"
"4762","arcA","non-essential","non-essential","non-essential","non-essential","non-essential"
"4763","yjjY","non-essential","non-essential","non-essential","non-essential","non-essential"
"4764","lasT","non-essential","non-essential","non-essential","non-essential","non-essential"
